(5D15.8)
    2 Alpha MO OE=-0.13531360D+01
-0.20132123D+00 0.48727616D+00 0.13269231D+00 0.29345991D+00 0.34914213D-01
 0.00000000D+00 0.00000000D+00-0.44761941D-01 0.00000000D+00 0.00000000D+00
-0.63536184D-01 0.00000000D+00 0.00000000D+00-0.17243387D-01 0.00000000D+00
 0.00000000D+00-0.28189134D-02 0.97194357D-03 0.00000000D+00 0.00000000D+00
-0.36183378D-02 0.00000000D+00 0.36449177D-02 0.00000000D+00 0.00000000D+00
-0.82942966D-02 0.00000000D+00 0.78392931D-03 0.00000000D+00 0.00000000D+00
 0.32094377D-02 0.00000000D+00 0.90872011D-03 0.00000000D+00 0.00000000D+00
 0.26594915D-02 0.00000000D+00 0.00000000D+00 0.00000000D+00-0.57401546D-03
 0.00000000D+00 0.00000000D+00 0.40942422D-03 0.00000000D+00 0.00000000D+00
 0.00000000D+00 0.88550626D-01 0.74603317D-01-0.14963799D-01-0.13879416D-02
 0.00000000D+00-0.10652013D-01 0.75326802D-02 0.00000000D+00-0.78376560D-02
 0.55262359D-02 0.00000000D+00 0.51616300D-02-0.43525569D-02 0.98890867D-04
 0.00000000D+00-0.21271290D-02-0.13119032D-02 0.00000000D+00-0.17143529D-04
 0.00000000D+00 0.90491543D-03 0.50858401D-03 0.00000000D+00 0.88550626D-01
 0.74603317D-01-0.14963799D-01-0.13879416D-02 0.00000000D+00 0.10652013D-01
 0.75326802D-02 0.00000000D+00 0.78376560D-02 0.55262359D-02 0.00000000D+00
-0.51616300D-02-0.43525569D-02 0.98890867D-04 0.00000000D+00 0.21271290D-02
-0.13119032D-02 0.00000000D+00-0.17143529D-04 0.00000000D+00-0.90491543D-03
 0.50858401D-03 0.00000000D+00
    3 Alpha MO OE=-0.71568396D+00
 0.00000000D+00 0.00000000D+00 0.00000000D+00 0.00000000D+00 0.00000000D+00
 0.00000000D+00 0.28443710D+00 0.00000000D+00 0.00000000D+00 0.33924868D+00
 0.00000000D+00 0.00000000D+00 0.15684641D+00 0.00000000D+00 0.00000000D+00
 0.82521010D-02 0.00000000D+00 0.00000000D+00 0.00000000D+00-0.12746011D-01
 0.00000000D+00 0.00000000D+00 0.00000000D+00 0.00000000D+00-0.23092809D-01
 0.00000000D+00 0.00000000D+00 0.00000000D+00 0.00000000D+00-0.14065236D-03
 0.00000000D+00 0.00000000D+00 0.00000000D+00 0.00000000D+00-0.13703190D-03
 0.00000000D+00 0.00000000D+00 0.00000000D+00-0.27290844D-02 0.00000000D+00
 0.00000000D+00 0.23393909D-02 0.00000000D+00 0.00000000D+00 0.00000000D+00
-0.17547466D-02 0.14006587D+00 0.22319992D+00 0.36393196D-01-0.47224502D-02
 0.00000000D+00-0.94301249D-02 0.12793810D-01 0.00000000D+00-0.19487172D-01
 0.28344004D-01 0.00000000D+00 0.81913652D-02 0.21213845D-03 0.21521767D-02
 0.00000000D+00-0.63002151D-02-0.31640117D-02 0.00000000D+00 0.22570455D-02
 0.00000000D+00-0.26283850D-02 0.99548899D-03 0.00000000D+00-0.14006587D+00
-0.22319992D+00-0.36393196D-01 0.47224502D-02 0.00000000D+00-0.94301249D-02
-0.12793810D-01 0.00000000D+00-0.19487172D-01-0.28344004D-01 0.00000000D+00
 0.81913652D-02-0.21213845D-03-0.21521767D-02 0.00000000D+00-0.63002151D-02
 0.31640117D-02 0.00000000D+00-0.22570455D-02 0.00000000D+00-0.26283850D-02
-0.99548899D-03 0.00000000D+00
    4 Alpha MO OE=-0.58581302D+00
-0.65020691D-01 0.17645678D+00 0.52526522D-01 0.32960853D+00 0.82846948D-01
 0.00000000D+00 0.00000000D+00 0.31189466D+00 0.00000000D+00 0.00000000D+00
 0.38242931D+00 0.00000000D+00 0.00000000D+00 0.21288980D+00 0.00000000D+00
 0.00000000D+00 0.13343766D-01-0.59197901D-02 0.00000000D+00 0.00000000D+00
 0.36078181D-02 0.00000000D+00-0.16087115D-01 0.00000000D+00 0.00000000D+00
 0.11545711D-02 0.00000000D+00-0.40864809D-02 0.00000000D+00 0.00000000D+00
-0.93205150D-02 0.00000000D+00 0.64623982D-03 0.00000000D+00 0.00000000D+00
-0.27566859D-02 0.00000000D+00 0.00000000D+00 0.00000000D+00 0.16142447D-02
 0.00000000D+00 0.00000000D+00 0.45375148D-03 0.00000000D+00 0.00000000D+00
 0.00000000D+00-0.85590008D-01-0.17852689D+00-0.64053920D-01-0.18289670D-02
 0.00000000D+00 0.96660277D-02 0.13760287D-02 0.00000000D+00 0.32514282D-01
-0.14516272D-02 0.00000000D+00 0.45324296D-02 0.84485234D-02 0.19963899D-02
 0.00000000D+00 0.19540215D-02 0.32382056D-02 0.00000000D+00 0.17732419D-02
 0.00000000D+00-0.20701350D-02 0.21961808D-02 0.00000000D+00-0.85590008D-01
-0.17852689D+00-0.64053920D-01-0.18289670D-02 0.00000000D+00-0.96660277D-02
 0.13760287D-02 0.00000000D+00-0.32514282D-01-0.14516272D-02 0.00000000D+00
-0.45324296D-02 0.84485234D-02 0.19963899D-02 0.00000000D+00-0.19540215D-02
 0.32382056D-02 0.00000000D+00 0.17732419D-02 0.00000000D+00 0.20701350D-02
 0.21961808D-02 0.00000000D+00
    5 Alpha MO OE=-0.51039726D+00
 0.00000000D+00 0.00000000D+00 0.00000000D+00 0.00000000D+00 0.00000000D+00
 0.35409988D+00 0.00000000D+00 0.00000000D+00 0.45014522D+00 0.00000000D+00
 0.00000000D+00 0.32549123D+00 0.00000000D+00 0.00000000D+00 0.33210586D-01
 0.00000000D+00 0.00000000D+00 0.00000000D+00-0.58022589D-02 0.00000000D+00
 0.00000000D+00 0.00000000D+00 0.00000000D+00-0.14266437D-01 0.00000000D+00
 0.00000000D+00 0.00000000D+00 0.00000000D+00-0.53582582D-02 0.00000000D+00
 0.00000000D+00 0.00000000D+00 0.00000000D+00 0.13725744D-02 0.00000000D+00
 0.00000000D+00 0.00000000D+00-0.35300044D-02 0.00000000D+00 0.00000000D+00
 0.84285415D-03 0.00000000D+00 0.00000000D+00 0.00000000D+00-0.12571971D-02
 0.00000000D+00 0.00000000D+00 0.00000000D+00 0.00000000D+00 0.00000000D+00
 0.10664300D-01 0.00000000D+00 0.00000000D+00 0.30071444D-01 0.00000000D+00
 0.00000000D+00 0.18497906D-01 0.00000000D+00 0.00000000D+00 0.00000000D+00
 0.29228407D-02 0.00000000D+00 0.00000000D+00-0.37935868D-02 0.00000000D+00
 0.43093321D-02 0.00000000D+00 0.00000000D+00-0.60959719D-02 0.00000000D+00
 0.00000000D+00 0.00000000D+00 0.00000000D+00 0.10664300D-01 0.00000000D+00
 0.00000000D+00 0.30071444D-01 0.00000000D+00 0.00000000D+00 0.18497906D-01
 0.00000000D+00 0.00000000D+00 0.00000000D+00 0.29228407D-02 0.00000000D+00
 0.00000000D+00 0.37935868D-02 0.00000000D+00 0.43093321D-02 0.00000000D+00
 0.00000000D+00 0.60959719D-02
    6 Alpha MO OE= 0.29382565D-01
-0.22795014D-01 0.56749094D-01 0.12565597D-01 0.80368658D+00 0.23876192D+01
 0.00000000D+00 0.00000000D+00-0.28856724D-01 0.00000000D+00 0.00000000D+00
-0.72259612D-01 0.00000000D+00 0.00000000D+00-0.34969987D+00 0.00000000D+00
 0.00000000D+00-0.22163974D+00-0.20470886D-04 0.00000000D+00 0.00000000D+00
 0.95171303D-03 0.00000000D+00 0.68302910D-02 0.00000000D+00 0.00000000D+00
-0.22997496D-01 0.00000000D+00-0.12041891D-02 0.00000000D+00 0.00000000D+00
-0.55161971D-01 0.00000000D+00 0.67712572D-03 0.00000000D+00 0.00000000D+00
 0.13401215D-02 0.00000000D+00 0.00000000D+00 0.00000000D+00 0.45312673D-02
 0.00000000D+00 0.00000000D+00 0.11114317D-01 0.00000000D+00 0.00000000D+00
 0.00000000D+00-0.17188886D-02-0.24353660D+00-0.95300704D+00-0.85716161D+00
 0.00000000D+00-0.20275217D-02 0.35147255D-03 0.00000000D+00 0.79132548D-01
-0.60595542D-01 0.00000000D+00 0.21815881D+00-0.19858734D+00-0.10951964D-02
 0.00000000D+00 0.48539400D-02 0.23128548D-02 0.00000000D+00-0.31518476D-02
 0.00000000D+00 0.27356779D-01 0.19927062D-01 0.00000000D+00-0.17188886D-02
-0.24353660D+00-0.95300704D+00-0.85716161D+00 0.00000000D+00 0.20275217D-02
 0.35147255D-03 0.00000000D+00-0.79132548D-01-0.60595542D-01 0.00000000D+00
-0.21815881D+00-0.19858734D+00-0.10951964D-02 0.00000000D+00-0.48539400D-02
 0.23128548D-02 0.00000000D+00-0.31518476D-02 0.00000000D+00-0.27356779D-01
 0.19927062D-01 0.00000000D+00
    7 Alpha MO OE= 0.47715745D-01
 0.00000000D+00 0.00000000D+00 0.00000000D+00 0.00000000D+00 0.00000000D+00
 0.00000000D+00-0.28939688D-01 0.00000000D+00 0.00000000D+00-0.74288598D-01
 0.00000000D+00 0.00000000D+00-0.53614324D+00 0.00000000D+00 0.00000000D+00
-0.11326911D+01 0.00000000D+00 0.00000000D+00 0.00000000D+00-0.18989926D-04
 0.00000000D+00 0.00000000D+00 0.00000000D+00 0.00000000D+00 0.30144415D-01
 0.00000000D+00 0.00000000D+00 0.00000000D+00 0.00000000D+00 0.12766704D+00
 0.00000000D+00 0.00000000D+00 0.00000000D+00 0.00000000D+00-0.90115650D-03
 0.00000000D+00 0.00000000D+00 0.00000000D+00 0.22472608D-03 0.00000000D+00
 0.00000000D+00-0.41052580D-02 0.00000000D+00 0.00000000D+00 0.00000000D+00
 0.91499932D-02-0.63792595D-02 0.25773583D+00 0.13794259D+01 0.34330676D+01
 0.00000000D+00-0.61348770D-03-0.12279369D-02 0.00000000D+00-0.65991348D-01
 0.70892883D-01 0.00000000D+00-0.27961030D+00 0.32504550D+00-0.26580979D-04
 0.00000000D+00-0.45687867D-02-0.35824369D-02 0.00000000D+00 0.15167779D-01
 0.00000000D+00-0.32604254D-01-0.30173126D-02 0.00000000D+00 0.63792595D-02
-0.25773583D+00-0.13794259D+01-0.34330676D+01 0.00000000D+00-0.61348770D-03
 0.12279369D-02 0.00000000D+00-0.65991348D-01-0.70892883D-01 0.00000000D+00
-0.27961030D+00-0.32504550D+00 0.26580979D-04 0.00000000D+00-0.45687867D-02
 0.35824369D-02 0.00000000D+00-0.15167779D-01 0.00000000D+00-0.32604254D-01
 0.30173126D-02 0.00000000D+00
    8 Alpha MO OE= 0.13586559D+00
 0.14328720D-01-0.57305067D-01-0.18530738D-01 0.15762712D+01 0.67193811D+01
 0.00000000D+00 0.00000000D+00 0.90151143D-01 0.00000000D+00 0.00000000D+00
 0.35028859D-01 0.00000000D+00 0.00000000D+00-0.42054508D+00 0.00000000D+00
 0.00000000D+00-0.20581248D+01-0.16796377D-03 0.00000000D+00 0.00000000D+00
-0.77967595D-03 0.00000000D+00-0.81434239D-02 0.00000000D+00 0.00000000D+00
-0.18695334D-01 0.00000000D+00 0.86158353D-01 0.00000000D+00 0.00000000D+00
-0.59854189D-01 0.00000000D+00 0.19412940D-02 0.00000000D+00 0.00000000D+00
 0.24490314D-02 0.00000000D+00 0.00000000D+00 0.00000000D+00-0.44483286D-02
 0.00000000D+00 0.00000000D+00-0.44048736D-02 0.00000000D+00 0.00000000D+00
 0.00000000D+00 0.71038634D-03-0.24606069D+00-0.32256867D+01-0.73350084D+00
 0.00000000D+00 0.57062605D-03-0.10066280D-03 0.00000000D+00 0.20942719D+00
-0.13540552D+00 0.00000000D+00 0.76622570D+00-0.46891653D+00-0.17229700D-02
 0.00000000D+00 0.10457552D-01 0.82992322D-02 0.00000000D+00 0.15152234D-01
 0.00000000D+00 0.85363444D-01 0.58006672D-01 0.00000000D+00 0.71038634D-03
-0.24606069D+00-0.32256867D+01-0.73350084D+00 0.00000000D+00-0.57062605D-03
-0.10066280D-03 0.00000000D+00-0.20942719D+00-0.13540552D+00 0.00000000D+00
-0.76622570D+00-0.46891653D+00-0.17229700D-02 0.00000000D+00-0.10457552D-01
 0.82992322D-02 0.00000000D+00 0.15152234D-01 0.00000000D+00-0.85363444D-01
 0.58006672D-01 0.00000000D+00
    9 Alpha MO OE= 0.15870028D+00
 0.00000000D+00 0.00000000D+00 0.00000000D+00 0.00000000D+00 0.00000000D+00
-0.87508360D-01 0.00000000D+00 0.00000000D+00-0.80432142D-01 0.00000000D+00
 0.00000000D+00 0.44023346D-01 0.00000000D+00 0.00000000D+00 0.18244004D+01
 0.00000000D+00 0.00000000D+00 0.00000000D+00-0.18944444D-02 0.00000000D+00
 0.00000000D+00 0.00000000D+00 0.00000000D+00 0.28286935D-01 0.00000000D+00
 0.00000000D+00 0.00000000D+00 0.00000000D+00-0.20563963D+00 0.00000000D+00
 0.00000000D+00 0.00000000D+00 0.00000000D+00-0.23168487D-02 0.00000000D+00
 0.00000000D+00 0.00000000D+00 0.40539235D-02 0.00000000D+00 0.00000000D+00
 0.82023677D-02 0.00000000D+00 0.00000000D+00 0.00000000D+00-0.11144364D-01
 0.00000000D+00 0.00000000D+00 0.00000000D+00 0.00000000D+00 0.00000000D+00
 0.50382216D-03 0.00000000D+00 0.00000000D+00-0.39949437D-01 0.00000000D+00
 0.00000000D+00-0.56604216D+00 0.00000000D+00 0.00000000D+00 0.00000000D+00
 0.24459792D-02 0.00000000D+00 0.00000000D+00-0.20232813D-02 0.00000000D+00
-0.43509824D-01 0.00000000D+00 0.00000000D+00 0.68512830D-01 0.00000000D+00
 0.00000000D+00 0.00000000D+00 0.00000000D+00 0.50382216D-03 0.00000000D+00
 0.00000000D+00-0.39949437D-01 0.00000000D+00 0.00000000D+00-0.56604216D+00
 0.00000000D+00 0.00000000D+00 0.00000000D+00 0.24459792D-02 0.00000000D+00
 0.00000000D+00 0.20232813D-02 0.00000000D+00-0.43509824D-01 0.00000000D+00
 0.00000000D+00-0.68512830D-01
   10 Alpha MO OE= 0.17528511D+00
 0.49861228D-01-0.13651503D+00-0.55856589D-01 0.16510817D+01 0.40381854D+01
 0.00000000D+00 0.00000000D+00 0.17872163D-01 0.00000000D+00 0.00000000D+00
-0.60503765D-01 0.00000000D+00 0.00000000D+00-0.56422575D+00 0.00000000D+00
 0.00000000D+00 0.92024334D+00-0.22038114D-02 0.00000000D+00 0.00000000D+00
 0.25806225D-02 0.00000000D+00 0.17136347D-01 0.00000000D+00 0.00000000D+00
-0.72435096D-01 0.00000000D+00-0.12284879D+00 0.00000000D+00 0.00000000D+00
-0.98822540D-01 0.00000000D+00 0.13445081D-02 0.00000000D+00 0.00000000D+00
 0.39403520D-02 0.00000000D+00 0.00000000D+00 0.00000000D+00 0.20024764D-01
 0.00000000D+00 0.00000000D+00 0.25158230D-01 0.00000000D+00 0.00000000D+00
 0.00000000D+00 0.29831354D-01-0.49961841D+00-0.12085089D+01-0.69896153D+00
 0.00000000D+00 0.12341818D-01-0.78397442D-02 0.00000000D+00 0.18739533D+00
-0.18626653D+00 0.00000000D+00 0.78511625D+00-0.90343877D+00-0.26754187D-02
 0.00000000D+00 0.14231935D-01 0.39408002D-02 0.00000000D+00-0.25164915D-01
 0.00000000D+00 0.10904637D+00 0.64289167D-01 0.00000000D+00 0.29831354D-01
-0.49961841D+00-0.12085089D+01-0.69896153D+00 0.00000000D+00-0.12341818D-01
-0.78397442D-02 0.00000000D+00-0.18739533D+00-0.18626653D+00 0.00000000D+00
-0.78511625D+00-0.90343877D+00-0.26754187D-02 0.00000000D+00-0.14231935D-01
 0.39408002D-02 0.00000000D+00-0.25164915D-01 0.00000000D+00-0.10904637D+00
 0.64289167D-01 0.00000000D+00
   11 Alpha MO OE= 0.18312808D+00
 0.00000000D+00 0.00000000D+00 0.00000000D+00 0.00000000D+00 0.00000000D+00
 0.00000000D+00 0.93731883D-01 0.00000000D+00 0.00000000D+00-0.66305291D-03
 0.00000000D+00 0.00000000D+00-0.16215185D+01 0.00000000D+00 0.00000000D+00
-0.36288792D+01 0.00000000D+00 0.00000000D+00 0.00000000D+00-0.40270609D-02
 0.00000000D+00 0.00000000D+00 0.00000000D+00 0.00000000D+00 0.89325199D-01
 0.00000000D+00 0.00000000D+00 0.00000000D+00 0.00000000D+00 0.46613525D+00
 0.00000000D+00 0.00000000D+00 0.00000000D+00 0.00000000D+00-0.28611073D-02
 0.00000000D+00 0.00000000D+00 0.00000000D+00-0.10668619D-02 0.00000000D+00
 0.00000000D+00-0.14474692D-01 0.00000000D+00 0.00000000D+00 0.00000000D+00
 0.29156395D-01 0.90547337D-05 0.91551026D+00 0.49027786D+01 0.33608405D+01
 0.00000000D+00-0.11159911D-01 0.49322153D-02 0.00000000D+00-0.24595317D+00
 0.25944878D+00 0.00000000D+00-0.11147145D+01 0.12125802D+01 0.18267488D-02
 0.00000000D+00-0.17050196D-01-0.12651574D-01 0.00000000D+00 0.49120400D-01
 0.00000000D+00-0.94760157D-01 0.10096884D-01 0.00000000D+00-0.90547337D-05
-0.91551026D+00-0.49027786D+01-0.33608405D+01 0.00000000D+00-0.11159911D-01
-0.49322153D-02 0.00000000D+00-0.24595317D+00-0.25944878D+00 0.00000000D+00
-0.11147145D+01-0.12125802D+01-0.18267488D-02 0.00000000D+00-0.17050196D-01
 0.12651574D-01 0.00000000D+00-0.49120400D-01 0.00000000D+00-0.94760157D-01
-0.10096884D-01 0.00000000D+00
   12 Alpha MO OE= 0.22727228D+00
 0.00000000D+00 0.00000000D+00 0.00000000D+00 0.00000000D+00 0.00000000D+00
 0.00000000D+00 0.67381325D-01 0.00000000D+00 0.00000000D+00 0.30557087D-01
 0.00000000D+00 0.00000000D+00 0.81668575D+00 0.00000000D+00 0.00000000D+00
 0.16934264D+01 0.00000000D+00 0.00000000D+00 0.00000000D+00 0.39491954D-02
 0.00000000D+00 0.00000000D+00 0.00000000D+00 0.00000000D+00 0.18546967D-01
 0.00000000D+00 0.00000000D+00 0.00000000D+00 0.00000000D+00-0.69317578D+00
 0.00000000D+00 0.00000000D+00 0.00000000D+00 0.00000000D+00-0.81157217D-02
 0.00000000D+00 0.00000000D+00 0.00000000D+00 0.44585848D-02 0.00000000D+00
 0.00000000D+00 0.53749551D-01 0.00000000D+00 0.00000000D+00 0.00000000D+00
-0.27429151D-01-0.40747142D-01-0.67109304D+00 0.48695801D-01-0.63014122D-01
 0.00000000D+00-0.29604811D-03 0.91899782D-02 0.00000000D+00-0.34839757D-02
 0.24146115D-01 0.00000000D+00-0.13080546D+01 0.79241500D+00 0.15924543D-02
 0.00000000D+00-0.27382799D-02 0.18458211D-02 0.00000000D+00 0.49741006D-01
 0.00000000D+00-0.15241298D+00-0.15577513D+00 0.00000000D+00 0.40747142D-01
 0.67109304D+00-0.48695801D-01 0.63014122D-01 0.00000000D+00-0.29604811D-03
-0.91899782D-02 0.00000000D+00-0.34839757D-02-0.24146115D-01 0.00000000D+00
-0.13080546D+01-0.79241500D+00-0.15924543D-02 0.00000000D+00-0.27382799D-02
-0.18458211D-02 0.00000000D+00-0.49741006D-01 0.00000000D+00-0.15241298D+00
 0.15577513D+00 0.00000000D+00
   13 Alpha MO OE= 0.24506144D+00
-0.52403400D-02-0.13258055D-01-0.40945730D-02 0.16576603D+00 0.26411896D+01
 0.00000000D+00 0.00000000D+00-0.38660448D-04 0.00000000D+00 0.00000000D+00
 0.17667035D-03 0.00000000D+00 0.00000000D+00 0.79638790D+00 0.00000000D+00
 0.00000000D+00 0.58232119D+00 0.65706192D-02 0.00000000D+00 0.00000000D+00
 0.42925728D-02 0.00000000D+00-0.36192007D-01 0.00000000D+00 0.00000000D+00
-0.13623748D-01 0.00000000D+00-0.64113364D+00 0.00000000D+00 0.00000000D+00
-0.52274745D+00 0.00000000D+00-0.59995861D-02 0.00000000D+00 0.00000000D+00
-0.20858318D-02 0.00000000D+00 0.00000000D+00 0.00000000D+00 0.64496657D-01
 0.00000000D+00 0.00000000D+00 0.26476087D-01 0.00000000D+00 0.00000000D+00
 0.00000000D+00-0.31528779D-01-0.13788441D+00-0.14142051D+01-0.89924557D-01
 0.00000000D+00 0.45646343D-02 0.58088194D-02 0.00000000D+00-0.17844485D+00
-0.28064353D+00 0.00000000D+00-0.89098732D+00-0.10742832D+01-0.38657431D-02
 0.00000000D+00 0.97776354D-02-0.73424703D-02 0.00000000D+00-0.25781640D+00
 0.00000000D+00 0.24448695D-01-0.13668363D+00 0.00000000D+00-0.31528779D-01
-0.13788441D+00-0.14142051D+01-0.89924557D-01 0.00000000D+00-0.45646343D-02
 0.58088194D-02 0.00000000D+00 0.17844485D+00-0.28064353D+00 0.00000000D+00
 0.89098732D+00-0.10742832D+01-0.38657431D-02 0.00000000D+00-0.97776354D-02
-0.73424703D-02 0.00000000D+00-0.25781640D+00 0.00000000D+00-0.24448695D-01
-0.13668363D+00 0.00000000D+00
   14 Alpha MO OE= 0.26548883D+00
 0.00000000D+00 0.00000000D+00 0.00000000D+00 0.00000000D+00 0.00000000D+00
 0.00000000D+00 0.00000000D+00 0.00000000D+00 0.00000000D+00 0.00000000D+00
 0.00000000D+00 0.00000000D+00 0.00000000D+00 0.00000000D+00 0.00000000D+00
 0.00000000D+00 0.00000000D+00 0.00000000D+00 0.00000000D+00 0.00000000D+00
 0.00000000D+00 0.53428441D-02 0.00000000D+00 0.00000000D+00 0.00000000D+00
 0.00000000D+00-0.13582933D-01 0.00000000D+00 0.00000000D+00 0.00000000D+00
 0.00000000D+00-0.69326031D+00 0.00000000D+00 0.00000000D+00 0.00000000D+00
 0.00000000D+00-0.11827175D-01 0.00000000D+00 0.00000000D+00 0.00000000D+00
 0.00000000D+00 0.00000000D+00 0.00000000D+00 0.97681079D-01 0.00000000D+00
 0.00000000D+00 0.00000000D+00 0.00000000D+00 0.00000000D+00 0.00000000D+00
-0.14375656D-02 0.00000000D+00 0.00000000D+00 0.28116506D+00 0.00000000D+00
 0.00000000D+00 0.17985122D+01 0.00000000D+00 0.00000000D+00 0.00000000D+00
 0.34090653D-02 0.00000000D+00 0.00000000D+00-0.46815102D-02 0.00000000D+00
 0.22268071D+00 0.00000000D+00 0.00000000D+00-0.24918814D+00 0.00000000D+00
 0.00000000D+00 0.00000000D+00 0.00000000D+00 0.14375656D-02 0.00000000D+00
 0.00000000D+00-0.28116506D+00 0.00000000D+00 0.00000000D+00-0.17985122D+01
 0.00000000D+00 0.00000000D+00 0.00000000D+00-0.34090653D-02 0.00000000D+00
 0.00000000D+00-0.46815102D-02 0.00000000D+00-0.22268071D+00 0.00000000D+00
 0.00000000D+00-0.24918814D+00
   15 Alpha MO OE= 0.29990531D+00
 0.00000000D+00 0.00000000D+00 0.00000000D+00 0.00000000D+00 0.00000000D+00
 0.85246954D-01 0.00000000D+00 0.00000000D+00 0.53633807D-01 0.00000000D+00
 0.00000000D+00 0.19486828D+01 0.00000000D+00 0.00000000D+00 0.19242564D+01
 0.00000000D+00 0.00000000D+00 0.00000000D+00 0.64679506D-02 0.00000000D+00
 0.00000000D+00 0.00000000D+00 0.00000000D+00-0.34335306D-01 0.00000000D+00
 0.00000000D+00 0.00000000D+00 0.00000000D+00-0.57165058D+00 0.00000000D+00
 0.00000000D+00 0.00000000D+00 0.00000000D+00-0.56649428D-02 0.00000000D+00
 0.00000000D+00 0.00000000D+00 0.82469670D-02 0.00000000D+00 0.00000000D+00
 0.44019097D-01 0.00000000D+00 0.00000000D+00 0.00000000D+00-0.88025342D-01
 0.00000000D+00 0.00000000D+00 0.00000000D+00 0.00000000D+00 0.00000000D+00
 0.72815664D-02 0.00000000D+00 0.00000000D+00-0.34080756D+00 0.00000000D+00
 0.00000000D+00-0.18997776D+01 0.00000000D+00 0.00000000D+00 0.00000000D+00
-0.59453395D-02 0.00000000D+00 0.00000000D+00 0.79592510D-02 0.00000000D+00
-0.19461536D+00 0.00000000D+00 0.00000000D+00 0.30861885D+00 0.00000000D+00
 0.00000000D+00 0.00000000D+00 0.00000000D+00 0.72815664D-02 0.00000000D+00
 0.00000000D+00-0.34080756D+00 0.00000000D+00 0.00000000D+00-0.18997776D+01
 0.00000000D+00 0.00000000D+00 0.00000000D+00-0.59453395D-02 0.00000000D+00
 0.00000000D+00-0.79592510D-02 0.00000000D+00-0.19461536D+00 0.00000000D+00
 0.00000000D+00-0.30861885D+00
   16 Alpha MO OE= 0.31008157D+00
 0.10465940D-01-0.78449127D-01-0.47191616D-01 0.14845455D+01 0.71468482D+01
 0.00000000D+00 0.00000000D+00-0.84411711D-01 0.00000000D+00 0.00000000D+00
-0.18029614D+00 0.00000000D+00 0.00000000D+00-0.24897490D+01 0.00000000D+00
 0.00000000D+00-0.24305406D+01-0.49761860D-02 0.00000000D+00 0.00000000D+00
 0.44670219D-02 0.00000000D+00 0.46737921D-01 0.00000000D+00 0.00000000D+00
-0.60525494D-01 0.00000000D+00 0.45372895D+00 0.00000000D+00 0.00000000D+00
-0.35454662D+00 0.00000000D+00 0.51728853D-02 0.00000000D+00 0.00000000D+00
-0.23581047D-02 0.00000000D+00 0.00000000D+00 0.00000000D+00-0.13920555D-01
 0.00000000D+00 0.00000000D+00 0.86130314D-01 0.00000000D+00 0.00000000D+00
 0.00000000D+00-0.14160491D-01-0.13934624D+01-0.37344978D+01-0.27079365D+00
 0.00000000D+00-0.26170109D-02-0.98404015D-02 0.00000000D+00 0.47703110D+00
-0.86262039D-01 0.00000000D+00 0.24964487D-01 0.89508965D+00 0.20942009D-02
 0.00000000D+00 0.18197995D-01 0.23236670D-01 0.00000000D+00 0.94913500D-01
 0.00000000D+00-0.14937176D+00 0.35358891D-02 0.00000000D+00-0.14160491D-01
-0.13934624D+01-0.37344978D+01-0.27079365D+00 0.00000000D+00 0.26170109D-02
-0.98404015D-02 0.00000000D+00-0.47703110D+00-0.86262039D-01 0.00000000D+00
-0.24964487D-01 0.89508965D+00 0.20942009D-02 0.00000000D+00-0.18197995D-01
 0.23236670D-01 0.00000000D+00 0.94913500D-01 0.00000000D+00 0.14937176D+00
 0.35358891D-02 0.00000000D+00
   17 Alpha MO OE= 0.36590989D+00
 0.00000000D+00 0.00000000D+00 0.00000000D+00 0.00000000D+00 0.00000000D+00
 0.00000000D+00-0.13171221D-01 0.00000000D+00 0.00000000D+00 0.19755912D-01
 0.00000000D+00 0.00000000D+00-0.12071537D+01 0.00000000D+00 0.00000000D+00
-0.32075565D+01 0.00000000D+00 0.00000000D+00 0.00000000D+00 0.21782650D-02
 0.00000000D+00 0.00000000D+00 0.00000000D+00 0.00000000D+00-0.13959147D-01
 0.00000000D+00 0.00000000D+00 0.00000000D+00 0.00000000D+00 0.12592433D+00
 0.00000000D+00 0.00000000D+00 0.00000000D+00 0.00000000D+00-0.72937827D-02
 0.00000000D+00 0.00000000D+00 0.00000000D+00-0.41352242D-02 0.00000000D+00
 0.00000000D+00 0.61578836D-01 0.00000000D+00 0.00000000D+00 0.00000000D+00
 0.36966261D-01-0.18522465D-01 0.34520851D+00-0.43053617D+01 0.67255390D+00
 0.00000000D+00-0.68678463D-02-0.35436419D-02 0.00000000D+00 0.22874637D+00
 0.16608688D+00 0.00000000D+00 0.44933645D+01 0.18478962D+01 0.49844212D-02
 0.00000000D+00 0.11593586D-01-0.40967504D-02 0.00000000D+00 0.32164957D+00
 0.00000000D+00-0.15001900D+00 0.41147534D+00 0.00000000D+00 0.18522465D-01
-0.34520851D+00 0.43053617D+01-0.67255390D+00 0.00000000D+00-0.68678463D-02
 0.35436419D-02 0.00000000D+00 0.22874637D+00-0.16608688D+00 0.00000000D+00
 0.44933645D+01-0.18478962D+01-0.49844212D-02 0.00000000D+00 0.11593586D-01
 0.40967504D-02 0.00000000D+00-0.32164957D+00 0.00000000D+00-0.15001900D+00
-0.41147534D+00 0.00000000D+00
   18 Alpha MO OE= 0.43781666D+00
-0.66723258D-01 0.18364763D+00 0.53143696D-01 0.52817636D+01 0.10715794D+02
 0.00000000D+00 0.00000000D+00-0.10456227D+00 0.00000000D+00 0.00000000D+00
-0.35254289D+00 0.00000000D+00 0.00000000D+00-0.76744759D+00 0.00000000D+00
 0.00000000D+00-0.90660352D+00 0.22358974D-02 0.00000000D+00 0.00000000D+00
 0.42589862D-02 0.00000000D+00 0.12181507D-01 0.00000000D+00 0.00000000D+00
-0.66417230D-01 0.00000000D+00-0.88213051D-01 0.00000000D+00 0.00000000D+00
 0.28136605D+00 0.00000000D+00 0.46706152D-02 0.00000000D+00 0.00000000D+00
 0.15892513D-01 0.00000000D+00 0.00000000D+00 0.00000000D+00-0.12111523D-01
 0.00000000D+00 0.00000000D+00-0.62537876D-01 0.00000000D+00 0.00000000D+00
 0.00000000D+00-0.33876664D-01-0.21987362D+00-0.65821598D+01-0.70127015D+00
 0.00000000D+00-0.16191211D-01 0.13981975D-01 0.00000000D+00 0.33286549D+00
-0.31264837D+00 0.00000000D+00 0.22028605D+01-0.18636290D+01-0.69152858D-02
 0.00000000D+00 0.21324604D-01 0.77310631D-02 0.00000000D+00-0.68092352D-02
 0.00000000D+00 0.39675019D+00 0.25139942D+00 0.00000000D+00-0.33876664D-01
-0.21987362D+00-0.65821598D+01-0.70127015D+00 0.00000000D+00 0.16191211D-01
 0.13981975D-01 0.00000000D+00-0.33286549D+00-0.31264837D+00 0.00000000D+00
-0.22028605D+01-0.18636290D+01-0.69152858D-02 0.00000000D+00-0.21324604D-01
 0.77310631D-02 0.00000000D+00-0.68092352D-02 0.00000000D+00-0.39675019D+00
 0.25139942D+00 0.00000000D+00
   19 Alpha MO OE= 0.46646911D+00
 0.00000000D+00 0.00000000D+00 0.00000000D+00 0.00000000D+00 0.00000000D+00
 0.00000000D+00-0.16589752D+00 0.00000000D+00 0.00000000D+00-0.49507787D+00
 0.00000000D+00 0.00000000D+00-0.32347195D+01 0.00000000D+00 0.00000000D+00
-0.29663591D+01 0.00000000D+00 0.00000000D+00 0.00000000D+00-0.74300807D-02
 0.00000000D+00 0.00000000D+00 0.00000000D+00 0.00000000D+00 0.19852630D+00
 0.00000000D+00 0.00000000D+00 0.00000000D+00 0.00000000D+00 0.11677785D+00
 0.00000000D+00 0.00000000D+00 0.00000000D+00 0.00000000D+00-0.12484397D-01
 0.00000000D+00 0.00000000D+00 0.00000000D+00 0.77807947D-02 0.00000000D+00
 0.00000000D+00 0.38616740D-01 0.00000000D+00 0.00000000D+00 0.00000000D+00
 0.26986608D-01 0.20736048D-01 0.12049775D+01 0.11493064D+02 0.20729944D+01
 0.00000000D+00-0.31744822D-03-0.49096623D-02 0.00000000D+00-0.45521804D+00
 0.49854327D+00 0.00000000D+00-0.35526471D+01 0.24347775D+01 0.54645722D-02
 0.00000000D+00-0.37051123D-01-0.24083002D-01 0.00000000D+00 0.10421673D+00
 0.00000000D+00-0.31715805D+00-0.15810434D+00 0.00000000D+00-0.20736048D-01
-0.12049775D+01-0.11493064D+02-0.20729944D+01 0.00000000D+00-0.31744822D-03
 0.49096623D-02 0.00000000D+00-0.45521804D+00-0.49854327D+00 0.00000000D+00
-0.35526471D+01-0.24347775D+01-0.54645722D-02 0.00000000D+00-0.37051123D-01
 0.24083002D-01 0.00000000D+00-0.10421673D+00 0.00000000D+00-0.31715805D+00
 0.15810434D+00 0.00000000D+00
   20 Alpha MO OE= 0.59919188D+00
 0.00000000D+00 0.00000000D+00 0.00000000D+00 0.00000000D+00 0.00000000D+00
 0.00000000D+00 0.71570146D-01 0.00000000D+00 0.00000000D+00 0.75226432D-02
 0.00000000D+00 0.00000000D+00-0.39089321D+01 0.00000000D+00 0.00000000D+00
-0.22714135D+01 0.00000000D+00 0.00000000D+00 0.00000000D+00 0.12529142D-01
 0.00000000D+00 0.00000000D+00 0.00000000D+00 0.00000000D+00 0.22090093D+00
 0.00000000D+00 0.00000000D+00 0.00000000D+00 0.00000000D+00 0.24899606D+01
 0.00000000D+00 0.00000000D+00 0.00000000D+00 0.00000000D+00 0.99313355D-02
 0.00000000D+00 0.00000000D+00 0.00000000D+00-0.66794572D-02 0.00000000D+00
 0.00000000D+00-0.18010791D+00 0.00000000D+00 0.00000000D+00 0.00000000D+00
 0.89715521D-01-0.10879665D+00 0.24504974D+01 0.69722024D+01 0.86000271D+00
 0.00000000D+00-0.14071656D-01 0.42642680D-02 0.00000000D+00-0.53466092D+00
 0.39300586D+00 0.00000000D+00-0.13889299D+01 0.91359077D-01-0.33015808D-02
 0.00000000D+00-0.24466423D-01-0.20190468D-01 0.00000000D+00-0.19110855D+00
 0.00000000D+00 0.30910751D+00 0.16578810D+00 0.00000000D+00 0.10879665D+00
-0.24504974D+01-0.69722024D+01-0.86000271D+00 0.00000000D+00-0.14071656D-01
-0.42642680D-02 0.00000000D+00-0.53466092D+00-0.39300586D+00 0.00000000D+00
-0.13889299D+01-0.91359077D-01 0.33015808D-02 0.00000000D+00-0.24466423D-01
 0.20190468D-01 0.00000000D+00 0.19110855D+00 0.00000000D+00 0.30910751D+00
-0.16578810D+00 0.00000000D+00
   21 Alpha MO OE= 0.65892513D+00
 0.12821976D-02-0.90736942D-01-0.25356064D-01 0.14583762D+01 0.46876987D+01
 0.00000000D+00 0.00000000D+00-0.68021930D-02 0.00000000D+00 0.00000000D+00
-0.79016672D-01 0.00000000D+00 0.00000000D+00 0.13982142D+01 0.00000000D+00
 0.00000000D+00-0.28805405D+00 0.39003056D-02 0.00000000D+00 0.00000000D+00
-0.16795097D-01 0.00000000D+00-0.13626137D+00 0.00000000D+00 0.00000000D+00
-0.97669513D-01 0.00000000D+00-0.13481890D+01 0.00000000D+00 0.00000000D+00
-0.14129246D+01 0.00000000D+00-0.84389081D-02 0.00000000D+00 0.00000000D+00
 0.18878143D-02 0.00000000D+00 0.00000000D+00 0.00000000D+00 0.13599395D+00
 0.00000000D+00 0.00000000D+00 0.54329978D-01 0.00000000D+00 0.00000000D+00
 0.00000000D+00 0.57440556D-01-0.94302077D-01-0.30581752D+01-0.13316356D+00
 0.00000000D+00 0.20673970D-01 0.33476647D-01 0.00000000D+00-0.11463782D+00
-0.65335249D+00 0.00000000D+00-0.48077231D+00-0.11531711D+01-0.10253493D-01
 0.00000000D+00 0.24901075D-01-0.88302595D-02 0.00000000D+00-0.59537640D+00
 0.00000000D+00 0.10921517D+00-0.33759617D+00 0.00000000D+00 0.57440556D-01
-0.94302077D-01-0.30581752D+01-0.13316356D+00 0.00000000D+00-0.20673970D-01
 0.33476647D-01 0.00000000D+00 0.11463782D+00-0.65335249D+00 0.00000000D+00
 0.48077231D+00-0.11531711D+01-0.10253493D-01 0.00000000D+00-0.24901075D-01
-0.88302595D-02 0.00000000D+00-0.59537640D+00 0.00000000D+00-0.10921517D+00
-0.33759617D+00 0.00000000D+00
   22 Alpha MO OE= 0.70788996D+00
 0.61964365D-02-0.10571063D+00-0.30446602D-01 0.17443028D+01 0.42029271D+01
 0.00000000D+00 0.00000000D+00 0.27713337D-01 0.00000000D+00 0.00000000D+00
-0.97061382D-01 0.00000000D+00 0.00000000D+00-0.21829330D+01 0.00000000D+00
 0.00000000D+00-0.18157615D+01 0.19841907D-01 0.00000000D+00 0.00000000D+00
-0.22256913D-01 0.00000000D+00 0.25518861D-01 0.00000000D+00 0.00000000D+00
 0.33912726D-01 0.00000000D+00 0.14369292D+01 0.00000000D+00 0.00000000D+00
-0.26520592D+00 0.00000000D+00 0.16657567D-02 0.00000000D+00 0.00000000D+00
-0.26019993D-02 0.00000000D+00 0.00000000D+00 0.00000000D+00-0.44133153D-01
 0.00000000D+00 0.00000000D+00 0.36244134D-01 0.00000000D+00 0.00000000D+00
 0.00000000D+00 0.64385265D-01-0.69311314D+00-0.26799200D+01-0.92287783D-01
 0.00000000D+00-0.25234796D-01-0.16441989D-01 0.00000000D+00 0.54268949D+00
 0.77442994D-01 0.00000000D+00 0.50616704D+00 0.74356737D+00-0.65636210D-02
 0.00000000D+00 0.23670781D-02 0.20955929D-01 0.00000000D+00 0.46691518D+00
 0.00000000D+00-0.28088468D-02 0.82638096D-01 0.00000000D+00 0.64385265D-01
-0.69311314D+00-0.26799200D+01-0.92287783D-01 0.00000000D+00 0.25234796D-01
-0.16441989D-01 0.00000000D+00-0.54268949D+00 0.77442994D-01 0.00000000D+00
-0.50616704D+00 0.74356737D+00-0.65636210D-02 0.00000000D+00-0.23670781D-02
 0.20955929D-01 0.00000000D+00 0.46691518D+00 0.00000000D+00 0.28088468D-02
 0.82638096D-01 0.00000000D+00
   23 Alpha MO OE= 0.72277950D+00
 0.00000000D+00 0.00000000D+00 0.00000000D+00 0.00000000D+00 0.00000000D+00
 0.00000000D+00 0.00000000D+00 0.00000000D+00 0.00000000D+00 0.00000000D+00
 0.00000000D+00 0.00000000D+00 0.00000000D+00 0.00000000D+00 0.00000000D+00
 0.00000000D+00 0.00000000D+00 0.00000000D+00 0.00000000D+00 0.00000000D+00
 0.00000000D+00 0.14663491D-01 0.00000000D+00 0.00000000D+00 0.00000000D+00
 0.00000000D+00 0.10622530D+00 0.00000000D+00 0.00000000D+00 0.00000000D+00
 0.00000000D+00 0.20620416D+01 0.00000000D+00 0.00000000D+00 0.00000000D+00
 0.00000000D+00 0.23337342D-01 0.00000000D+00 0.00000000D+00 0.00000000D+00
 0.00000000D+00 0.00000000D+00 0.00000000D+00-0.25451180D+00 0.00000000D+00
 0.00000000D+00 0.00000000D+00 0.00000000D+00 0.00000000D+00 0.00000000D+00
 0.36198353D-01 0.00000000D+00 0.00000000D+00-0.66313597D+00 0.00000000D+00
 0.00000000D+00-0.17004674D+01 0.00000000D+00 0.00000000D+00 0.00000000D+00
-0.13275061D-01 0.00000000D+00 0.00000000D+00 0.15450272D-01 0.00000000D+00
-0.52261538D+00 0.00000000D+00 0.00000000D+00 0.71037100D+00 0.00000000D+00
 0.00000000D+00 0.00000000D+00 0.00000000D+00-0.36198353D-01 0.00000000D+00
 0.00000000D+00 0.66313597D+00 0.00000000D+00 0.00000000D+00 0.17004674D+01
 0.00000000D+00 0.00000000D+00 0.00000000D+00 0.13275061D-01 0.00000000D+00
 0.00000000D+00 0.15450272D-01 0.00000000D+00 0.52261538D+00 0.00000000D+00
 0.00000000D+00 0.71037100D+00
   24 Alpha MO OE= 0.73155860D+00
 0.00000000D+00 0.00000000D+00 0.00000000D+00 0.00000000D+00 0.00000000D+00
 0.10820740D-01 0.00000000D+00 0.00000000D+00 0.67025139D-01 0.00000000D+00
 0.00000000D+00 0.20944068D+01 0.00000000D+00 0.00000000D+00 0.14671029D+01
 0.00000000D+00 0.00000000D+00 0.00000000D+00-0.27727719D-01 0.00000000D+00
 0.00000000D+00 0.00000000D+00 0.00000000D+00 0.54324784D-02 0.00000000D+00
 0.00000000D+00 0.00000000D+00 0.00000000D+00-0.15015299D+01 0.00000000D+00
 0.00000000D+00 0.00000000D+00 0.00000000D+00 0.72305932D-03 0.00000000D+00
 0.00000000D+00 0.00000000D+00 0.20896618D-01 0.00000000D+00 0.00000000D+00
 0.30966568D-01 0.00000000D+00 0.00000000D+00 0.00000000D+00-0.15539590D+00
 0.00000000D+00 0.00000000D+00 0.00000000D+00 0.00000000D+00 0.00000000D+00
 0.33567751D-01 0.00000000D+00 0.00000000D+00-0.47957400D+00 0.00000000D+00
 0.00000000D+00-0.14606135D+01 0.00000000D+00 0.00000000D+00 0.00000000D+00
 0.29818645D-02 0.00000000D+00 0.00000000D+00 0.90694170D-02 0.00000000D+00
-0.51480485D+00 0.00000000D+00 0.00000000D+00 0.33162969D+00 0.00000000D+00
 0.00000000D+00 0.00000000D+00 0.00000000D+00 0.33567751D-01 0.00000000D+00
 0.00000000D+00-0.47957400D+00 0.00000000D+00 0.00000000D+00-0.14606135D+01
 0.00000000D+00 0.00000000D+00 0.00000000D+00 0.29818645D-02 0.00000000D+00
 0.00000000D+00-0.90694170D-02 0.00000000D+00-0.51480485D+00 0.00000000D+00
 0.00000000D+00-0.33162969D+00
   25 Alpha MO OE= 0.83148078D+00
-0.34336860D-01 0.87292279D-01-0.15488801D-01 0.40080691D+01 0.26639553D+00
 0.00000000D+00 0.00000000D+00-0.20499532D-02 0.00000000D+00 0.00000000D+00
-0.18232559D+00 0.00000000D+00 0.00000000D+00-0.17401151D+01 0.00000000D+00
 0.00000000D+00 0.41960510D+00-0.19333815D-02 0.00000000D+00 0.00000000D+00
 0.71925913D-02 0.00000000D+00-0.47641315D-01 0.00000000D+00 0.00000000D+00
-0.14594518D+00 0.00000000D+00-0.69532909D+00 0.00000000D+00 0.00000000D+00
-0.12114856D+01 0.00000000D+00-0.19701245D-01 0.00000000D+00 0.00000000D+00
-0.14927719D-01 0.00000000D+00 0.00000000D+00 0.00000000D+00 0.22907395D+00
 0.00000000D+00 0.00000000D+00 0.22379129D+00 0.00000000D+00 0.00000000D+00
 0.00000000D+00-0.66495724D-01-0.30264859D+01 0.23598029D+00-0.86579743D-01
 0.00000000D+00 0.25720511D-01-0.23314476D-01 0.00000000D+00 0.12157693D+00
-0.52602803D+00 0.00000000D+00-0.64955476D-01-0.24793225D+00-0.33006756D-01
 0.00000000D+00 0.16619119D-01-0.11746236D-01 0.00000000D+00 0.82639645D-01
 0.00000000D+00 0.39716971D+00-0.51023923D-01 0.00000000D+00-0.66495724D-01
-0.30264859D+01 0.23598029D+00-0.86579743D-01 0.00000000D+00-0.25720511D-01
-0.23314476D-01 0.00000000D+00-0.12157693D+00-0.52602803D+00 0.00000000D+00
 0.64955476D-01-0.24793225D+00-0.33006756D-01 0.00000000D+00-0.16619119D-01
-0.11746236D-01 0.00000000D+00 0.82639645D-01 0.00000000D+00-0.39716971D+00
-0.51023923D-01 0.00000000D+00
   26 Alpha MO OE= 0.84677212D+00
 0.00000000D+00 0.00000000D+00 0.00000000D+00 0.00000000D+00 0.00000000D+00
-0.11553319D+00 0.00000000D+00 0.00000000D+00-0.21629229D+00 0.00000000D+00
 0.00000000D+00 0.34639955D+01 0.00000000D+00 0.00000000D+00 0.68247899D+00
 0.00000000D+00 0.00000000D+00 0.00000000D+00 0.14633777D-01 0.00000000D+00
 0.00000000D+00 0.00000000D+00 0.00000000D+00-0.13508286D+00 0.00000000D+00
 0.00000000D+00 0.00000000D+00 0.00000000D+00-0.13946473D+01 0.00000000D+00
 0.00000000D+00 0.00000000D+00 0.00000000D+00-0.28376812D-01 0.00000000D+00
 0.00000000D+00 0.00000000D+00 0.12034730D-02 0.00000000D+00 0.00000000D+00
 0.17322710D+00 0.00000000D+00 0.00000000D+00 0.00000000D+00-0.86923790D-01
 0.00000000D+00 0.00000000D+00 0.00000000D+00 0.00000000D+00 0.00000000D+00
 0.31424686D-01 0.00000000D+00 0.00000000D+00-0.62291802D+00 0.00000000D+00
 0.00000000D+00-0.12336763D+01 0.00000000D+00 0.00000000D+00 0.00000000D+00
-0.21457951D-01 0.00000000D+00 0.00000000D+00 0.17966198D-02 0.00000000D+00
-0.16199728D+00 0.00000000D+00 0.00000000D+00 0.11367663D+01 0.00000000D+00
 0.00000000D+00 0.00000000D+00 0.00000000D+00 0.31424686D-01 0.00000000D+00
 0.00000000D+00-0.62291802D+00 0.00000000D+00 0.00000000D+00-0.12336763D+01
 0.00000000D+00 0.00000000D+00 0.00000000D+00-0.21457951D-01 0.00000000D+00
 0.00000000D+00-0.17966198D-02 0.00000000D+00-0.16199728D+00 0.00000000D+00
 0.00000000D+00-0.11367663D+01
   27 Alpha MO OE= 0.89185373D+00
-0.53297630D-01 0.73600382D-03-0.82068332D-01 0.91571384D+01 0.82271998D+01
 0.00000000D+00 0.00000000D+00 0.23610104D+00 0.00000000D+00 0.00000000D+00
-0.76514004D-01 0.00000000D+00 0.00000000D+00-0.67792102D+01 0.00000000D+00
 0.00000000D+00-0.11472823D+01-0.17277490D-01 0.00000000D+00 0.00000000D+00
 0.10602355D-01 0.00000000D+00 0.14242810D+00 0.00000000D+00 0.00000000D+00
-0.35265821D+00 0.00000000D+00 0.10305313D+01 0.00000000D+00 0.00000000D+00
-0.14877993D+01 0.00000000D+00 0.26397686D-01 0.00000000D+00 0.00000000D+00
 0.69673993D-02 0.00000000D+00 0.00000000D+00 0.00000000D+00-0.22567503D-01
 0.00000000D+00 0.00000000D+00 0.28053711D+00 0.00000000D+00 0.00000000D+00
 0.00000000D+00 0.50701282D-01-0.50304973D+01-0.48395853D+01-0.33731122D+00
 0.00000000D+00 0.32422097D-01-0.50364737D-01 0.00000000D+00 0.16690019D+01
-0.70834720D+00 0.00000000D+00 0.73400042D+00-0.33856685D-01 0.89505333D-02
 0.00000000D+00 0.84487029D-01 0.58683274D-01 0.00000000D+00 0.47633248D-01
 0.00000000D+00-0.33362336D+00 0.33584282D+00 0.00000000D+00 0.50701282D-01
-0.50304973D+01-0.48395853D+01-0.33731122D+00 0.00000000D+00-0.32422097D-01
-0.50364737D-01 0.00000000D+00-0.16690019D+01-0.70834720D+00 0.00000000D+00
-0.73400042D+00-0.33856685D-01 0.89505333D-02 0.00000000D+00-0.84487029D-01
 0.58683274D-01 0.00000000D+00 0.47633248D-01 0.00000000D+00 0.33362336D+00
 0.33584282D+00 0.00000000D+00
   28 Alpha MO OE= 0.91298043D+00
 0.00000000D+00 0.00000000D+00 0.00000000D+00 0.00000000D+00 0.00000000D+00
 0.00000000D+00 0.35775462D-01 0.00000000D+00 0.00000000D+00 0.19261830D+00
 0.00000000D+00 0.00000000D+00 0.31253946D+01 0.00000000D+00 0.00000000D+00
 0.96476219D+00 0.00000000D+00 0.00000000D+00 0.00000000D+00-0.53712446D-02
 0.00000000D+00 0.00000000D+00 0.00000000D+00 0.00000000D+00-0.20494857D-01
 0.00000000D+00 0.00000000D+00 0.00000000D+00 0.00000000D+00-0.15252761D+01
 0.00000000D+00 0.00000000D+00 0.00000000D+00 0.00000000D+00-0.65118523D-02
 0.00000000D+00 0.00000000D+00 0.00000000D+00 0.25500178D-01 0.00000000D+00
 0.00000000D+00 0.74086161D-01 0.00000000D+00 0.00000000D+00 0.00000000D+00
-0.15484441D+00 0.24711877D-02-0.25322044D+01-0.67424343D+00-0.47502812D+00
 0.00000000D+00 0.22555372D-01 0.15136568D-02 0.00000000D+00 0.26052365D-01
-0.15601094D+00 0.00000000D+00-0.40008044D+00-0.72653304D+00 0.23529261D-01
 0.00000000D+00-0.40222924D-02-0.12012227D-01 0.00000000D+00-0.72210994D+00
 0.00000000D+00 0.23442369D+00 0.13653564D+00 0.00000000D+00-0.24711877D-02
 0.25322044D+01 0.67424343D+00 0.47502812D+00 0.00000000D+00 0.22555372D-01
-0.15136568D-02 0.00000000D+00 0.26052365D-01 0.15601094D+00 0.00000000D+00
-0.40008044D+00 0.72653304D+00-0.23529261D-01 0.00000000D+00-0.40222924D-02
 0.12012227D-01 0.00000000D+00 0.72210994D+00 0.00000000D+00 0.23442369D+00
-0.13653564D+00 0.00000000D+00
   29 Alpha MO OE= 0.91769344D+00
 0.00000000D+00 0.00000000D+00 0.00000000D+00 0.00000000D+00 0.00000000D+00
-0.15860327D+00 0.00000000D+00 0.00000000D+00-0.39456705D+00 0.00000000D+00
 0.00000000D+00 0.26584824D+01 0.00000000D+00 0.00000000D+00 0.17692814D+00
 0.00000000D+00 0.00000000D+00 0.00000000D+00 0.29020552D-01 0.00000000D+00
 0.00000000D+00 0.00000000D+00 0.00000000D+00-0.16593653D+00 0.00000000D+00
 0.00000000D+00 0.00000000D+00 0.00000000D+00 0.54408581D+00 0.00000000D+00
 0.00000000D+00 0.00000000D+00 0.00000000D+00 0.19906863D-01 0.00000000D+00
 0.00000000D+00 0.00000000D+00 0.23475512D-01 0.00000000D+00 0.00000000D+00
-0.79155255D-01 0.00000000D+00 0.00000000D+00 0.00000000D+00-0.18726656D+00
 0.00000000D+00 0.00000000D+00 0.00000000D+00 0.00000000D+00 0.00000000D+00
 0.16859687D-03 0.00000000D+00 0.00000000D+00-0.31189245D+00 0.00000000D+00
 0.00000000D+00-0.74881106D+00 0.00000000D+00 0.00000000D+00 0.00000000D+00
-0.43286952D-02 0.00000000D+00 0.00000000D+00 0.25921181D-01 0.00000000D+00
-0.91061252D+00 0.00000000D+00 0.00000000D+00 0.13028958D+00 0.00000000D+00
 0.00000000D+00 0.00000000D+00 0.00000000D+00 0.16859687D-03 0.00000000D+00
 0.00000000D+00-0.31189245D+00 0.00000000D+00 0.00000000D+00-0.74881106D+00
 0.00000000D+00 0.00000000D+00 0.00000000D+00-0.43286952D-02 0.00000000D+00
 0.00000000D+00-0.25921181D-01 0.00000000D+00-0.91061252D+00 0.00000000D+00
 0.00000000D+00-0.13028958D+00
   30 Alpha MO OE= 0.92273755D+00
 0.00000000D+00 0.00000000D+00 0.00000000D+00 0.00000000D+00 0.00000000D+00
 0.00000000D+00 0.00000000D+00 0.00000000D+00 0.00000000D+00 0.00000000D+00
 0.00000000D+00 0.00000000D+00 0.00000000D+00 0.00000000D+00 0.00000000D+00
 0.00000000D+00 0.00000000D+00 0.00000000D+00 0.00000000D+00 0.00000000D+00
 0.00000000D+00 0.28926945D-01 0.00000000D+00 0.00000000D+00 0.00000000D+00
 0.00000000D+00-0.14206285D+00 0.00000000D+00 0.00000000D+00 0.00000000D+00
 0.00000000D+00-0.12689024D+00 0.00000000D+00 0.00000000D+00 0.00000000D+00
 0.00000000D+00-0.72558703D-03 0.00000000D+00 0.00000000D+00 0.00000000D+00
 0.00000000D+00 0.00000000D+00 0.00000000D+00 0.99037875D-02 0.00000000D+00
 0.00000000D+00 0.00000000D+00 0.00000000D+00 0.00000000D+00 0.00000000D+00
 0.17785186D-02 0.00000000D+00 0.00000000D+00 0.45203165D-01 0.00000000D+00
 0.00000000D+00 0.53922653D+00 0.00000000D+00 0.00000000D+00 0.00000000D+00
-0.30056701D-01 0.00000000D+00 0.00000000D+00-0.19914228D-02 0.00000000D+00
 0.93965697D+00 0.00000000D+00 0.00000000D+00-0.45301734D+00 0.00000000D+00
 0.00000000D+00 0.00000000D+00 0.00000000D+00-0.17785186D-02 0.00000000D+00
 0.00000000D+00-0.45203165D-01 0.00000000D+00 0.00000000D+00-0.53922653D+00
 0.00000000D+00 0.00000000D+00 0.00000000D+00 0.30056701D-01 0.00000000D+00
 0.00000000D+00-0.19914228D-02 0.00000000D+00-0.93965697D+00 0.00000000D+00
 0.00000000D+00-0.45301734D+00
   31 Alpha MO OE= 0.93122642D+00
 0.00000000D+00 0.00000000D+00 0.00000000D+00 0.00000000D+00 0.00000000D+00
 0.00000000D+00-0.10243593D+00 0.00000000D+00 0.00000000D+00-0.94798723D-01
 0.00000000D+00 0.00000000D+00 0.55466395D+01 0.00000000D+00 0.00000000D+00
 0.27777879D+01 0.00000000D+00 0.00000000D+00 0.00000000D+00 0.42924412D-02
 0.00000000D+00 0.00000000D+00 0.00000000D+00 0.00000000D+00-0.63464589D-01
 0.00000000D+00 0.00000000D+00 0.00000000D+00 0.00000000D+00-0.69871676D+00
 0.00000000D+00 0.00000000D+00 0.00000000D+00 0.00000000D+00 0.19101059D-01
 0.00000000D+00 0.00000000D+00 0.00000000D+00 0.31614670D-02 0.00000000D+00
 0.00000000D+00-0.20192505D+00 0.00000000D+00 0.00000000D+00 0.00000000D+00
-0.11888609D+00 0.36347829D-01-0.16253661D+01-0.11493073D+01-0.66320307D+00
 0.00000000D+00 0.34086671D-01 0.29203371D-01 0.00000000D+00-0.17461294D+00
-0.86949219D+00 0.00000000D+00-0.22781087D+01-0.23699958D+01-0.26477785D-01
 0.00000000D+00 0.72934899D-02 0.23009502D-01 0.00000000D+00-0.10056609D+01
 0.00000000D+00 0.49486145D+00-0.12516431D+01 0.00000000D+00-0.36347829D-01
 0.16253661D+01 0.11493073D+01 0.66320307D+00 0.00000000D+00 0.34086671D-01
-0.29203371D-01 0.00000000D+00-0.17461294D+00 0.86949219D+00 0.00000000D+00
-0.22781087D+01 0.23699958D+01 0.26477785D-01 0.00000000D+00 0.72934899D-02
-0.23009502D-01 0.00000000D+00 0.10056609D+01 0.00000000D+00 0.49486145D+00
 0.12516431D+01 0.00000000D+00
   32 Alpha MO OE= 0.96115963D+00
 0.17053463D-01-0.17433904D-01-0.14103275D-02 0.16775424D-01 0.35222243D+01
 0.00000000D+00 0.00000000D+00 0.90753205D-01 0.00000000D+00 0.00000000D+00
 0.16538239D+00 0.00000000D+00 0.00000000D+00-0.48498022D+00 0.00000000D+00
 0.00000000D+00-0.56082375D+00-0.23581394D-01 0.00000000D+00 0.00000000D+00
 0.31148398D-02 0.00000000D+00 0.10251394D+00 0.00000000D+00 0.00000000D+00
-0.42580035D-01 0.00000000D+00-0.87229273D+00 0.00000000D+00 0.00000000D+00
 0.14079764D+01 0.00000000D+00-0.16946621D-01 0.00000000D+00 0.00000000D+00
 0.13158990D-01 0.00000000D+00 0.00000000D+00 0.00000000D+00 0.83271691D-01
 0.00000000D+00 0.00000000D+00-0.87805482D-01 0.00000000D+00 0.00000000D+00
 0.00000000D+00 0.20958579D-01 0.13858367D+01-0.25376808D+01-0.13493243D+00
 0.00000000D+00-0.98812529D-02 0.10609882D-01 0.00000000D+00 0.13319416D+00
-0.13582936D+00 0.00000000D+00 0.70147245D+00-0.15706281D+00-0.21529563D-01
 0.00000000D+00 0.25810591D-02 0.17752967D-01 0.00000000D+00 0.81585213D+00
 0.00000000D+00 0.19945258D+00-0.33478848D+00 0.00000000D+00 0.20958579D-01
 0.13858367D+01-0.25376808D+01-0.13493243D+00 0.00000000D+00 0.98812529D-02
 0.10609882D-01 0.00000000D+00-0.13319416D+00-0.13582936D+00 0.00000000D+00
-0.70147245D+00-0.15706281D+00-0.21529563D-01 0.00000000D+00-0.25810591D-02
 0.17752967D-01 0.00000000D+00 0.81585213D+00 0.00000000D+00-0.19945258D+00
-0.33478848D+00 0.00000000D+00
   33 Alpha MO OE= 0.10217778D+01
 0.10064139D+00-0.10546886D+00-0.32984850D-01 0.60318300D+01 0.60768825D+01
 0.00000000D+00 0.00000000D+00 0.12969575D+00 0.00000000D+00 0.00000000D+00
-0.78226814D-01 0.00000000D+00 0.00000000D+00 0.10347328D+01 0.00000000D+00
 0.00000000D+00-0.16836618D+00 0.34332269D-03 0.00000000D+00 0.00000000D+00
 0.21303631D-02 0.00000000D+00-0.28343352D-01 0.00000000D+00 0.00000000D+00
-0.71546364D-01 0.00000000D+00-0.22716184D+00 0.00000000D+00 0.00000000D+00
 0.87861758D+00 0.00000000D+00 0.49042427D-02 0.00000000D+00 0.00000000D+00
 0.83884534D-02 0.00000000D+00 0.00000000D+00 0.00000000D+00-0.59838419D-01
 0.00000000D+00 0.00000000D+00-0.13853217D+00 0.00000000D+00 0.00000000D+00
 0.00000000D+00 0.10133399D+00 0.13058318D+01-0.52601956D+01-0.33179718D+00
 0.00000000D+00-0.25243031D-01 0.30968926D-01 0.00000000D+00 0.48165510D+00
-0.45284166D+00 0.00000000D+00 0.20726169D+01-0.19165991D+01 0.36038743D-02
 0.00000000D+00 0.64466801D-02-0.13902586D-02 0.00000000D+00-0.27546089D+00
 0.00000000D+00 0.11963956D+01 0.73933340D+00 0.00000000D+00 0.10133399D+00
 0.13058318D+01-0.52601956D+01-0.33179718D+00 0.00000000D+00 0.25243031D-01
 0.30968926D-01 0.00000000D+00-0.48165510D+00-0.45284166D+00 0.00000000D+00
-0.20726169D+01-0.19165991D+01 0.36038743D-02 0.00000000D+00-0.64466801D-02
-0.13902586D-02 0.00000000D+00-0.27546089D+00 0.00000000D+00-0.11963956D+01
 0.73933340D+00 0.00000000D+00
   34 Alpha MO OE= 0.10438535D+01
 0.00000000D+00 0.00000000D+00 0.00000000D+00 0.00000000D+00 0.00000000D+00
 0.00000000D+00 0.25360576D+00 0.00000000D+00 0.00000000D+00-0.17424207D+00
 0.00000000D+00 0.00000000D+00 0.10248178D+01 0.00000000D+00 0.00000000D+00
-0.73254916D+00 0.00000000D+00 0.00000000D+00 0.00000000D+00 0.76414715D-02
 0.00000000D+00 0.00000000D+00 0.00000000D+00 0.00000000D+00 0.21695682D+00
 0.00000000D+00 0.00000000D+00 0.00000000D+00 0.00000000D+00-0.21851945D+01
 0.00000000D+00 0.00000000D+00 0.00000000D+00 0.00000000D+00-0.26520035D-01
 0.00000000D+00 0.00000000D+00 0.00000000D+00 0.13361752D-01 0.00000000D+00
 0.00000000D+00 0.15968859D+00 0.00000000D+00 0.00000000D+00 0.00000000D+00
-0.70019956D-01-0.12970395D+00-0.18223006D+01 0.78839993D+01 0.87621031D+00
 0.00000000D+00 0.24464606D-01 0.43090127D-02 0.00000000D+00-0.78506706D+00
 0.66225444D+00 0.00000000D+00-0.32488558D+01 0.17569057D+01 0.12082894D-01
 0.00000000D+00-0.52532746D-01-0.25731553D-01 0.00000000D+00 0.11712687D+00
 0.00000000D+00-0.11346293D+01-0.10528985D+01 0.00000000D+00 0.12970395D+00
 0.18223006D+01-0.78839993D+01-0.87621031D+00 0.00000000D+00 0.24464606D-01
-0.43090127D-02 0.00000000D+00-0.78506706D+00-0.66225444D+00 0.00000000D+00
-0.32488558D+01-0.17569057D+01-0.12082894D-01 0.00000000D+00-0.52532746D-01
 0.25731553D-01 0.00000000D+00-0.11712687D+00 0.00000000D+00-0.11346293D+01
 0.10528985D+01 0.00000000D+00
   35 Alpha MO OE= 0.10827118D+01
 0.00000000D+00 0.00000000D+00 0.00000000D+00 0.00000000D+00 0.00000000D+00
 0.17048044D+00 0.00000000D+00 0.00000000D+00 0.59878908D+00 0.00000000D+00
 0.00000000D+00-0.60460091D+00 0.00000000D+00 0.00000000D+00 0.21825803D+00
 0.00000000D+00 0.00000000D+00 0.00000000D+00 0.79616768D-02 0.00000000D+00
 0.00000000D+00 0.00000000D+00 0.00000000D+00-0.33296573D-02 0.00000000D+00
 0.00000000D+00 0.00000000D+00 0.00000000D+00 0.83793051D+00 0.00000000D+00
 0.00000000D+00 0.00000000D+00 0.00000000D+00 0.57579546D-02 0.00000000D+00
 0.00000000D+00 0.00000000D+00 0.52337569D-02 0.00000000D+00 0.00000000D+00
-0.68158005D-01 0.00000000D+00 0.00000000D+00 0.00000000D+00 0.57508680D-01
 0.00000000D+00 0.00000000D+00 0.00000000D+00 0.00000000D+00 0.00000000D+00
-0.20755587D-01 0.00000000D+00 0.00000000D+00 0.47261334D+00 0.00000000D+00
 0.00000000D+00-0.92251711D-01 0.00000000D+00 0.00000000D+00 0.00000000D+00
 0.37866301D-01 0.00000000D+00 0.00000000D+00-0.45566471D-01 0.00000000D+00
-0.57666293D+00 0.00000000D+00 0.00000000D+00 0.34881935D+00 0.00000000D+00
 0.00000000D+00 0.00000000D+00 0.00000000D+00-0.20755587D-01 0.00000000D+00
 0.00000000D+00 0.47261334D+00 0.00000000D+00 0.00000000D+00-0.92251711D-01
 0.00000000D+00 0.00000000D+00 0.00000000D+00 0.37866301D-01 0.00000000D+00
 0.00000000D+00 0.45566471D-01 0.00000000D+00-0.57666293D+00 0.00000000D+00
 0.00000000D+00-0.34881935D+00
   36 Alpha MO OE= 0.11087556D+01
 0.00000000D+00 0.00000000D+00 0.00000000D+00 0.00000000D+00 0.00000000D+00
 0.00000000D+00-0.26283695D-01 0.00000000D+00 0.00000000D+00-0.15340382D+00
 0.00000000D+00 0.00000000D+00-0.24991777D+00 0.00000000D+00 0.00000000D+00
-0.75145026D-01 0.00000000D+00 0.00000000D+00 0.00000000D+00-0.27941088D-02
 0.00000000D+00 0.00000000D+00 0.00000000D+00 0.00000000D+00 0.51541443D-01
 0.00000000D+00 0.00000000D+00 0.00000000D+00 0.00000000D+00 0.22776219D+01
 0.00000000D+00 0.00000000D+00 0.00000000D+00 0.00000000D+00 0.26830618D-01
 0.00000000D+00 0.00000000D+00 0.00000000D+00 0.21934891D-01 0.00000000D+00
 0.00000000D+00-0.31672576D+00 0.00000000D+00 0.00000000D+00 0.00000000D+00
-0.15450261D+00 0.32730246D-03 0.21908366D+01-0.22164488D+01 0.31070025D-01
 0.00000000D+00-0.22428894D-01 0.27832006D-02 0.00000000D+00-0.38466552D+00
-0.40717555D+00 0.00000000D+00 0.77128143D+00-0.11058577D+00-0.17519863D-01
 0.00000000D+00 0.32149048D-01-0.25237056D-01 0.00000000D+00-0.98890770D+00
 0.00000000D+00-0.93966483D+00 0.25841126D+00 0.00000000D+00-0.32730246D-03
-0.21908366D+01 0.22164488D+01-0.31070025D-01 0.00000000D+00-0.22428894D-01
-0.27832006D-02 0.00000000D+00-0.38466552D+00 0.40717555D+00 0.00000000D+00
 0.77128143D+00 0.11058577D+00 0.17519863D-01 0.00000000D+00 0.32149048D-01
 0.25237056D-01 0.00000000D+00 0.98890770D+00 0.00000000D+00-0.93966483D+00
-0.25841126D+00 0.00000000D+00
   37 Alpha MO OE= 0.11769193D+01
 0.00000000D+00 0.00000000D+00 0.00000000D+00 0.00000000D+00 0.00000000D+00
 0.00000000D+00 0.00000000D+00 0.00000000D+00 0.00000000D+00 0.00000000D+00
 0.00000000D+00 0.00000000D+00 0.00000000D+00 0.00000000D+00 0.00000000D+00
 0.00000000D+00 0.00000000D+00 0.00000000D+00 0.00000000D+00 0.00000000D+00
 0.00000000D+00 0.22310494D-01 0.00000000D+00 0.00000000D+00 0.00000000D+00
 0.00000000D+00-0.92820202D-01 0.00000000D+00 0.00000000D+00 0.00000000D+00
 0.00000000D+00 0.14237222D+01 0.00000000D+00 0.00000000D+00 0.00000000D+00
 0.00000000D+00-0.71637653D-02 0.00000000D+00 0.00000000D+00 0.00000000D+00
 0.00000000D+00 0.00000000D+00 0.00000000D+00 0.19890556D-01 0.00000000D+00
 0.00000000D+00 0.00000000D+00 0.00000000D+00 0.00000000D+00 0.00000000D+00
 0.14635532D-01 0.00000000D+00 0.00000000D+00-0.13384017D+00 0.00000000D+00
 0.00000000D+00 0.34956268D+00 0.00000000D+00 0.00000000D+00 0.00000000D+00
 0.37645441D-01 0.00000000D+00 0.00000000D+00 0.42208180D-01 0.00000000D+00
-0.72346254D+00 0.00000000D+00 0.00000000D+00-0.13370182D+01 0.00000000D+00
 0.00000000D+00 0.00000000D+00 0.00000000D+00-0.14635532D-01 0.00000000D+00
 0.00000000D+00 0.13384017D+00 0.00000000D+00 0.00000000D+00-0.34956268D+00
 0.00000000D+00 0.00000000D+00 0.00000000D+00-0.37645441D-01 0.00000000D+00
 0.00000000D+00 0.42208180D-01 0.00000000D+00 0.72346254D+00 0.00000000D+00
 0.00000000D+00-0.13370182D+01
   38 Alpha MO OE= 0.11828881D+01
-0.18199340D-01 0.79777569D-01-0.18336489D-01 0.26924289D+01 0.12428914D+01
 0.00000000D+00 0.00000000D+00 0.69957718D-01 0.00000000D+00 0.00000000D+00
 0.40902276D-01 0.00000000D+00 0.00000000D+00-0.46246895D+00 0.00000000D+00
 0.00000000D+00-0.89698098D-01 0.24962862D-01 0.00000000D+00 0.00000000D+00
 0.29839625D-01 0.00000000D+00-0.60682634D-01 0.00000000D+00 0.00000000D+00
-0.21881216D+00 0.00000000D+00-0.39679130D-01 0.00000000D+00 0.00000000D+00
 0.81970336D-01 0.00000000D+00-0.85174993D-02 0.00000000D+00 0.00000000D+00
 0.97734778D-02 0.00000000D+00 0.00000000D+00 0.00000000D+00 0.71191770D-01
 0.00000000D+00 0.00000000D+00 0.66874566D-01 0.00000000D+00 0.00000000D+00
 0.00000000D+00-0.28870044D-01-0.19136691D+01-0.68032882D+00-0.14745542D-01
 0.00000000D+00 0.86692915D-02-0.27463219D-01 0.00000000D+00 0.59280392D+00
-0.43555549D+00 0.00000000D+00-0.52165725D+00-0.28228746D+00 0.69659676D-02
 0.00000000D+00 0.17299245D-01 0.55818078D-01 0.00000000D+00-0.75915906D+00
 0.00000000D+00 0.35801033D+00-0.10250458D+01 0.00000000D+00-0.28870044D-01
-0.19136691D+01-0.68032882D+00-0.14745542D-01 0.00000000D+00-0.86692915D-02
-0.27463219D-01 0.00000000D+00-0.59280392D+00-0.43555549D+00 0.00000000D+00
 0.52165725D+00-0.28228746D+00 0.69659676D-02 0.00000000D+00-0.17299245D-01
 0.55818078D-01 0.00000000D+00-0.75915906D+00 0.00000000D+00-0.35801033D+00
-0.10250458D+01 0.00000000D+00
   39 Alpha MO OE= 0.12601897D+01
 0.00000000D+00 0.00000000D+00 0.00000000D+00 0.00000000D+00 0.00000000D+00
 0.00000000D+00-0.12354265D+00 0.00000000D+00 0.00000000D+00 0.35875781D+00
 0.00000000D+00 0.00000000D+00 0.12408615D+02 0.00000000D+00 0.00000000D+00
 0.21839422D+01 0.00000000D+00 0.00000000D+00 0.00000000D+00 0.55257724D-01
 0.00000000D+00 0.00000000D+00 0.00000000D+00 0.00000000D+00-0.72049906D+00
 0.00000000D+00 0.00000000D+00 0.00000000D+00 0.00000000D+00-0.49003021D+01
 0.00000000D+00 0.00000000D+00 0.00000000D+00 0.00000000D+00 0.53598621D-02
 0.00000000D+00 0.00000000D+00 0.00000000D+00-0.65875365D-02 0.00000000D+00
 0.00000000D+00 0.31256078D+00 0.00000000D+00 0.00000000D+00 0.00000000D+00
-0.19309982D+00-0.77443323D-01-0.92895103D+01-0.11005343D+02-0.87452330D+00
 0.00000000D+00 0.95642806D-01-0.50037661D-01 0.00000000D+00 0.17982897D+01
-0.12628427D+01 0.00000000D+00 0.26667618D+01-0.86167447D+00 0.33579430D-02
 0.00000000D+00 0.12323444D+00 0.84766496D-01 0.00000000D+00 0.54250686D+00
 0.00000000D+00-0.52506044D+00-0.10689413D+00 0.00000000D+00 0.77443323D-01
 0.92895103D+01 0.11005343D+02 0.87452330D+00 0.00000000D+00 0.95642806D-01
 0.50037661D-01 0.00000000D+00 0.17982897D+01 0.12628427D+01 0.00000000D+00
 0.26667618D+01 0.86167447D+00-0.33579430D-02 0.00000000D+00 0.12323444D+00
-0.84766496D-01 0.00000000D+00-0.54250686D+00 0.00000000D+00-0.52506044D+00
 0.10689413D+00 0.00000000D+00
   40 Alpha MO OE= 0.15107651D+01
 0.00000000D+00 0.00000000D+00 0.00000000D+00 0.00000000D+00 0.00000000D+00
 0.00000000D+00 0.00000000D+00 0.00000000D+00 0.00000000D+00 0.00000000D+00
 0.00000000D+00 0.00000000D+00 0.00000000D+00 0.00000000D+00 0.00000000D+00
 0.00000000D+00 0.00000000D+00 0.00000000D+00 0.00000000D+00 0.00000000D+00
 0.00000000D+00-0.41454329D-01 0.00000000D+00 0.00000000D+00 0.00000000D+00
 0.00000000D+00 0.89293036D-01 0.00000000D+00 0.00000000D+00 0.00000000D+00
 0.00000000D+00 0.26618185D+01 0.00000000D+00 0.00000000D+00 0.00000000D+00
 0.00000000D+00 0.26525979D-01 0.00000000D+00 0.00000000D+00 0.00000000D+00
 0.00000000D+00 0.00000000D+00 0.00000000D+00-0.38002502D+00 0.00000000D+00
 0.00000000D+00 0.00000000D+00 0.00000000D+00 0.00000000D+00 0.00000000D+00
 0.60793068D-01 0.00000000D+00 0.00000000D+00-0.23236619D+01 0.00000000D+00
 0.00000000D+00-0.12323842D+01 0.00000000D+00 0.00000000D+00 0.00000000D+00
-0.41762929D-01 0.00000000D+00 0.00000000D+00 0.52159859D-01 0.00000000D+00
-0.99010322D+00 0.00000000D+00 0.00000000D+00 0.86335854D+00 0.00000000D+00
 0.00000000D+00 0.00000000D+00 0.00000000D+00-0.60793068D-01 0.00000000D+00
 0.00000000D+00 0.23236619D+01 0.00000000D+00 0.00000000D+00 0.12323842D+01
 0.00000000D+00 0.00000000D+00 0.00000000D+00 0.41762929D-01 0.00000000D+00
 0.00000000D+00 0.52159859D-01 0.00000000D+00 0.99010322D+00 0.00000000D+00
 0.00000000D+00 0.86335854D+00
   41 Alpha MO OE= 0.15331625D+01
 0.84293686D-02-0.20074976D+00-0.75261257D-01 0.30782128D+01 0.20620838D+01
 0.00000000D+00 0.00000000D+00 0.47483728D-01 0.00000000D+00 0.00000000D+00
-0.71932266D-01 0.00000000D+00 0.00000000D+00 0.29928979D+01 0.00000000D+00
 0.00000000D+00 0.37357183D+00 0.39321607D-01 0.00000000D+00 0.00000000D+00
 0.25211796D-01 0.00000000D+00-0.12629094D+00 0.00000000D+00 0.00000000D+00
-0.15119410D+00 0.00000000D+00-0.26913626D+01 0.00000000D+00 0.00000000D+00
-0.20276476D+01 0.00000000D+00-0.61622700D-02 0.00000000D+00 0.00000000D+00
 0.79953972D-02 0.00000000D+00 0.00000000D+00 0.00000000D+00 0.25747488D+00
 0.00000000D+00 0.00000000D+00 0.82630751D-01 0.00000000D+00 0.00000000D+00
 0.00000000D+00-0.75262177D-01-0.61820930D+00-0.16461255D+01-0.77569153D-01
 0.00000000D+00 0.56281686D-01 0.41360163D-01 0.00000000D+00-0.11499553D+01
-0.23414443D+01 0.00000000D+00-0.23381565D+00-0.12217586D+01-0.61780916D-01
 0.00000000D+00 0.86116486D-01-0.53721389D-01 0.00000000D+00-0.85018108D+00
 0.00000000D+00 0.11836911D+00-0.10711697D+00 0.00000000D+00-0.75262177D-01
-0.61820930D+00-0.16461255D+01-0.77569153D-01 0.00000000D+00-0.56281686D-01
 0.41360163D-01 0.00000000D+00 0.11499553D+01-0.23414443D+01 0.00000000D+00
 0.23381565D+00-0.12217586D+01-0.61780916D-01 0.00000000D+00-0.86116486D-01
-0.53721389D-01 0.00000000D+00-0.85018108D+00 0.00000000D+00-0.11836911D+00
-0.10711697D+00 0.00000000D+00
   42 Alpha MO OE= 0.15834130D+01
 0.00000000D+00 0.00000000D+00 0.00000000D+00 0.00000000D+00 0.00000000D+00
 0.10394777D+00 0.00000000D+00 0.00000000D+00 0.35735415D+00 0.00000000D+00
 0.00000000D+00 0.50465804D+01 0.00000000D+00 0.00000000D+00 0.78769508D+00
 0.00000000D+00 0.00000000D+00 0.00000000D+00 0.26787633D-01 0.00000000D+00
 0.00000000D+00 0.00000000D+00 0.00000000D+00 0.16244104D-01 0.00000000D+00
 0.00000000D+00 0.00000000D+00 0.00000000D+00-0.20240604D+01 0.00000000D+00
 0.00000000D+00 0.00000000D+00 0.00000000D+00-0.16128894D-02 0.00000000D+00
 0.00000000D+00 0.00000000D+00 0.13976584D-01 0.00000000D+00 0.00000000D+00
 0.31474453D-01 0.00000000D+00 0.00000000D+00 0.00000000D+00-0.20566828D+00
 0.00000000D+00 0.00000000D+00 0.00000000D+00 0.00000000D+00 0.00000000D+00
 0.86872110D-01 0.00000000D+00 0.00000000D+00-0.23148784D+01 0.00000000D+00
 0.00000000D+00-0.12820909D+01 0.00000000D+00 0.00000000D+00 0.00000000D+00
-0.14474164D-01 0.00000000D+00 0.00000000D+00 0.35095238D-01 0.00000000D+00
-0.77453929D+00 0.00000000D+00 0.00000000D+00 0.10746217D+01 0.00000000D+00
 0.00000000D+00 0.00000000D+00 0.00000000D+00 0.86872110D-01 0.00000000D+00
 0.00000000D+00-0.23148784D+01 0.00000000D+00 0.00000000D+00-0.12820909D+01
 0.00000000D+00 0.00000000D+00 0.00000000D+00-0.14474164D-01 0.00000000D+00
 0.00000000D+00-0.35095238D-01 0.00000000D+00-0.77453929D+00 0.00000000D+00
 0.00000000D+00-0.10746217D+01
   43 Alpha MO OE= 0.18044487D+01
 0.24288826D-02-0.56230908D+00-0.26511555D+00 0.15940874D+02 0.87078198D+01
 0.00000000D+00 0.00000000D+00-0.12242758D+00 0.00000000D+00 0.00000000D+00
-0.14407280D+01 0.00000000D+00 0.00000000D+00-0.63877105D+01 0.00000000D+00
 0.00000000D+00-0.13659686D+01-0.34783868D-02 0.00000000D+00 0.00000000D+00
 0.12571870D-01 0.00000000D+00-0.12915887D+00 0.00000000D+00 0.00000000D+00
-0.14889304D+00 0.00000000D+00 0.92401907D+00 0.00000000D+00 0.00000000D+00
-0.10902038D+01 0.00000000D+00 0.26025727D-01 0.00000000D+00 0.00000000D+00
 0.71969166D-01 0.00000000D+00 0.00000000D+00 0.00000000D+00 0.21576488D-01
 0.00000000D+00 0.00000000D+00-0.12528422D+00 0.00000000D+00 0.00000000D+00
 0.00000000D+00-0.85311509D-01-0.64334407D+01-0.63388504D+01-0.28543407D+00
 0.00000000D+00 0.29004990D-02-0.25007854D-01 0.00000000D+00 0.29062717D+01
-0.14891504D+01 0.00000000D+00 0.11876395D+01-0.63506256D+00-0.33611985D-01
 0.00000000D+00 0.16992840D+00 0.12789949D+00 0.00000000D+00 0.19012074D+00
 0.00000000D+00 0.13275214D+00 0.11767903D+00 0.00000000D+00-0.85311509D-01
-0.64334407D+01-0.63388504D+01-0.28543407D+00 0.00000000D+00-0.29004990D-02
-0.25007854D-01 0.00000000D+00-0.29062717D+01-0.14891504D+01 0.00000000D+00
-0.11876395D+01-0.63506256D+00-0.33611985D-01 0.00000000D+00-0.16992840D+00
 0.12789949D+00 0.00000000D+00 0.19012074D+00 0.00000000D+00-0.13275214D+00
 0.11767903D+00 0.00000000D+00
   44 Alpha MO OE= 0.18240918D+01
 0.00000000D+00 0.00000000D+00 0.00000000D+00 0.00000000D+00 0.00000000D+00
 0.00000000D+00 0.83105577D-01 0.00000000D+00 0.00000000D+00 0.37735163D+00
 0.00000000D+00 0.00000000D+00 0.89144981D+01 0.00000000D+00 0.00000000D+00
 0.18479627D+01 0.00000000D+00 0.00000000D+00 0.00000000D+00-0.55658095D-02
 0.00000000D+00 0.00000000D+00 0.00000000D+00 0.00000000D+00-0.58562575D-01
 0.00000000D+00 0.00000000D+00 0.00000000D+00 0.00000000D+00-0.19776205D+01
 0.00000000D+00 0.00000000D+00 0.00000000D+00 0.00000000D+00 0.24671850D-01
 0.00000000D+00 0.00000000D+00 0.00000000D+00 0.29603040D-02 0.00000000D+00
 0.00000000D+00-0.26760066D+00 0.00000000D+00 0.00000000D+00 0.00000000D+00
-0.12248926D+00 0.31356239D-02-0.42633101D+01-0.19121009D+01-0.46515658D+00
 0.00000000D+00 0.46050870D-01 0.63307235D-01 0.00000000D+00-0.11602209D+01
-0.25239645D+01 0.00000000D+00-0.12352923D+01-0.18180338D+01-0.40414751D-01
 0.00000000D+00 0.14969272D-01 0.20169040D-01 0.00000000D+00-0.10936902D+01
 0.00000000D+00 0.74126069D+00-0.13364984D+01 0.00000000D+00-0.31356239D-02
 0.42633101D+01 0.19121009D+01 0.46515658D+00 0.00000000D+00 0.46050870D-01
-0.63307235D-01 0.00000000D+00-0.11602209D+01 0.25239645D+01 0.00000000D+00
-0.12352923D+01 0.18180338D+01 0.40414751D-01 0.00000000D+00 0.14969272D-01
-0.20169040D-01 0.00000000D+00 0.10936902D+01 0.00000000D+00 0.74126069D+00
 0.13364984D+01 0.00000000D+00
   45 Alpha MO OE= 0.19861355D+01
 0.00000000D+00 0.00000000D+00 0.00000000D+00 0.00000000D+00 0.00000000D+00
 0.00000000D+00-0.21092678D+00 0.00000000D+00 0.00000000D+00-0.10744329D+01
 0.00000000D+00 0.00000000D+00 0.29421922D+01 0.00000000D+00 0.00000000D+00
-0.50296031D+00 0.00000000D+00 0.00000000D+00 0.00000000D+00-0.65021144D-02
 0.00000000D+00 0.00000000D+00 0.00000000D+00 0.00000000D+00-0.45913977D+00
 0.00000000D+00 0.00000000D+00 0.00000000D+00 0.00000000D+00-0.16716152D+01
 0.00000000D+00 0.00000000D+00 0.00000000D+00 0.00000000D+00 0.39811143D-01
 0.00000000D+00 0.00000000D+00 0.00000000D+00-0.36177817D-01 0.00000000D+00
 0.00000000D+00-0.73164740D-01 0.00000000D+00 0.00000000D+00 0.00000000D+00
 0.98133883D-01 0.19522142D+00-0.17876748D+01 0.39185366D+01 0.44721199D+00
 0.00000000D+00 0.11821695D+00-0.80147690D-01 0.00000000D+00-0.16457102D+01
 0.82086393D+00 0.00000000D+00-0.15585520D+01 0.73173640D+00-0.10096588D-01
 0.00000000D+00 0.88021559D-03-0.24795939D-02 0.00000000D+00 0.15648400D+00
 0.00000000D+00-0.92820189D+00-0.96679552D+00 0.00000000D+00-0.19522142D+00
 0.17876748D+01-0.39185366D+01-0.44721199D+00 0.00000000D+00 0.11821695D+00
 0.80147690D-01 0.00000000D+00-0.16457102D+01-0.82086393D+00 0.00000000D+00
-0.15585520D+01-0.73173640D+00 0.10096588D-01 0.00000000D+00 0.88021559D-03
 0.24795939D-02 0.00000000D+00-0.15648400D+00 0.00000000D+00-0.92820189D+00
 0.96679552D+00 0.00000000D+00
   46 Alpha MO OE= 0.21197515D+01
 0.39932928D-01-0.85077437D+00-0.36813350D+00-0.52340733D-01-0.12014525D+01
 0.00000000D+00 0.00000000D+00 0.12550225D+00 0.00000000D+00 0.00000000D+00
-0.11882159D-01 0.00000000D+00 0.00000000D+00-0.12198542D+01 0.00000000D+00
 0.00000000D+00 0.10388377D+00-0.36496376D-02 0.00000000D+00 0.00000000D+00
-0.26032522D-01 0.00000000D+00 0.14755136D+00 0.00000000D+00 0.00000000D+00
-0.58140274D+00 0.00000000D+00 0.22013385D+00 0.00000000D+00 0.00000000D+00
 0.12834914D+00 0.00000000D+00 0.48085669D-01 0.00000000D+00 0.00000000D+00
 0.15786349D+00 0.00000000D+00 0.00000000D+00 0.00000000D+00-0.16152777D+00
 0.00000000D+00 0.00000000D+00-0.64989752D+00 0.00000000D+00 0.00000000D+00
 0.00000000D+00 0.15298729D+00-0.11113066D+01 0.12252268D+01 0.59890812D-01
 0.00000000D+00 0.11447088D+00-0.75462438D-01 0.00000000D+00-0.13484145D+00
 0.43741554D+00 0.00000000D+00-0.49665930D+00 0.41036547D+00 0.12712468D-01
 0.00000000D+00 0.17852065D+00 0.11648573D+00 0.00000000D+00 0.28105174D-01
 0.00000000D+00-0.63846514D+00-0.55469606D+00 0.00000000D+00 0.15298729D+00
-0.11113066D+01 0.12252268D+01 0.59890812D-01 0.00000000D+00-0.11447088D+00
-0.75462438D-01 0.00000000D+00 0.13484145D+00 0.43741554D+00 0.00000000D+00
 0.49665930D+00 0.41036547D+00 0.12712468D-01 0.00000000D+00-0.17852065D+00
 0.11648573D+00 0.00000000D+00 0.28105174D-01 0.00000000D+00 0.63846514D+00
-0.55469606D+00 0.00000000D+00
   47 Alpha MO OE= 0.22630589D+01
 0.00000000D+00 0.00000000D+00 0.00000000D+00 0.00000000D+00 0.00000000D+00
-0.27290292D-01 0.00000000D+00 0.00000000D+00-0.36878711D-01 0.00000000D+00
 0.00000000D+00 0.64572660D-01 0.00000000D+00 0.00000000D+00 0.35376516D+00
 0.00000000D+00 0.00000000D+00 0.00000000D+00 0.50964499D-02 0.00000000D+00
 0.00000000D+00 0.00000000D+00 0.00000000D+00 0.92935840D+00 0.00000000D+00
 0.00000000D+00 0.00000000D+00 0.00000000D+00-0.65812832D+00 0.00000000D+00
 0.00000000D+00 0.00000000D+00 0.00000000D+00-0.12172458D-01 0.00000000D+00
 0.00000000D+00 0.00000000D+00 0.79101705D-01 0.00000000D+00 0.00000000D+00
 0.46311800D-01 0.00000000D+00 0.00000000D+00 0.00000000D+00-0.82189591D+00
 0.00000000D+00 0.00000000D+00 0.00000000D+00 0.00000000D+00 0.00000000D+00
-0.52572746D-01 0.00000000D+00 0.00000000D+00-0.97314823D-01 0.00000000D+00
 0.00000000D+00-0.23673785D+00 0.00000000D+00 0.00000000D+00 0.00000000D+00
-0.67466625D-02 0.00000000D+00 0.00000000D+00 0.56881417D-01 0.00000000D+00
 0.35048360D-01 0.00000000D+00 0.00000000D+00-0.23076414D+00 0.00000000D+00
 0.00000000D+00 0.00000000D+00 0.00000000D+00-0.52572746D-01 0.00000000D+00
 0.00000000D+00-0.97314823D-01 0.00000000D+00 0.00000000D+00-0.23673785D+00
 0.00000000D+00 0.00000000D+00 0.00000000D+00-0.67466625D-02 0.00000000D+00
 0.00000000D+00-0.56881417D-01 0.00000000D+00 0.35048360D-01 0.00000000D+00
 0.00000000D+00 0.23076414D+00
   48 Alpha MO OE= 0.23161572D+01
 0.00000000D+00 0.00000000D+00 0.00000000D+00 0.00000000D+00 0.00000000D+00
 0.00000000D+00 0.00000000D+00 0.00000000D+00 0.00000000D+00 0.00000000D+00
 0.00000000D+00 0.00000000D+00 0.00000000D+00 0.00000000D+00 0.00000000D+00
 0.00000000D+00 0.00000000D+00 0.00000000D+00 0.00000000D+00 0.00000000D+00
 0.00000000D+00 0.14225197D-01 0.00000000D+00 0.00000000D+00 0.00000000D+00
 0.00000000D+00 0.79302551D+00 0.00000000D+00 0.00000000D+00 0.00000000D+00
 0.00000000D+00-0.91760698D+00 0.00000000D+00 0.00000000D+00 0.00000000D+00
 0.00000000D+00-0.84975699D-01 0.00000000D+00 0.00000000D+00 0.00000000D+00
 0.00000000D+00 0.00000000D+00 0.00000000D+00 0.99734480D+00 0.00000000D+00
 0.00000000D+00 0.00000000D+00 0.00000000D+00 0.00000000D+00 0.00000000D+00
 0.73888660D-01 0.00000000D+00 0.00000000D+00 0.26551229D+00 0.00000000D+00
 0.00000000D+00 0.19077297D+00 0.00000000D+00 0.00000000D+00 0.00000000D+00
 0.78722345D-01 0.00000000D+00 0.00000000D+00-0.58658751D-01 0.00000000D+00
-0.16833201D+00 0.00000000D+00 0.00000000D+00 0.19631752D+00 0.00000000D+00
 0.00000000D+00 0.00000000D+00 0.00000000D+00-0.73888660D-01 0.00000000D+00
 0.00000000D+00-0.26551229D+00 0.00000000D+00 0.00000000D+00-0.19077297D+00
 0.00000000D+00 0.00000000D+00 0.00000000D+00-0.78722345D-01 0.00000000D+00
 0.00000000D+00-0.58658751D-01 0.00000000D+00 0.16833201D+00 0.00000000D+00
 0.00000000D+00 0.19631752D+00
   49 Alpha MO OE= 0.23265038D+01
 0.16642338D-01-0.41301700D+00-0.31760885D+00 0.10695551D+02 0.17930170D+01
 0.00000000D+00 0.00000000D+00-0.36772508D-01 0.00000000D+00 0.00000000D+00
-0.92718606D+00 0.00000000D+00 0.00000000D+00-0.44459959D+01 0.00000000D+00
 0.00000000D+00 0.77629343D-01 0.16567258D-01 0.00000000D+00 0.00000000D+00
 0.29480442D-01 0.00000000D+00 0.40964532D+00 0.00000000D+00 0.00000000D+00
-0.81800954D+00 0.00000000D+00-0.50587712D+00 0.00000000D+00 0.00000000D+00
-0.12110388D+01 0.00000000D+00-0.46579610D-01 0.00000000D+00 0.00000000D+00
 0.64658268D-01 0.00000000D+00 0.00000000D+00 0.00000000D+00 0.10901144D+01
 0.00000000D+00 0.00000000D+00 0.55927266D+00 0.00000000D+00 0.00000000D+00
 0.00000000D+00 0.29784125D+00-0.66619643D+01-0.93888770D+00-0.10035907D+00
 0.00000000D+00 0.13330146D+00-0.17200233D+00 0.00000000D+00 0.12736341D+01
-0.13043014D+01 0.00000000D+00 0.10442213D+00-0.17321852D+00-0.87356504D-01
 0.00000000D+00 0.14938999D+00 0.91136569D-02 0.00000000D+00 0.17659423D+00
 0.00000000D+00-0.41537385D-02-0.21342308D+00 0.00000000D+00 0.29784125D+00
-0.66619643D+01-0.93888770D+00-0.10035907D+00 0.00000000D+00-0.13330146D+00
-0.17200233D+00 0.00000000D+00-0.12736341D+01-0.13043014D+01 0.00000000D+00
-0.10442213D+00-0.17321852D+00-0.87356504D-01 0.00000000D+00-0.14938999D+00
 0.91136569D-02 0.00000000D+00 0.17659423D+00 0.00000000D+00 0.41537385D-02
-0.21342308D+00 0.00000000D+00
   50 Alpha MO OE= 0.24187774D+01
-0.33756649D-02 0.42384847D+00 0.69821653D-01 0.11263727D+02 0.44487382D+01
 0.00000000D+00 0.00000000D+00-0.22588681D+00 0.00000000D+00 0.00000000D+00
-0.10972935D+01 0.00000000D+00 0.00000000D+00-0.42151080D+01 0.00000000D+00
 0.00000000D+00-0.28763958D+00-0.76415986D-02 0.00000000D+00 0.00000000D+00
 0.51680150D-02 0.00000000D+00 0.75841103D+00 0.00000000D+00 0.00000000D+00
-0.10437383D+01 0.00000000D+00 0.61819303D+00 0.00000000D+00 0.00000000D+00
 0.13862503D+00 0.00000000D+00 0.61770111D-01 0.00000000D+00 0.00000000D+00
 0.20079611D-01 0.00000000D+00 0.00000000D+00 0.00000000D+00-0.65333612D+00
 0.00000000D+00 0.00000000D+00 0.11799708D+00 0.00000000D+00 0.00000000D+00
 0.00000000D+00-0.84343420D-02-0.45358070D+01-0.35307863D+01-0.19547456D+00
 0.00000000D+00-0.84846021D-02 0.14382618D-01 0.00000000D+00 0.25281232D+01
-0.99190100D+00 0.00000000D+00 0.10910198D+01-0.66837621D+00 0.57642440D-01
 0.00000000D+00 0.81051941D-01 0.58491958D-01 0.00000000D+00-0.17798327D-01
 0.00000000D+00 0.37102080D+00 0.44991689D+00 0.00000000D+00-0.84343420D-02
-0.45358070D+01-0.35307863D+01-0.19547456D+00 0.00000000D+00 0.84846021D-02
 0.14382618D-01 0.00000000D+00-0.25281232D+01-0.99190100D+00 0.00000000D+00
-0.10910198D+01-0.66837621D+00 0.57642440D-01 0.00000000D+00-0.81051941D-01
 0.58491958D-01 0.00000000D+00-0.17798327D-01 0.00000000D+00-0.37102080D+00
 0.44991689D+00 0.00000000D+00
   51 Alpha MO OE= 0.24212962D+01
 0.00000000D+00 0.00000000D+00 0.00000000D+00 0.00000000D+00 0.00000000D+00
 0.14235868D-01 0.00000000D+00 0.00000000D+00 0.15170184D-01 0.00000000D+00
 0.00000000D+00 0.89592558D+00 0.00000000D+00 0.00000000D+00 0.15700055D+00
 0.00000000D+00 0.00000000D+00 0.00000000D+00 0.82594018D-02 0.00000000D+00
 0.00000000D+00 0.00000000D+00 0.00000000D+00 0.10165851D+00 0.00000000D+00
 0.00000000D+00 0.00000000D+00 0.00000000D+00-0.10891303D+01 0.00000000D+00
 0.00000000D+00 0.00000000D+00 0.00000000D+00-0.13256459D+00 0.00000000D+00
 0.00000000D+00 0.00000000D+00-0.18264950D-01 0.00000000D+00 0.00000000D+00
 0.13193275D+01 0.00000000D+00 0.00000000D+00 0.00000000D+00 0.17151155D+00
 0.00000000D+00 0.00000000D+00 0.00000000D+00 0.00000000D+00 0.00000000D+00
-0.18306273D-01 0.00000000D+00 0.00000000D+00-0.55178800D+00 0.00000000D+00
 0.00000000D+00-0.20481207D+00 0.00000000D+00 0.00000000D+00 0.00000000D+00
-0.11693989D-01 0.00000000D+00 0.00000000D+00 0.16124189D-01 0.00000000D+00
 0.35267065D+00 0.00000000D+00 0.00000000D+00 0.37553852D+00 0.00000000D+00
 0.00000000D+00 0.00000000D+00 0.00000000D+00-0.18306273D-01 0.00000000D+00
 0.00000000D+00-0.55178800D+00 0.00000000D+00 0.00000000D+00-0.20481207D+00
 0.00000000D+00 0.00000000D+00 0.00000000D+00-0.11693989D-01 0.00000000D+00
 0.00000000D+00-0.16124189D-01 0.00000000D+00 0.35267065D+00 0.00000000D+00
 0.00000000D+00-0.37553852D+00
   52 Alpha MO OE= 0.24431445D+01
 0.00000000D+00 0.00000000D+00 0.00000000D+00 0.00000000D+00 0.00000000D+00
 0.00000000D+00-0.16292426D+00 0.00000000D+00 0.00000000D+00-0.14088609D+01
 0.00000000D+00 0.00000000D+00 0.10822074D+01 0.00000000D+00 0.00000000D+00
-0.12172298D+00 0.00000000D+00 0.00000000D+00 0.00000000D+00 0.23861720D-01
 0.00000000D+00 0.00000000D+00 0.00000000D+00 0.00000000D+00 0.98407523D+00
 0.00000000D+00 0.00000000D+00 0.00000000D+00 0.00000000D+00-0.19256194D+01
 0.00000000D+00 0.00000000D+00 0.00000000D+00 0.00000000D+00-0.94105986D-01
 0.00000000D+00 0.00000000D+00 0.00000000D+00 0.11309361D+00 0.00000000D+00
 0.00000000D+00 0.79814652D+00 0.00000000D+00 0.00000000D+00 0.00000000D+00
-0.84149614D+00-0.82867389D-02-0.41337168D-01 0.36732105D+01 0.23722574D+00
 0.00000000D+00 0.30375257D-01 0.70147269D-02 0.00000000D+00-0.18784446D+01
 0.12558884D+01 0.00000000D+00-0.15241505D+01 0.78798171D+00 0.55789377D-01
 0.00000000D+00-0.16886549D+00-0.93771054D-01 0.00000000D+00-0.13187642D+00
 0.00000000D+00-0.65924406D+00-0.54512132D+00 0.00000000D+00 0.82867389D-02
 0.41337168D-01-0.36732105D+01-0.23722574D+00 0.00000000D+00 0.30375257D-01
-0.70147269D-02 0.00000000D+00-0.18784446D+01-0.12558884D+01 0.00000000D+00
-0.15241505D+01-0.78798171D+00-0.55789377D-01 0.00000000D+00-0.16886549D+00
 0.93771054D-01 0.00000000D+00 0.13187642D+00 0.00000000D+00-0.65924406D+00
 0.54512132D+00 0.00000000D+00
   53 Alpha MO OE= 0.24800332D+01
 0.22853080D-01-0.82472214D+00-0.47733572D+00 0.92089822D+01 0.61019474D+00
 0.00000000D+00 0.00000000D+00 0.31492545D-01 0.00000000D+00 0.00000000D+00
-0.67462002D+00 0.00000000D+00 0.00000000D+00-0.46781067D+01 0.00000000D+00
 0.00000000D+00-0.13437595D+00-0.40293355D-03 0.00000000D+00 0.00000000D+00
 0.14338457D-01 0.00000000D+00-0.54157253D+00 0.00000000D+00 0.00000000D+00
-0.65005205D+00 0.00000000D+00 0.82664189D+00 0.00000000D+00 0.00000000D+00
-0.20481978D+01 0.00000000D+00 0.10174794D+00 0.00000000D+00 0.00000000D+00
 0.17348328D-01 0.00000000D+00 0.00000000D+00 0.00000000D+00-0.37101456D+00
 0.00000000D+00 0.00000000D+00 0.10754278D+01 0.00000000D+00 0.00000000D+00
 0.00000000D+00 0.29645962D+00-0.70221106D+01 0.21926447D+00-0.11849458D-01
 0.00000000D+00 0.18399660D+00-0.11964491D+00 0.00000000D+00 0.95988520D+00
-0.84989573D+00 0.00000000D+00-0.49945782D+00 0.32915256D+00-0.38762150D-01
 0.00000000D+00 0.14509432D+00 0.10351814D+00 0.00000000D+00-0.43803720D+00
 0.00000000D+00-0.48211844D+00-0.26615972D+00 0.00000000D+00 0.29645962D+00
-0.70221106D+01 0.21926447D+00-0.11849458D-01 0.00000000D+00-0.18399660D+00
-0.11964491D+00 0.00000000D+00-0.95988520D+00-0.84989573D+00 0.00000000D+00
 0.49945782D+00 0.32915256D+00-0.38762150D-01 0.00000000D+00-0.14509432D+00
 0.10351814D+00 0.00000000D+00-0.43803720D+00 0.00000000D+00 0.48211844D+00
-0.26615972D+00 0.00000000D+00
   54 Alpha MO OE= 0.26751662D+01
 0.00000000D+00 0.00000000D+00 0.00000000D+00 0.00000000D+00 0.00000000D+00
 0.00000000D+00 0.79003888D-01 0.00000000D+00 0.00000000D+00 0.17030541D+01
 0.00000000D+00 0.00000000D+00 0.13211502D+02 0.00000000D+00 0.00000000D+00
 0.15674157D+01 0.00000000D+00 0.00000000D+00 0.00000000D+00 0.16392954D-01
 0.00000000D+00 0.00000000D+00 0.00000000D+00 0.00000000D+00-0.20912336D+01
 0.00000000D+00 0.00000000D+00 0.00000000D+00 0.00000000D+00-0.38917646D+01
 0.00000000D+00 0.00000000D+00 0.00000000D+00 0.00000000D+00 0.79178496D-01
 0.00000000D+00 0.00000000D+00 0.00000000D+00 0.18293926D-01 0.00000000D+00
 0.00000000D+00 0.22557719D+00 0.00000000D+00 0.00000000D+00 0.00000000D+00
-0.11063790D+01 0.28586942D+00-0.11721421D+02-0.82060641D+01-0.67773538D+00
 0.00000000D+00 0.15345541D+00-0.15596306D+00 0.00000000D+00 0.23779123D+01
-0.24595700D+01 0.00000000D+00 0.18721464D+01-0.12107882D+01-0.88765014D-02
 0.00000000D+00 0.21865145D+00 0.11804413D+00 0.00000000D+00-0.56516205D-01
 0.00000000D+00-0.11549794D+00 0.44981919D-01 0.00000000D+00-0.28586942D+00
 0.11721421D+02 0.82060641D+01 0.67773538D+00 0.00000000D+00 0.15345541D+00
 0.15596306D+00 0.00000000D+00 0.23779123D+01 0.24595700D+01 0.00000000D+00
 0.18721464D+01 0.12107882D+01 0.88765014D-02 0.00000000D+00 0.21865145D+00
-0.11804413D+00 0.00000000D+00 0.56516205D-01 0.00000000D+00-0.11549794D+00
-0.44981919D-01 0.00000000D+00
   55 Alpha MO OE= 0.26972405D+01
 0.00000000D+00 0.00000000D+00 0.00000000D+00 0.00000000D+00 0.00000000D+00
 0.14980514D+00 0.00000000D+00 0.00000000D+00 0.18853566D+00 0.00000000D+00
 0.00000000D+00 0.45715886D+01 0.00000000D+00 0.00000000D+00 0.37351780D+00
 0.00000000D+00 0.00000000D+00 0.00000000D+00 0.10262116D-01 0.00000000D+00
 0.00000000D+00 0.00000000D+00 0.00000000D+00-0.11626707D+01 0.00000000D+00
 0.00000000D+00 0.00000000D+00 0.00000000D+00-0.12022930D+01 0.00000000D+00
 0.00000000D+00 0.00000000D+00 0.00000000D+00-0.15746992D-01 0.00000000D+00
 0.00000000D+00 0.00000000D+00 0.10242493D+00 0.00000000D+00 0.00000000D+00
 0.36301705D+00 0.00000000D+00 0.00000000D+00 0.00000000D+00-0.14580098D+01
 0.00000000D+00 0.00000000D+00 0.00000000D+00 0.00000000D+00 0.00000000D+00
-0.24400164D-02 0.00000000D+00 0.00000000D+00-0.23842306D+01 0.00000000D+00
 0.00000000D+00-0.86200548D+00 0.00000000D+00 0.00000000D+00 0.00000000D+00
-0.91833994D-01 0.00000000D+00 0.00000000D+00 0.62464460D-01 0.00000000D+00
-0.65208135D+00 0.00000000D+00 0.00000000D+00 0.71612951D+00 0.00000000D+00
 0.00000000D+00 0.00000000D+00 0.00000000D+00-0.24400164D-02 0.00000000D+00
 0.00000000D+00-0.23842306D+01 0.00000000D+00 0.00000000D+00-0.86200548D+00
 0.00000000D+00 0.00000000D+00 0.00000000D+00-0.91833994D-01 0.00000000D+00
 0.00000000D+00-0.62464460D-01 0.00000000D+00-0.65208135D+00 0.00000000D+00
 0.00000000D+00-0.71612951D+00
   56 Alpha MO OE= 0.27736911D+01
-0.13826513D-01 0.59642080D+00 0.22006978D+00 0.39068689D+01 0.69329288D+00
 0.00000000D+00 0.00000000D+00-0.55825453D-01 0.00000000D+00 0.00000000D+00
-0.33867968D+00 0.00000000D+00 0.00000000D+00 0.26126802D+01 0.00000000D+00
 0.00000000D+00 0.32381181D+00 0.12010522D-02 0.00000000D+00 0.00000000D+00
 0.67900587D-02 0.00000000D+00-0.12057204D+01 0.00000000D+00 0.00000000D+00
-0.10774782D+01 0.00000000D+00-0.15451806D+01 0.00000000D+00 0.00000000D+00
-0.44912287D+00 0.00000000D+00-0.28112635D-01 0.00000000D+00 0.00000000D+00
 0.43038385D-01 0.00000000D+00 0.00000000D+00 0.00000000D+00 0.64293382D+00
 0.00000000D+00 0.00000000D+00-0.23620796D+00 0.00000000D+00 0.00000000D+00
 0.00000000D+00 0.13324058D+00-0.12949587D+01-0.95519776D+00-0.37884994D-01
 0.00000000D+00 0.52468824D-01 0.47858753D-01 0.00000000D+00-0.30185528D+00
-0.23607100D+01 0.00000000D+00 0.83604223D-01-0.92144132D+00-0.31172836D-01
 0.00000000D+00-0.24235789D-01-0.10965865D-01 0.00000000D+00-0.77961402D+00
 0.00000000D+00 0.65139057D+00-0.28687847D+00 0.00000000D+00 0.13324058D+00
-0.12949587D+01-0.95519776D+00-0.37884994D-01 0.00000000D+00-0.52468824D-01
 0.47858753D-01 0.00000000D+00 0.30185528D+00-0.23607100D+01 0.00000000D+00
-0.83604223D-01-0.92144132D+00-0.31172836D-01 0.00000000D+00 0.24235789D-01
-0.10965865D-01 0.00000000D+00-0.77961402D+00 0.00000000D+00-0.65139057D+00
-0.28687847D+00 0.00000000D+00
   57 Alpha MO OE= 0.28139607D+01
 0.00000000D+00 0.00000000D+00 0.00000000D+00 0.00000000D+00 0.00000000D+00
 0.00000000D+00 0.26723612D-01 0.00000000D+00 0.00000000D+00-0.72645512D+00
 0.00000000D+00 0.00000000D+00-0.46129532D+00 0.00000000D+00 0.00000000D+00
 0.13157232D+00 0.00000000D+00 0.00000000D+00 0.00000000D+00-0.30488014D-01
 0.00000000D+00 0.00000000D+00 0.00000000D+00 0.00000000D+00 0.94443729D+00
 0.00000000D+00 0.00000000D+00 0.00000000D+00 0.00000000D+00 0.20140504D+01
 0.00000000D+00 0.00000000D+00 0.00000000D+00 0.00000000D+00 0.53908416D-01
 0.00000000D+00 0.00000000D+00 0.00000000D+00 0.98946461D-01 0.00000000D+00
 0.00000000D+00-0.19441325D+01 0.00000000D+00 0.00000000D+00 0.00000000D+00
-0.97579591D+00-0.22978627D+00 0.41658663D+01 0.97997846D+00 0.59668568D-01
 0.00000000D+00-0.14968877D+00 0.75488198D-01 0.00000000D+00-0.26623259D+01
-0.11805704D+01 0.00000000D+00-0.76285592D+00-0.46420216D+00-0.14164854D+00
 0.00000000D+00-0.38417514D-01-0.10433634D+00 0.00000000D+00-0.10841510D+01
 0.00000000D+00-0.74820052D-01-0.45968922D+00 0.00000000D+00 0.22978627D+00
-0.41658663D+01-0.97997846D+00-0.59668568D-01 0.00000000D+00-0.14968877D+00
-0.75488198D-01 0.00000000D+00-0.26623259D+01 0.11805704D+01 0.00000000D+00
-0.76285592D+00 0.46420216D+00 0.14164854D+00 0.00000000D+00-0.38417514D-01
 0.10433634D+00 0.00000000D+00 0.10841510D+01 0.00000000D+00-0.74820052D-01
 0.45968922D+00 0.00000000D+00
   58 Alpha MO OE= 0.28851543D+01
 0.00000000D+00 0.00000000D+00 0.00000000D+00 0.00000000D+00 0.00000000D+00
 0.00000000D+00 0.00000000D+00 0.00000000D+00 0.00000000D+00 0.00000000D+00
 0.00000000D+00 0.00000000D+00 0.00000000D+00 0.00000000D+00 0.00000000D+00
 0.00000000D+00 0.00000000D+00 0.00000000D+00 0.00000000D+00 0.00000000D+00
 0.00000000D+00 0.62256294D-02 0.00000000D+00 0.00000000D+00 0.00000000D+00
 0.00000000D+00-0.14541348D+01 0.00000000D+00 0.00000000D+00 0.00000000D+00
 0.00000000D+00-0.18465911D+01 0.00000000D+00 0.00000000D+00 0.00000000D+00
 0.00000000D+00-0.88968867D-01 0.00000000D+00 0.00000000D+00 0.00000000D+00
 0.00000000D+00 0.00000000D+00 0.00000000D+00 0.16699616D+01 0.00000000D+00
 0.00000000D+00 0.00000000D+00 0.00000000D+00 0.00000000D+00 0.00000000D+00
-0.25074834D-01 0.00000000D+00 0.00000000D+00 0.26666548D+01 0.00000000D+00
 0.00000000D+00 0.84825023D+00 0.00000000D+00 0.00000000D+00 0.00000000D+00
 0.40983886D-01 0.00000000D+00 0.00000000D+00-0.96164883D-01 0.00000000D+00
 0.69905491D+00 0.00000000D+00 0.00000000D+00-0.88411656D+00 0.00000000D+00
 0.00000000D+00 0.00000000D+00 0.00000000D+00 0.25074834D-01 0.00000000D+00
 0.00000000D+00-0.26666548D+01 0.00000000D+00 0.00000000D+00-0.84825023D+00
 0.00000000D+00 0.00000000D+00 0.00000000D+00-0.40983886D-01 0.00000000D+00
 0.00000000D+00-0.96164883D-01 0.00000000D+00-0.69905491D+00 0.00000000D+00
 0.00000000D+00-0.88411656D+00
   59 Alpha MO OE= 0.36564880D+01
 0.00000000D+00 0.00000000D+00 0.00000000D+00 0.00000000D+00 0.00000000D+00
 0.00000000D+00 0.10846944D+00 0.00000000D+00 0.00000000D+00-0.38102037D+00
 0.00000000D+00 0.00000000D+00-0.11764553D+01 0.00000000D+00 0.00000000D+00
 0.16355851D+00 0.00000000D+00 0.00000000D+00 0.00000000D+00-0.10235707D+00
 0.00000000D+00 0.00000000D+00 0.00000000D+00 0.00000000D+00-0.27190307D+00
 0.00000000D+00 0.00000000D+00 0.00000000D+00 0.00000000D+00 0.15266834D+00
 0.00000000D+00 0.00000000D+00 0.00000000D+00 0.00000000D+00-0.97094260D-01
 0.00000000D+00 0.00000000D+00 0.00000000D+00 0.82531759D-01 0.00000000D+00
 0.00000000D+00 0.63524218D+00 0.00000000D+00 0.00000000D+00 0.00000000D+00
-0.31260169D+00-0.89956780D+00 0.15942815D+01-0.12307871D+01-0.32317613D-01
 0.00000000D+00-0.36818904D+00 0.20626493D+00 0.00000000D+00 0.34816291D+00
 0.61384296D+00 0.00000000D+00 0.41189048D+00 0.20464569D+00-0.21080536D+00
 0.00000000D+00 0.72142149D-01 0.23811900D+00 0.00000000D+00 0.26045125D+00
 0.00000000D+00-0.21394785D+00 0.16099392D+00 0.00000000D+00 0.89956780D+00
-0.15942815D+01 0.12307871D+01 0.32317613D-01 0.00000000D+00-0.36818904D+00
-0.20626493D+00 0.00000000D+00 0.34816291D+00-0.61384296D+00 0.00000000D+00
 0.41189048D+00-0.20464569D+00 0.21080536D+00 0.00000000D+00 0.72142149D-01
-0.23811900D+00 0.00000000D+00-0.26045125D+00 0.00000000D+00-0.21394785D+00
-0.16099392D+00 0.00000000D+00
   60 Alpha MO OE= 0.37424505D+01
 0.20971570D-01-0.34789298D+00-0.18128257D+00 0.10557648D+01 0.20397970D+01
 0.00000000D+00 0.00000000D+00-0.20499823D+00 0.00000000D+00 0.00000000D+00
 0.22520287D+00 0.00000000D+00 0.00000000D+00-0.18445903D+00 0.00000000D+00
 0.00000000D+00-0.31783585D+00-0.20257740D-01 0.00000000D+00 0.00000000D+00
-0.70022910D-01 0.00000000D+00 0.28345951D-01 0.00000000D+00 0.00000000D+00
-0.38795173D+00 0.00000000D+00-0.68211589D+00 0.00000000D+00 0.00000000D+00
-0.72297776D+00 0.00000000D+00-0.51471657D-01 0.00000000D+00 0.00000000D+00
-0.11752790D+00 0.00000000D+00 0.00000000D+00 0.00000000D+00 0.56771257D+00
 0.00000000D+00 0.00000000D+00 0.83446325D+00 0.00000000D+00 0.00000000D+00
 0.00000000D+00-0.98085533D+00 0.43482044D-01-0.13041205D+01-0.41468619D-01
 0.00000000D+00-0.16036565D+00 0.30054980D+00 0.00000000D+00-0.37799340D+00
-0.62785560D+00 0.00000000D+00-0.17032215D+00-0.12300243D+00 0.39529892D-01
 0.00000000D+00 0.16136984D+00 0.24232574D+00 0.00000000D+00-0.13471832D+00
 0.00000000D+00-0.12027222D+00-0.25262843D+00 0.00000000D+00-0.98085533D+00
 0.43482044D-01-0.13041205D+01-0.41468619D-01 0.00000000D+00 0.16036565D+00
 0.30054980D+00 0.00000000D+00 0.37799340D+00-0.62785560D+00 0.00000000D+00
 0.17032215D+00-0.12300243D+00 0.39529892D-01 0.00000000D+00-0.16136984D+00
 0.24232574D+00 0.00000000D+00-0.13471832D+00 0.00000000D+00 0.12027222D+00
-0.25262843D+00 0.00000000D+00
   61 Alpha MO OE= 0.40204335D+01
 0.00000000D+00 0.00000000D+00 0.00000000D+00 0.00000000D+00 0.00000000D+00
 0.00000000D+00 0.00000000D+00 0.00000000D+00 0.00000000D+00 0.00000000D+00
 0.00000000D+00 0.00000000D+00 0.00000000D+00 0.00000000D+00 0.00000000D+00
 0.00000000D+00 0.00000000D+00 0.00000000D+00 0.00000000D+00 0.00000000D+00
 0.00000000D+00-0.14213884D-01 0.00000000D+00 0.00000000D+00 0.00000000D+00
 0.00000000D+00-0.23729665D+00 0.00000000D+00 0.00000000D+00 0.00000000D+00
 0.00000000D+00 0.21230937D+00 0.00000000D+00 0.00000000D+00 0.00000000D+00
 0.00000000D+00 0.70106794D-01 0.00000000D+00 0.00000000D+00 0.00000000D+00
 0.00000000D+00 0.00000000D+00 0.00000000D+00-0.20385151D+00 0.00000000D+00
 0.00000000D+00 0.00000000D+00 0.00000000D+00 0.00000000D+00 0.00000000D+00
-0.28819684D+00 0.00000000D+00 0.00000000D+00 0.25762722D+00 0.00000000D+00
 0.00000000D+00 0.10100720D+00 0.00000000D+00 0.00000000D+00 0.00000000D+00
 0.64441444D+00 0.00000000D+00 0.00000000D+00 0.43028586D+00 0.00000000D+00
-0.25726871D+00 0.00000000D+00 0.00000000D+00-0.41154390D+00 0.00000000D+00
 0.00000000D+00 0.00000000D+00 0.00000000D+00 0.28819684D+00 0.00000000D+00
 0.00000000D+00-0.25762722D+00 0.00000000D+00 0.00000000D+00-0.10100720D+00
 0.00000000D+00 0.00000000D+00 0.00000000D+00-0.64441444D+00 0.00000000D+00
 0.00000000D+00 0.43028586D+00 0.00000000D+00 0.25726871D+00 0.00000000D+00
 0.00000000D+00-0.41154390D+00
   62 Alpha MO OE= 0.40849981D+01
 0.00000000D+00 0.00000000D+00 0.00000000D+00 0.00000000D+00 0.00000000D+00
 0.92664486D+00 0.00000000D+00 0.00000000D+00-0.73517942D+00 0.00000000D+00
 0.00000000D+00 0.38980196D+00 0.00000000D+00 0.00000000D+00-0.19589497D+00
 0.00000000D+00 0.00000000D+00 0.00000000D+00 0.54092490D-01 0.00000000D+00
 0.00000000D+00 0.00000000D+00 0.00000000D+00-0.34351284D+00 0.00000000D+00
 0.00000000D+00 0.00000000D+00 0.00000000D+00-0.66892027D-02 0.00000000D+00
 0.00000000D+00 0.00000000D+00 0.00000000D+00 0.32803594D-01 0.00000000D+00
 0.00000000D+00 0.00000000D+00-0.51656218D-01 0.00000000D+00 0.00000000D+00
-0.18677910D-01 0.00000000D+00 0.00000000D+00 0.00000000D+00-0.17773422D+00
 0.00000000D+00 0.00000000D+00 0.00000000D+00 0.00000000D+00 0.00000000D+00
 0.99111780D-03 0.00000000D+00 0.00000000D+00-0.22117249D+00 0.00000000D+00
 0.00000000D+00 0.89398476D-01 0.00000000D+00 0.00000000D+00 0.00000000D+00
-0.45272203D+00 0.00000000D+00 0.00000000D+00 0.38071983D+00 0.00000000D+00
 0.17261435D+00 0.00000000D+00 0.00000000D+00-0.17293575D+00 0.00000000D+00
 0.00000000D+00 0.00000000D+00 0.00000000D+00 0.99111780D-03 0.00000000D+00
 0.00000000D+00-0.22117249D+00 0.00000000D+00 0.00000000D+00 0.89398476D-01
 0.00000000D+00 0.00000000D+00 0.00000000D+00-0.45272203D+00 0.00000000D+00
 0.00000000D+00-0.38071983D+00 0.00000000D+00 0.17261435D+00 0.00000000D+00
 0.00000000D+00 0.17293575D+00
   63 Alpha MO OE= 0.41619697D+01
-0.12284478D-01-0.15132575D+00-0.45694494D-01-0.13399709D+01-0.63058245D+00
 0.00000000D+00 0.00000000D+00-0.77818264D-01 0.00000000D+00 0.00000000D+00
 0.27378585D+00 0.00000000D+00 0.00000000D+00 0.17037800D+01 0.00000000D+00
 0.00000000D+00 0.31896218D+00-0.32896746D-01 0.00000000D+00 0.00000000D+00
 0.65498474D-02 0.00000000D+00-0.36036338D+00 0.00000000D+00 0.00000000D+00
 0.18276825D+00 0.00000000D+00-0.91425306D+00 0.00000000D+00 0.00000000D+00
-0.67026822D+00 0.00000000D+00-0.56416515D-01 0.00000000D+00 0.00000000D+00
-0.22053045D-01 0.00000000D+00 0.00000000D+00 0.00000000D+00 0.76114634D+00
 0.00000000D+00 0.00000000D+00 0.16512801D+00 0.00000000D+00 0.00000000D+00
 0.00000000D+00-0.19757080D+00 0.80864432D+00 0.44385856D+00 0.13783705D-01
 0.00000000D+00 0.14066544D+00 0.96858478D-01 0.00000000D+00-0.10098266D+01
-0.53626321D+00 0.00000000D+00-0.20301138D+00-0.24214729D+00 0.46624104D+00
 0.00000000D+00 0.35799480D+00-0.62046392D+00 0.00000000D+00-0.28339776D+00
 0.00000000D+00-0.92692241D-01 0.10205405D+00 0.00000000D+00-0.19757080D+00
 0.80864432D+00 0.44385856D+00 0.13783705D-01 0.00000000D+00-0.14066544D+00
 0.96858478D-01 0.00000000D+00 0.10098266D+01-0.53626321D+00 0.00000000D+00
 0.20301138D+00-0.24214729D+00 0.46624104D+00 0.00000000D+00-0.35799480D+00
-0.62046392D+00 0.00000000D+00-0.28339776D+00 0.00000000D+00 0.92692241D-01
 0.10205405D+00 0.00000000D+00
   64 Alpha MO OE= 0.42516337D+01
 0.00000000D+00 0.00000000D+00 0.00000000D+00 0.00000000D+00 0.00000000D+00
 0.00000000D+00 0.11081616D+00 0.00000000D+00 0.00000000D+00-0.70097561D+00
 0.00000000D+00 0.00000000D+00 0.34913860D+01 0.00000000D+00 0.00000000D+00
 0.40470387D+00 0.00000000D+00 0.00000000D+00 0.00000000D+00 0.68165907D-01
 0.00000000D+00 0.00000000D+00 0.00000000D+00 0.00000000D+00 0.11726600D+00
 0.00000000D+00 0.00000000D+00 0.00000000D+00 0.00000000D+00-0.13249285D+01
 0.00000000D+00 0.00000000D+00 0.00000000D+00 0.00000000D+00-0.27110689D-01
 0.00000000D+00 0.00000000D+00 0.00000000D+00 0.56429585D-01 0.00000000D+00
 0.00000000D+00-0.17711075D+00 0.00000000D+00 0.00000000D+00 0.00000000D+00
-0.66125046D+00 0.56522750D-01-0.16101943D+01 0.91886578D+00-0.14536502D-01
 0.00000000D+00 0.29649414D+00-0.23881687D-01 0.00000000D+00-0.12564414D+01
-0.29134441D+00 0.00000000D+00-0.91363537D+00-0.28411551D+00-0.38088508D+00
 0.00000000D+00-0.63803400D+00 0.39169639D+00 0.00000000D+00-0.13865388D+00
 0.00000000D+00 0.27937021D-01-0.70453020D+00 0.00000000D+00-0.56522750D-01
 0.16101943D+01-0.91886578D+00 0.14536502D-01 0.00000000D+00 0.29649414D+00
 0.23881687D-01 0.00000000D+00-0.12564414D+01 0.29134441D+00 0.00000000D+00
-0.91363537D+00 0.28411551D+00 0.38088508D+00 0.00000000D+00-0.63803400D+00
-0.39169639D+00 0.00000000D+00 0.13865388D+00 0.00000000D+00 0.27937021D-01
 0.70453020D+00 0.00000000D+00
   65 Alpha MO OE= 0.42854237D+01
 0.00000000D+00 0.00000000D+00 0.00000000D+00 0.00000000D+00 0.00000000D+00
 0.41305948D-01 0.00000000D+00 0.00000000D+00 0.11235303D+00 0.00000000D+00
 0.00000000D+00 0.15232466D+01 0.00000000D+00 0.00000000D+00 0.13726462D+00
 0.00000000D+00 0.00000000D+00 0.00000000D+00-0.18794587D-01 0.00000000D+00
 0.00000000D+00 0.00000000D+00 0.00000000D+00-0.36372713D+00 0.00000000D+00
 0.00000000D+00 0.00000000D+00 0.00000000D+00-0.63171535D+00 0.00000000D+00
 0.00000000D+00 0.00000000D+00 0.00000000D+00-0.13293796D-01 0.00000000D+00
 0.00000000D+00 0.00000000D+00-0.13129703D+00 0.00000000D+00 0.00000000D+00
 0.57765929D+00 0.00000000D+00 0.00000000D+00 0.00000000D+00 0.34103788D+00
 0.00000000D+00 0.00000000D+00 0.00000000D+00 0.00000000D+00 0.00000000D+00
 0.55278612D+00 0.00000000D+00 0.00000000D+00-0.10158598D+01 0.00000000D+00
 0.00000000D+00-0.26964164D+00 0.00000000D+00 0.00000000D+00 0.00000000D+00
 0.48548009D+00 0.00000000D+00 0.00000000D+00 0.60355362D+00 0.00000000D+00
-0.19233627D+00 0.00000000D+00 0.00000000D+00 0.23694466D+00 0.00000000D+00
 0.00000000D+00 0.00000000D+00 0.00000000D+00 0.55278612D+00 0.00000000D+00
 0.00000000D+00-0.10158598D+01 0.00000000D+00 0.00000000D+00-0.26964164D+00
 0.00000000D+00 0.00000000D+00 0.00000000D+00 0.48548009D+00 0.00000000D+00
 0.00000000D+00-0.60355362D+00 0.00000000D+00-0.19233627D+00 0.00000000D+00
 0.00000000D+00-0.23694466D+00
   66 Alpha MO OE= 0.43724921D+01
-0.29975987D-01 0.84894377D-01 0.92187132D-01 0.28848732D+01 0.81616373D+00
 0.00000000D+00 0.00000000D+00 0.16511630D+00 0.00000000D+00 0.00000000D+00
-0.23820809D-01 0.00000000D+00 0.00000000D+00 0.17408787D+01 0.00000000D+00
 0.00000000D+00 0.13070716D+00 0.43331185D-01 0.00000000D+00 0.00000000D+00
 0.11888321D-01 0.00000000D+00-0.97921320D+00 0.00000000D+00 0.00000000D+00
-0.80518649D+00 0.00000000D+00-0.14285063D+01 0.00000000D+00 0.00000000D+00
-0.10041766D+01 0.00000000D+00 0.11873579D+00 0.00000000D+00 0.00000000D+00
 0.24606595D-01 0.00000000D+00 0.00000000D+00 0.00000000D+00 0.30252673D+00
 0.00000000D+00 0.00000000D+00 0.11892657D+00 0.00000000D+00 0.00000000D+00
 0.00000000D+00-0.94060757D-01-0.97838937D+00-0.79660796D+00-0.34764815D-01
 0.00000000D+00 0.42610673D+00 0.52903299D+00 0.00000000D+00-0.82713376D+00
-0.21751098D+01 0.00000000D+00 0.45105036D-01-0.54682703D+00-0.69420971D+00
 0.00000000D+00 0.22604116D+00-0.35929510D+00 0.00000000D+00-0.41046245D+00
 0.00000000D+00 0.16914349D+00-0.16212514D-01 0.00000000D+00-0.94060757D-01
-0.97838937D+00-0.79660796D+00-0.34764815D-01 0.00000000D+00-0.42610673D+00
 0.52903299D+00 0.00000000D+00 0.82713376D+00-0.21751098D+01 0.00000000D+00
-0.45105036D-01-0.54682703D+00-0.69420971D+00 0.00000000D+00-0.22604116D+00
-0.35929510D+00 0.00000000D+00-0.41046245D+00 0.00000000D+00-0.16914349D+00
-0.16212514D-01 0.00000000D+00
   67 Alpha MO OE= 0.43780920D+01
 0.00000000D+00 0.00000000D+00 0.00000000D+00 0.00000000D+00 0.00000000D+00
 0.00000000D+00 0.00000000D+00 0.00000000D+00 0.00000000D+00 0.00000000D+00
 0.00000000D+00 0.00000000D+00 0.00000000D+00 0.00000000D+00 0.00000000D+00
 0.00000000D+00 0.00000000D+00 0.00000000D+00 0.00000000D+00 0.00000000D+00
 0.00000000D+00 0.13106385D-01 0.00000000D+00 0.00000000D+00 0.00000000D+00
 0.00000000D+00-0.41309654D+00 0.00000000D+00 0.00000000D+00 0.00000000D+00
 0.00000000D+00-0.12224698D+01 0.00000000D+00 0.00000000D+00 0.00000000D+00
 0.00000000D+00 0.18827564D+00 0.00000000D+00 0.00000000D+00 0.00000000D+00
 0.00000000D+00 0.00000000D+00 0.00000000D+00 0.21598286D+00 0.00000000D+00
 0.00000000D+00 0.00000000D+00 0.00000000D+00 0.00000000D+00 0.00000000D+00
-0.83977775D+00 0.00000000D+00 0.00000000D+00 0.17163896D+01 0.00000000D+00
 0.00000000D+00 0.28862807D+00 0.00000000D+00 0.00000000D+00 0.00000000D+00
 0.11374929D+00 0.00000000D+00 0.00000000D+00-0.54802383D+00 0.00000000D+00
 0.48480108D+00 0.00000000D+00 0.00000000D+00-0.20878893D+00 0.00000000D+00
 0.00000000D+00 0.00000000D+00 0.00000000D+00 0.83977775D+00 0.00000000D+00
 0.00000000D+00-0.17163896D+01 0.00000000D+00 0.00000000D+00-0.28862807D+00
 0.00000000D+00 0.00000000D+00 0.00000000D+00-0.11374929D+00 0.00000000D+00
 0.00000000D+00-0.54802383D+00 0.00000000D+00-0.48480108D+00 0.00000000D+00
 0.00000000D+00-0.20878893D+00
   68 Alpha MO OE= 0.44070339D+01
 0.00000000D+00 0.00000000D+00 0.00000000D+00 0.00000000D+00 0.00000000D+00
-0.32737954D+00 0.00000000D+00 0.00000000D+00 0.65411597D+00 0.00000000D+00
 0.00000000D+00 0.21576116D+01 0.00000000D+00 0.00000000D+00 0.18095666D+00
 0.00000000D+00 0.00000000D+00 0.00000000D+00-0.10219913D-01 0.00000000D+00
 0.00000000D+00 0.00000000D+00 0.00000000D+00-0.65621490D-02 0.00000000D+00
 0.00000000D+00 0.00000000D+00 0.00000000D+00-0.87581007D+00 0.00000000D+00
 0.00000000D+00 0.00000000D+00 0.00000000D+00 0.99206518D-01 0.00000000D+00
 0.00000000D+00 0.00000000D+00-0.10472146D+00 0.00000000D+00 0.00000000D+00
-0.24301718D+00 0.00000000D+00 0.00000000D+00 0.00000000D+00-0.36859634D+00
 0.00000000D+00 0.00000000D+00 0.00000000D+00 0.00000000D+00 0.00000000D+00
 0.78305267D+00 0.00000000D+00 0.00000000D+00-0.15708636D+01 0.00000000D+00
 0.00000000D+00-0.35283968D+00 0.00000000D+00 0.00000000D+00 0.00000000D+00
-0.53120880D+00 0.00000000D+00 0.00000000D+00-0.14199109D+00 0.00000000D+00
-0.25460093D+00 0.00000000D+00 0.00000000D+00 0.47329665D+00 0.00000000D+00
 0.00000000D+00 0.00000000D+00 0.00000000D+00 0.78305267D+00 0.00000000D+00
 0.00000000D+00-0.15708636D+01 0.00000000D+00 0.00000000D+00-0.35283968D+00
 0.00000000D+00 0.00000000D+00 0.00000000D+00-0.53120880D+00 0.00000000D+00
 0.00000000D+00 0.14199109D+00 0.00000000D+00-0.25460093D+00 0.00000000D+00
 0.00000000D+00-0.47329665D+00
   69 Alpha MO OE= 0.45203106D+01
 0.00000000D+00 0.00000000D+00 0.00000000D+00 0.00000000D+00 0.00000000D+00
 0.00000000D+00-0.39348026D+00 0.00000000D+00 0.00000000D+00 0.13281631D+01
 0.00000000D+00 0.00000000D+00 0.49574060D+01 0.00000000D+00 0.00000000D+00
 0.93593213D+00 0.00000000D+00 0.00000000D+00 0.00000000D+00-0.72491011D-01
 0.00000000D+00 0.00000000D+00 0.00000000D+00 0.00000000D+00-0.19602419D+00
 0.00000000D+00 0.00000000D+00 0.00000000D+00 0.00000000D+00-0.11758710D+01
 0.00000000D+00 0.00000000D+00 0.00000000D+00 0.00000000D+00-0.11344988D+00
 0.00000000D+00 0.00000000D+00 0.00000000D+00-0.12035470D+00 0.00000000D+00
 0.00000000D+00 0.20672769D+00 0.00000000D+00 0.00000000D+00 0.00000000D+00
 0.16970957D+00 0.30973964D+00-0.39623101D+01-0.24992543D+01-0.32999431D+00
 0.00000000D+00 0.33166698D+00 0.90630189D+00 0.00000000D+00 0.53148466D+00
-0.21926483D+01 0.00000000D+00 0.10871539D+00-0.92652035D+00 0.11835017D-01
 0.00000000D+00 0.21168624D+00 0.12666649D+00 0.00000000D+00-0.41575451D+00
 0.00000000D+00 0.61975549D+00-0.36436394D+00 0.00000000D+00-0.30973964D+00
 0.39623101D+01 0.24992543D+01 0.32999431D+00 0.00000000D+00 0.33166698D+00
-0.90630189D+00 0.00000000D+00 0.53148466D+00 0.21926483D+01 0.00000000D+00
 0.10871539D+00 0.92652035D+00-0.11835017D-01 0.00000000D+00 0.21168624D+00
-0.12666649D+00 0.00000000D+00 0.41575451D+00 0.00000000D+00 0.61975549D+00
 0.36436394D+00 0.00000000D+00
   70 Alpha MO OE= 0.47283402D+01
 0.14107031D-01 0.51218368D+00 0.32373408D+00 0.10669656D+02 0.44683737D+01
 0.00000000D+00 0.00000000D+00 0.84750379D+00 0.00000000D+00 0.00000000D+00
-0.20072101D+01 0.00000000D+00 0.00000000D+00-0.27918816D+01 0.00000000D+00
 0.00000000D+00-0.55390996D+00 0.39761626D-01 0.00000000D+00 0.00000000D+00
-0.12217793D+00 0.00000000D+00-0.12541853D+00 0.00000000D+00 0.00000000D+00
-0.11495469D+00 0.00000000D+00 0.34019926D+00 0.00000000D+00 0.00000000D+00
-0.27591990D+00 0.00000000D+00-0.33456248D-02 0.00000000D+00 0.00000000D+00
 0.10878982D+00 0.00000000D+00 0.00000000D+00 0.00000000D+00 0.44950991D-01
 0.00000000D+00 0.00000000D+00-0.17724622D+00 0.00000000D+00 0.00000000D+00
 0.00000000D+00 0.39555915D+00-0.41970890D+01-0.36983760D+01-0.16349896D+00
 0.00000000D+00-0.65839990D+00 0.21027148D+00 0.00000000D+00 0.25536605D+01
-0.15721415D+01 0.00000000D+00 0.97829189D+00-0.64875878D+00 0.12036903D-02
 0.00000000D+00 0.35618629D+00 0.42908417D-02 0.00000000D+00 0.86693643D-01
 0.00000000D+00 0.46585013D+00 0.43092115D+00 0.00000000D+00 0.39555915D+00
-0.41970890D+01-0.36983760D+01-0.16349896D+00 0.00000000D+00 0.65839990D+00
 0.21027148D+00 0.00000000D+00-0.25536605D+01-0.15721415D+01 0.00000000D+00
-0.97829189D+00-0.64875878D+00 0.12036903D-02 0.00000000D+00-0.35618629D+00
 0.42908417D-02 0.00000000D+00 0.86693643D-01 0.00000000D+00-0.46585013D+00
 0.43092115D+00 0.00000000D+00
   71 Alpha MO OE= 0.48503210D+01
 0.00000000D+00 0.00000000D+00 0.00000000D+00 0.00000000D+00 0.00000000D+00
 0.00000000D+00 0.69549362D+00 0.00000000D+00 0.00000000D+00-0.43303444D+00
 0.00000000D+00 0.00000000D+00 0.39648405D+01 0.00000000D+00 0.00000000D+00
 0.11095334D+00 0.00000000D+00 0.00000000D+00 0.00000000D+00 0.13937520D+00
 0.00000000D+00 0.00000000D+00 0.00000000D+00 0.00000000D+00-0.38423458D+00
 0.00000000D+00 0.00000000D+00 0.00000000D+00 0.00000000D+00-0.13175267D+01
 0.00000000D+00 0.00000000D+00 0.00000000D+00 0.00000000D+00-0.22278738D-01
 0.00000000D+00 0.00000000D+00 0.00000000D+00-0.12177716D+00 0.00000000D+00
 0.00000000D+00-0.19901286D-01 0.00000000D+00 0.00000000D+00 0.00000000D+00
-0.25275746D+00-0.20928141D+00-0.18960621D+01 0.23883507D+00 0.90251809D-01
 0.00000000D+00 0.70323223D+00-0.82907705D-02 0.00000000D+00-0.13902243D+01
-0.50183190D+00 0.00000000D+00-0.43487708D+00 0.72357903D-01-0.42961230D+00
 0.00000000D+00 0.42927784D+00-0.16175626D+00 0.00000000D+00-0.13666055D+00
 0.00000000D+00-0.41685928D+00-0.62902754D+00 0.00000000D+00 0.20928141D+00
 0.18960621D+01-0.23883507D+00-0.90251809D-01 0.00000000D+00 0.70323223D+00
 0.82907705D-02 0.00000000D+00-0.13902243D+01 0.50183190D+00 0.00000000D+00
-0.43487708D+00-0.72357903D-01 0.42961230D+00 0.00000000D+00 0.42927784D+00
 0.16175626D+00 0.00000000D+00 0.13666055D+00 0.00000000D+00-0.41685928D+00
 0.62902754D+00 0.00000000D+00
   72 Alpha MO OE= 0.51529906D+01
 0.00000000D+00 0.00000000D+00 0.00000000D+00 0.00000000D+00 0.00000000D+00
 0.00000000D+00 0.00000000D+00 0.00000000D+00 0.00000000D+00 0.00000000D+00
 0.00000000D+00 0.00000000D+00 0.00000000D+00 0.00000000D+00 0.00000000D+00
 0.00000000D+00 0.00000000D+00 0.00000000D+00 0.00000000D+00 0.00000000D+00
 0.00000000D+00-0.32655469D-01 0.00000000D+00 0.00000000D+00 0.00000000D+00
 0.00000000D+00 0.18132888D+01 0.00000000D+00 0.00000000D+00 0.00000000D+00
 0.00000000D+00 0.78518562D+00 0.00000000D+00 0.00000000D+00 0.00000000D+00
 0.00000000D+00 0.15011160D+00 0.00000000D+00 0.00000000D+00 0.00000000D+00
 0.00000000D+00 0.00000000D+00 0.00000000D+00-0.13105848D+01 0.00000000D+00
 0.00000000D+00 0.00000000D+00 0.00000000D+00 0.00000000D+00 0.00000000D+00
-0.49404617D+00 0.00000000D+00 0.00000000D+00-0.15981786D+01 0.00000000D+00
 0.00000000D+00-0.18975343D+00 0.00000000D+00 0.00000000D+00 0.00000000D+00
-0.77247085D+00 0.00000000D+00 0.00000000D+00 0.84098460D+00 0.00000000D+00
-0.13890809D+00 0.00000000D+00 0.00000000D+00 0.23762666D+00 0.00000000D+00
 0.00000000D+00 0.00000000D+00 0.00000000D+00 0.49404617D+00 0.00000000D+00
 0.00000000D+00 0.15981786D+01 0.00000000D+00 0.00000000D+00 0.18975343D+00
 0.00000000D+00 0.00000000D+00 0.00000000D+00 0.77247085D+00 0.00000000D+00
 0.00000000D+00 0.84098460D+00 0.00000000D+00 0.13890809D+00 0.00000000D+00
 0.00000000D+00 0.23762666D+00
   73 Alpha MO OE= 0.51545815D+01
 0.00000000D+00 0.00000000D+00 0.00000000D+00 0.00000000D+00 0.00000000D+00
 0.00000000D+00 0.27970919D-02 0.00000000D+00 0.00000000D+00-0.29966186D+01
 0.00000000D+00 0.00000000D+00-0.32368115D+01 0.00000000D+00 0.00000000D+00
-0.48412770D+00 0.00000000D+00 0.00000000D+00 0.00000000D+00-0.20306227D+00
 0.00000000D+00 0.00000000D+00 0.00000000D+00 0.00000000D+00 0.16020310D+01
 0.00000000D+00 0.00000000D+00 0.00000000D+00 0.00000000D+00 0.73569287D+00
 0.00000000D+00 0.00000000D+00 0.00000000D+00 0.00000000D+00-0.26090885D+00
 0.00000000D+00 0.00000000D+00 0.00000000D+00 0.21441450D+00 0.00000000D+00
 0.00000000D+00-0.23847389D+00 0.00000000D+00 0.00000000D+00 0.00000000D+00
-0.35094074D+00-0.40336720D+00 0.63419600D+01 0.37699003D+01 0.28110095D+00
 0.00000000D+00-0.11585444D+00 0.33162859D+00 0.00000000D+00-0.37500661D+01
 0.13774022D+01 0.00000000D+00-0.11826184D+01 0.48618817D+00-0.33699372D+00
 0.00000000D+00-0.82549586D+00-0.10053464D+01 0.00000000D+00-0.30743267D+00
 0.00000000D+00-0.24284405D+00-0.47347655D+00 0.00000000D+00 0.40336720D+00
-0.63419600D+01-0.37699003D+01-0.28110095D+00 0.00000000D+00-0.11585444D+00
-0.33162859D+00 0.00000000D+00-0.37500661D+01-0.13774022D+01 0.00000000D+00
-0.11826184D+01-0.48618817D+00 0.33699372D+00 0.00000000D+00-0.82549586D+00
 0.10053464D+01 0.00000000D+00 0.30743267D+00 0.00000000D+00-0.24284405D+00
 0.47347655D+00 0.00000000D+00
   74 Alpha MO OE= 0.52512099D+01
 0.00000000D+00 0.00000000D+00 0.00000000D+00 0.00000000D+00 0.00000000D+00
 0.00000000D+00 0.47832523D+00 0.00000000D+00 0.00000000D+00-0.21668326D+01
 0.00000000D+00 0.00000000D+00-0.24574223D+01 0.00000000D+00 0.00000000D+00
-0.41756894D+00 0.00000000D+00 0.00000000D+00 0.00000000D+00-0.32126249D-01
 0.00000000D+00 0.00000000D+00 0.00000000D+00 0.00000000D+00-0.72570750D+00
 0.00000000D+00 0.00000000D+00 0.00000000D+00 0.00000000D+00-0.58738207D+00
 0.00000000D+00 0.00000000D+00 0.00000000D+00 0.00000000D+00-0.22287864D+00
 0.00000000D+00 0.00000000D+00 0.00000000D+00 0.79359610D-01 0.00000000D+00
 0.00000000D+00 0.17663562D+01 0.00000000D+00 0.00000000D+00 0.00000000D+00
 0.40020457D+00-0.81606223D+00 0.20649722D+01 0.26504640D+01 0.23120569D+00
 0.00000000D+00 0.43653371D+00 0.44109420D-01 0.00000000D+00-0.45439937D+00
 0.26765719D+01 0.00000000D+00-0.68122593D+00 0.78604748D+00 0.92726693D+00
 0.00000000D+00-0.36194951D+00 0.43152567D-01 0.00000000D+00 0.41040093D+00
 0.00000000D+00-0.54056806D+00-0.60688463D-01 0.00000000D+00 0.81606223D+00
-0.20649722D+01-0.26504640D+01-0.23120569D+00 0.00000000D+00 0.43653371D+00
-0.44109420D-01 0.00000000D+00-0.45439937D+00-0.26765719D+01 0.00000000D+00
-0.68122593D+00-0.78604748D+00-0.92726693D+00 0.00000000D+00-0.36194951D+00
-0.43152567D-01 0.00000000D+00-0.41040093D+00 0.00000000D+00-0.54056806D+00
 0.60688463D-01 0.00000000D+00
   75 Alpha MO OE= 0.53312635D+01
-0.90032642D-01 0.14368898D+01 0.87282683D+00 0.58105415D+01 0.15762317D+01
 0.00000000D+00 0.00000000D+00-0.25897496D+00 0.00000000D+00 0.00000000D+00
-0.14597749D+01 0.00000000D+00 0.00000000D+00-0.15460092D+01 0.00000000D+00
 0.00000000D+00-0.13392698D+00-0.32107386D-01 0.00000000D+00 0.00000000D+00
 0.19463712D+00 0.00000000D+00 0.28683665D+00 0.00000000D+00 0.00000000D+00
-0.27090225D+00 0.00000000D+00 0.12564258D+00 0.00000000D+00 0.00000000D+00
 0.47096682D-01 0.00000000D+00 0.22834596D+00 0.00000000D+00 0.00000000D+00
 0.44128030D+00 0.00000000D+00 0.00000000D+00 0.00000000D+00-0.44195058D+00
 0.00000000D+00 0.00000000D+00-0.63854405D+00 0.00000000D+00 0.00000000D+00
 0.00000000D+00 0.57393241D+00-0.33677909D+01-0.13293776D+01-0.53045585D-01
 0.00000000D+00 0.26497435D+00-0.57414474D-02 0.00000000D+00 0.17851769D+01
-0.12026065D+01 0.00000000D+00 0.30175185D+00-0.25618318D+00 0.29324171D-01
 0.00000000D+00 0.84172426D+00 0.63486273D+00 0.00000000D+00-0.74749107D-01
 0.00000000D+00 0.12005702D+00 0.25034212D-01 0.00000000D+00 0.57393241D+00
-0.33677909D+01-0.13293776D+01-0.53045585D-01 0.00000000D+00-0.26497435D+00
-0.57414474D-02 0.00000000D+00-0.17851769D+01-0.12026065D+01 0.00000000D+00
-0.30175185D+00-0.25618318D+00 0.29324171D-01 0.00000000D+00-0.84172426D+00
 0.63486273D+00 0.00000000D+00-0.74749107D-01 0.00000000D+00-0.12005702D+00
 0.25034212D-01 0.00000000D+00
   76 Alpha MO OE= 0.55284415D+01
 0.00000000D+00 0.00000000D+00 0.00000000D+00 0.00000000D+00 0.00000000D+00
-0.80988298D+00 0.00000000D+00 0.00000000D+00 0.19248732D+01 0.00000000D+00
 0.00000000D+00 0.17509061D+01 0.00000000D+00 0.00000000D+00 0.12109858D+00
 0.00000000D+00 0.00000000D+00 0.00000000D+00-0.68413632D-02 0.00000000D+00
 0.00000000D+00 0.00000000D+00 0.00000000D+00-0.12042639D+01 0.00000000D+00
 0.00000000D+00 0.00000000D+00 0.00000000D+00-0.66380863D+00 0.00000000D+00
 0.00000000D+00 0.00000000D+00 0.00000000D+00-0.66724265D-01 0.00000000D+00
 0.00000000D+00 0.00000000D+00 0.18959055D+00 0.00000000D+00 0.00000000D+00
 0.41050644D+00 0.00000000D+00 0.00000000D+00 0.00000000D+00-0.87084387D+00
 0.00000000D+00 0.00000000D+00 0.00000000D+00 0.00000000D+00 0.00000000D+00
-0.29175174D+00 0.00000000D+00 0.00000000D+00-0.15474241D+01 0.00000000D+00
 0.00000000D+00-0.22999279D+00 0.00000000D+00 0.00000000D+00 0.00000000D+00
-0.53208967D+00 0.00000000D+00 0.00000000D+00 0.84640590D+00 0.00000000D+00
-0.19589027D+00 0.00000000D+00 0.00000000D+00 0.24492958D+00 0.00000000D+00
 0.00000000D+00 0.00000000D+00 0.00000000D+00-0.29175174D+00 0.00000000D+00
 0.00000000D+00-0.15474241D+01 0.00000000D+00 0.00000000D+00-0.22999279D+00
 0.00000000D+00 0.00000000D+00 0.00000000D+00-0.53208967D+00 0.00000000D+00
 0.00000000D+00-0.84640590D+00 0.00000000D+00-0.19589027D+00 0.00000000D+00
 0.00000000D+00-0.24492958D+00
   77 Alpha MO OE= 0.56628211D+01
-0.11528919D+00 0.47845475D-01 0.30540629D-01 0.10242989D+02 0.17730934D+01
 0.00000000D+00 0.00000000D+00 0.24261952D+00 0.00000000D+00 0.00000000D+00
-0.14113679D+01 0.00000000D+00 0.00000000D+00-0.33032695D+01 0.00000000D+00
 0.00000000D+00-0.14021691D+00-0.36314749D-01 0.00000000D+00 0.00000000D+00
 0.45077045D-01 0.00000000D+00-0.11875194D+01 0.00000000D+00 0.00000000D+00
-0.20030292D+01 0.00000000D+00-0.36368408D+00 0.00000000D+00 0.00000000D+00
-0.13883300D+01 0.00000000D+00-0.26314599D+00 0.00000000D+00 0.00000000D+00
-0.54176105D-01 0.00000000D+00 0.00000000D+00 0.00000000D+00 0.11892860D+01
 0.00000000D+00 0.00000000D+00 0.99345701D+00 0.00000000D+00 0.00000000D+00
 0.00000000D+00-0.68649867D+00-0.60314863D+01-0.10741321D+01-0.66198780D-01
 0.00000000D+00 0.17270376D+00-0.93520311D+00 0.00000000D+00 0.86036643D+00
-0.17616614D+01 0.00000000D+00 0.26992909D-01-0.12659814D+00-0.59250830D+00
 0.00000000D+00 0.69965823D+00-0.17805574D+00 0.00000000D+00-0.43203960D-01
 0.00000000D+00-0.11989215D+00-0.18560231D+00 0.00000000D+00-0.68649867D+00
-0.60314863D+01-0.10741321D+01-0.66198780D-01 0.00000000D+00-0.17270376D+00
-0.93520311D+00 0.00000000D+00-0.86036643D+00-0.17616614D+01 0.00000000D+00
-0.26992909D-01-0.12659814D+00-0.59250830D+00 0.00000000D+00-0.69965823D+00
-0.17805574D+00 0.00000000D+00-0.43203960D-01 0.00000000D+00 0.11989215D+00
-0.18560231D+00 0.00000000D+00
   78 Alpha MO OE= 0.61824280D+01
-0.12542501D+00-0.16101609D+00 0.13708689D-01 0.98145968D+01 0.19460721D+01
 0.00000000D+00 0.00000000D+00 0.95952510D+00 0.00000000D+00 0.00000000D+00
-0.30525899D+01 0.00000000D+00 0.00000000D+00-0.45910579D+01 0.00000000D+00
 0.00000000D+00-0.22556841D+00 0.44836990D-01 0.00000000D+00 0.00000000D+00
 0.92623748D-01 0.00000000D+00 0.12807054D+01 0.00000000D+00 0.00000000D+00
-0.44548226D+00 0.00000000D+00 0.84401251D+00 0.00000000D+00 0.00000000D+00
-0.80065318D+00 0.00000000D+00 0.21895670D+00 0.00000000D+00 0.00000000D+00
-0.25248887D+00 0.00000000D+00 0.00000000D+00 0.00000000D+00-0.49085168D+00
 0.00000000D+00 0.00000000D+00 0.62051897D+00 0.00000000D+00 0.00000000D+00
 0.00000000D+00-0.27430739D+00-0.57678638D+01-0.11931107D+01-0.76650590D-01
 0.00000000D+00 0.77301839D+00-0.11899869D+00 0.00000000D+00 0.19250108D+01
-0.23041232D+00 0.00000000D+00 0.17442891D+00-0.36082085D-01 0.51016799D+00
 0.00000000D+00-0.18145107D-01 0.60864438D+00 0.00000000D+00-0.15689640D-01
 0.00000000D+00-0.13718972D+00-0.24271338D-01 0.00000000D+00-0.27430739D+00
-0.57678638D+01-0.11931107D+01-0.76650590D-01 0.00000000D+00-0.77301839D+00
-0.11899869D+00 0.00000000D+00-0.19250108D+01-0.23041232D+00 0.00000000D+00
-0.17442891D+00-0.36082085D-01 0.51016799D+00 0.00000000D+00 0.18145107D-01
 0.60864438D+00 0.00000000D+00-0.15689640D-01 0.00000000D+00 0.13718972D+00
-0.24271338D-01 0.00000000D+00
   79 Alpha MO OE= 0.65116571D+01
 0.00000000D+00 0.00000000D+00 0.00000000D+00 0.00000000D+00 0.00000000D+00
 0.00000000D+00 0.79955473D+00 0.00000000D+00 0.00000000D+00-0.33483365D+01
 0.00000000D+00 0.00000000D+00-0.74613394D+01 0.00000000D+00 0.00000000D+00
-0.77357920D+00 0.00000000D+00 0.00000000D+00 0.00000000D+00-0.18836097D+00
 0.00000000D+00 0.00000000D+00 0.00000000D+00 0.00000000D+00 0.20907619D+01
 0.00000000D+00 0.00000000D+00 0.00000000D+00 0.00000000D+00 0.24507744D+01
 0.00000000D+00 0.00000000D+00 0.00000000D+00 0.00000000D+00 0.35432548D+00
 0.00000000D+00 0.00000000D+00 0.00000000D+00-0.68401035D+00 0.00000000D+00
 0.00000000D+00-0.59572080D+00 0.00000000D+00 0.00000000D+00 0.00000000D+00
 0.80554480D+00 0.38507532D+00 0.79630829D+01 0.39721274D+01 0.34794793D+00
 0.00000000D+00-0.60461855D+00 0.40784139D+00 0.00000000D+00-0.18433392D+01
 0.16614068D+01 0.00000000D+00-0.91460165D+00 0.54742555D+00 0.11413857D+00
 0.00000000D+00-0.44449966D+00-0.16555492D+00 0.00000000D+00-0.13941259D-01
 0.00000000D+00-0.20982577D-01-0.65576873D-01 0.00000000D+00-0.38507532D+00
-0.79630829D+01-0.39721274D+01-0.34794793D+00 0.00000000D+00-0.60461855D+00
-0.40784139D+00 0.00000000D+00-0.18433392D+01-0.16614068D+01 0.00000000D+00
-0.91460165D+00-0.54742555D+00-0.11413857D+00 0.00000000D+00-0.44449966D+00
 0.16555492D+00 0.00000000D+00 0.13941259D-01 0.00000000D+00-0.20982577D-01
 0.65576873D-01 0.00000000D+00
   80 Alpha MO OE= 0.67096286D+01
 0.00000000D+00 0.00000000D+00 0.00000000D+00 0.00000000D+00 0.00000000D+00
 0.24296245D-01 0.00000000D+00 0.00000000D+00-0.73515039D-01 0.00000000D+00
 0.00000000D+00-0.32577890D+00 0.00000000D+00 0.00000000D+00-0.90266565D-02
 0.00000000D+00 0.00000000D+00 0.00000000D+00-0.13392335D+00 0.00000000D+00
 0.00000000D+00 0.00000000D+00 0.00000000D+00 0.12661700D+00 0.00000000D+00
 0.00000000D+00 0.00000000D+00 0.00000000D+00 0.34692845D+00 0.00000000D+00
 0.00000000D+00 0.00000000D+00 0.00000000D+00 0.11497165D+01 0.00000000D+00
 0.00000000D+00 0.00000000D+00 0.44751668D+00 0.00000000D+00 0.00000000D+00
-0.69083757D+00 0.00000000D+00 0.00000000D+00 0.00000000D+00-0.21607516D+00
 0.00000000D+00 0.00000000D+00 0.00000000D+00 0.00000000D+00 0.00000000D+00
-0.28704162D-01 0.00000000D+00 0.00000000D+00 0.23526953D+00 0.00000000D+00
 0.00000000D+00 0.37501947D-01 0.00000000D+00 0.00000000D+00 0.00000000D+00
 0.70559270D-01 0.00000000D+00 0.00000000D+00 0.80500898D-02 0.00000000D+00
-0.14996767D+00 0.00000000D+00 0.00000000D+00-0.17847266D+00 0.00000000D+00
 0.00000000D+00 0.00000000D+00 0.00000000D+00-0.28704162D-01 0.00000000D+00
 0.00000000D+00 0.23526953D+00 0.00000000D+00 0.00000000D+00 0.37501947D-01
 0.00000000D+00 0.00000000D+00 0.00000000D+00 0.70559270D-01 0.00000000D+00
 0.00000000D+00-0.80500898D-02 0.00000000D+00-0.14996767D+00 0.00000000D+00
 0.00000000D+00 0.17847266D+00
   81 Alpha MO OE= 0.69046320D+01
 0.87151500D-01 0.24198216D+00-0.91491803D-01 0.99971620D+00 0.31223356D+00
 0.00000000D+00 0.00000000D+00-0.21288610D+00 0.00000000D+00 0.00000000D+00
 0.52277332D+00 0.00000000D+00 0.00000000D+00-0.63417787D+00 0.00000000D+00
 0.00000000D+00-0.79477303D-01-0.20479257D+00 0.00000000D+00 0.00000000D+00
 0.11761761D-01 0.00000000D+00-0.49305620D+00 0.00000000D+00 0.00000000D+00
-0.20077998D+00 0.00000000D+00 0.28769557D+00 0.00000000D+00 0.00000000D+00
-0.16865062D+00 0.00000000D+00 0.93749634D+00 0.00000000D+00 0.00000000D+00
-0.71986891D+00 0.00000000D+00 0.00000000D+00 0.00000000D+00-0.32454602D+00
 0.00000000D+00 0.00000000D+00 0.34931950D+00 0.00000000D+00 0.00000000D+00
 0.00000000D+00 0.17576607D+00-0.63092045D+00-0.22474607D+00-0.12384194D-01
 0.00000000D+00-0.39779255D+00-0.12866582D+00 0.00000000D+00 0.29913648D+00
-0.21146891D+00 0.00000000D+00 0.10824414D+00 0.57429314D-01-0.30209920D+00
 0.00000000D+00 0.20110121D+00-0.26568087D+00 0.00000000D+00-0.55860542D-02
 0.00000000D+00-0.15390203D-01 0.21725725D+00 0.00000000D+00 0.17576607D+00
-0.63092045D+00-0.22474607D+00-0.12384194D-01 0.00000000D+00 0.39779255D+00
-0.12866582D+00 0.00000000D+00-0.29913648D+00-0.21146891D+00 0.00000000D+00
-0.10824414D+00 0.57429314D-01-0.30209920D+00 0.00000000D+00-0.20110121D+00
-0.26568087D+00 0.00000000D+00-0.55860542D-02 0.00000000D+00 0.15390203D-01
 0.21725725D+00 0.00000000D+00
   82 Alpha MO OE= 0.71331244D+01
 0.00000000D+00 0.00000000D+00 0.00000000D+00 0.00000000D+00 0.00000000D+00
 0.24096388D+00 0.00000000D+00 0.00000000D+00-0.70475306D+00 0.00000000D+00
 0.00000000D+00 0.53703538D+00 0.00000000D+00 0.00000000D+00 0.22696909D+00
 0.00000000D+00 0.00000000D+00 0.00000000D+00-0.48440136D+00 0.00000000D+00
 0.00000000D+00 0.00000000D+00 0.00000000D+00 0.83197663D+00 0.00000000D+00
 0.00000000D+00 0.00000000D+00 0.00000000D+00-0.43159566D+00 0.00000000D+00
 0.00000000D+00 0.00000000D+00 0.00000000D+00-0.47109528D+00 0.00000000D+00
 0.00000000D+00 0.00000000D+00 0.10905657D+01 0.00000000D+00 0.00000000D+00
 0.12328435D+00 0.00000000D+00 0.00000000D+00 0.00000000D+00-0.35452298D+00
 0.00000000D+00 0.00000000D+00 0.00000000D+00 0.00000000D+00 0.00000000D+00
 0.39722686D+00 0.00000000D+00 0.00000000D+00-0.12581976D+00 0.00000000D+00
 0.00000000D+00-0.24477105D+00 0.00000000D+00 0.00000000D+00 0.00000000D+00
 0.24910733D+00 0.00000000D+00 0.00000000D+00-0.40002178D+00 0.00000000D+00
-0.60750620D-01 0.00000000D+00 0.00000000D+00 0.85943914D-01 0.00000000D+00
 0.00000000D+00 0.00000000D+00 0.00000000D+00 0.39722686D+00 0.00000000D+00
 0.00000000D+00-0.12581976D+00 0.00000000D+00 0.00000000D+00-0.24477105D+00
 0.00000000D+00 0.00000000D+00 0.00000000D+00 0.24910733D+00 0.00000000D+00
 0.00000000D+00 0.40002178D+00 0.00000000D+00-0.60750620D-01 0.00000000D+00
 0.00000000D+00-0.85943914D-01
   83 Alpha MO OE= 0.72533845D+01
 0.00000000D+00 0.00000000D+00 0.00000000D+00 0.00000000D+00 0.00000000D+00
-0.22920788D-01 0.00000000D+00 0.00000000D+00 0.52484917D-01 0.00000000D+00
 0.00000000D+00 0.13897354D+01 0.00000000D+00 0.00000000D+00 0.50246540D-01
 0.00000000D+00 0.00000000D+00 0.00000000D+00 0.11294660D+01 0.00000000D+00
 0.00000000D+00 0.00000000D+00 0.00000000D+00-0.87497061D+00 0.00000000D+00
 0.00000000D+00 0.00000000D+00 0.00000000D+00-0.12660496D+00 0.00000000D+00
 0.00000000D+00 0.00000000D+00 0.00000000D+00-0.61805550D-01 0.00000000D+00
 0.00000000D+00 0.00000000D+00 0.52810039D+00 0.00000000D+00 0.00000000D+00
 0.10312079D+00 0.00000000D+00 0.00000000D+00 0.00000000D+00-0.40853558D+00
 0.00000000D+00 0.00000000D+00 0.00000000D+00 0.00000000D+00 0.00000000D+00
 0.14305573D+00 0.00000000D+00 0.00000000D+00-0.72113282D+00 0.00000000D+00
 0.00000000D+00-0.22377264D+00 0.00000000D+00 0.00000000D+00 0.00000000D+00
 0.11584819D+00 0.00000000D+00 0.00000000D+00-0.36805323D-01 0.00000000D+00
-0.26637806D+00 0.00000000D+00 0.00000000D+00 0.26146402D+00 0.00000000D+00
 0.00000000D+00 0.00000000D+00 0.00000000D+00 0.14305573D+00 0.00000000D+00
 0.00000000D+00-0.72113282D+00 0.00000000D+00 0.00000000D+00-0.22377264D+00
 0.00000000D+00 0.00000000D+00 0.00000000D+00 0.11584819D+00 0.00000000D+00
 0.00000000D+00 0.36805323D-01 0.00000000D+00-0.26637806D+00 0.00000000D+00
 0.00000000D+00-0.26146402D+00
   84 Alpha MO OE= 0.73004298D+01
 0.00000000D+00 0.00000000D+00 0.00000000D+00 0.00000000D+00 0.00000000D+00
 0.00000000D+00 0.50532389D+00 0.00000000D+00 0.00000000D+00-0.16718405D+01
 0.00000000D+00 0.00000000D+00-0.79249542D+00 0.00000000D+00 0.00000000D+00
 0.98774237D-01 0.00000000D+00 0.00000000D+00 0.00000000D+00-0.22283258D+00
 0.00000000D+00 0.00000000D+00 0.00000000D+00 0.00000000D+00 0.10245099D+01
 0.00000000D+00 0.00000000D+00 0.00000000D+00 0.00000000D+00 0.68112905D+00
 0.00000000D+00 0.00000000D+00 0.00000000D+00 0.00000000D+00 0.74276515D+00
 0.00000000D+00 0.00000000D+00 0.00000000D+00 0.10166731D+01 0.00000000D+00
 0.00000000D+00-0.61632440D+00 0.00000000D+00 0.00000000D+00 0.00000000D+00
-0.36824153D+00 0.46929548D+00 0.19410130D+01 0.61057725D+00 0.91505015D-02
 0.00000000D+00-0.20245563D+00 0.49980934D+00 0.00000000D+00-0.81293577D+00
-0.51480078D-01 0.00000000D+00-0.39190185D+00-0.11408188D+00 0.33569350D+00
 0.00000000D+00-0.14809601D+00 0.12514782D+00 0.00000000D+00-0.37073542D+00
 0.00000000D+00-0.44123414D-01-0.10633708D+00 0.00000000D+00-0.46929548D+00
-0.19410130D+01-0.61057725D+00-0.91505015D-02 0.00000000D+00-0.20245563D+00
-0.49980934D+00 0.00000000D+00-0.81293577D+00 0.51480078D-01 0.00000000D+00
-0.39190185D+00 0.11408188D+00-0.33569350D+00 0.00000000D+00-0.14809601D+00
-0.12514782D+00 0.00000000D+00 0.37073542D+00 0.00000000D+00-0.44123414D-01
 0.10633708D+00 0.00000000D+00
   85 Alpha MO OE= 0.73167502D+01
 0.00000000D+00 0.00000000D+00 0.00000000D+00 0.00000000D+00 0.00000000D+00
 0.00000000D+00 0.00000000D+00 0.00000000D+00 0.00000000D+00 0.00000000D+00
 0.00000000D+00 0.00000000D+00 0.00000000D+00 0.00000000D+00 0.00000000D+00
 0.00000000D+00 0.00000000D+00 0.00000000D+00 0.00000000D+00 0.00000000D+00
 0.00000000D+00 0.23247190D+00 0.00000000D+00 0.00000000D+00 0.00000000D+00
 0.00000000D+00-0.90427639D+00 0.00000000D+00 0.00000000D+00 0.00000000D+00
 0.00000000D+00 0.42944449D+00 0.00000000D+00 0.00000000D+00 0.00000000D+00
 0.00000000D+00 0.13272531D+01 0.00000000D+00 0.00000000D+00 0.00000000D+00
 0.00000000D+00 0.00000000D+00 0.00000000D+00-0.31672960D+00 0.00000000D+00
 0.00000000D+00 0.00000000D+00 0.00000000D+00 0.00000000D+00 0.00000000D+00
 0.46862169D+00 0.00000000D+00 0.00000000D+00-0.84753758D-01 0.00000000D+00
 0.00000000D+00-0.21618764D+00 0.00000000D+00 0.00000000D+00 0.00000000D+00
 0.36232392D+00 0.00000000D+00 0.00000000D+00-0.42781464D+00 0.00000000D+00
-0.66118151D-01 0.00000000D+00 0.00000000D+00 0.82982051D-01 0.00000000D+00
 0.00000000D+00 0.00000000D+00 0.00000000D+00-0.46862169D+00 0.00000000D+00
 0.00000000D+00 0.84753758D-01 0.00000000D+00 0.00000000D+00 0.21618764D+00
 0.00000000D+00 0.00000000D+00 0.00000000D+00-0.36232392D+00 0.00000000D+00
 0.00000000D+00-0.42781464D+00 0.00000000D+00 0.66118151D-01 0.00000000D+00
 0.00000000D+00 0.82982051D-01
   86 Alpha MO OE= 0.73306489D+01
 0.59501301D-01-0.92733778D-01-0.27307369D+00 0.63883925D+00 0.38501143D+00
 0.00000000D+00 0.00000000D+00 0.25295715D+00 0.00000000D+00 0.00000000D+00
-0.43719979D+00 0.00000000D+00 0.00000000D+00-0.10735088D+01 0.00000000D+00
 0.00000000D+00 0.29840361D-01-0.11333279D+01 0.00000000D+00 0.00000000D+00
 0.41086861D+00 0.00000000D+00 0.12995043D+01 0.00000000D+00 0.00000000D+00
-0.18333597D+00 0.00000000D+00 0.17198477D+00 0.00000000D+00 0.00000000D+00
 0.43327068D+00 0.00000000D+00-0.35134383D-01 0.00000000D+00 0.00000000D+00
 0.24977085D+00 0.00000000D+00 0.00000000D+00 0.00000000D+00-0.20858981D+00
 0.00000000D+00 0.00000000D+00-0.43111230D-01 0.00000000D+00 0.00000000D+00
 0.00000000D+00-0.20342268D+00-0.37736264D-01-0.26598317D+00-0.32759883D-01
 0.00000000D+00 0.11204419D+00 0.33025634D-01 0.00000000D+00 0.39298911D+00
 0.57651315D+00 0.00000000D+00 0.22140778D+00-0.22427878D-02 0.89714047D-01
 0.00000000D+00-0.25486068D+00 0.83790236D-01 0.00000000D+00 0.24679989D+00
 0.00000000D+00-0.15390549D-01 0.93587420D-01 0.00000000D+00-0.20342268D+00
-0.37736264D-01-0.26598317D+00-0.32759883D-01 0.00000000D+00-0.11204419D+00
 0.33025634D-01 0.00000000D+00-0.39298911D+00 0.57651315D+00 0.00000000D+00
-0.22140778D+00-0.22427878D-02 0.89714047D-01 0.00000000D+00 0.25486068D+00
 0.83790236D-01 0.00000000D+00 0.24679989D+00 0.00000000D+00 0.15390549D-01
 0.93587420D-01 0.00000000D+00
   87 Alpha MO OE= 0.73549371D+01
 0.00000000D+00 0.00000000D+00 0.00000000D+00 0.00000000D+00 0.00000000D+00
 0.00000000D+00 0.00000000D+00 0.00000000D+00 0.00000000D+00 0.00000000D+00
 0.00000000D+00 0.00000000D+00 0.00000000D+00 0.00000000D+00 0.00000000D+00
 0.00000000D+00 0.00000000D+00 0.00000000D+00 0.00000000D+00 0.00000000D+00
 0.00000000D+00-0.12447792D+01 0.00000000D+00 0.00000000D+00 0.00000000D+00
 0.00000000D+00 0.12879467D+01 0.00000000D+00 0.00000000D+00 0.00000000D+00
 0.00000000D+00 0.29249466D+00 0.00000000D+00 0.00000000D+00 0.00000000D+00
 0.00000000D+00 0.23070884D+00 0.00000000D+00 0.00000000D+00 0.00000000D+00
 0.00000000D+00 0.00000000D+00 0.00000000D+00-0.52657241D+00 0.00000000D+00
 0.00000000D+00 0.00000000D+00 0.00000000D+00 0.00000000D+00 0.00000000D+00
 0.79483305D-03 0.00000000D+00 0.00000000D+00-0.93001677D+00 0.00000000D+00
 0.00000000D+00-0.21982923D+00 0.00000000D+00 0.00000000D+00 0.00000000D+00
-0.85162577D-01 0.00000000D+00 0.00000000D+00 0.29495494D-01 0.00000000D+00
-0.23852685D+00 0.00000000D+00 0.00000000D+00 0.38359673D+00 0.00000000D+00
 0.00000000D+00 0.00000000D+00 0.00000000D+00-0.79483305D-03 0.00000000D+00
 0.00000000D+00 0.93001677D+00 0.00000000D+00 0.00000000D+00 0.21982923D+00
 0.00000000D+00 0.00000000D+00 0.00000000D+00 0.85162577D-01 0.00000000D+00
 0.00000000D+00 0.29495494D-01 0.00000000D+00 0.23852685D+00 0.00000000D+00
 0.00000000D+00 0.38359673D+00
   88 Alpha MO OE= 0.75367430D+01
 0.31817635D+00 0.81983144D+00-0.36108557D+00-0.89005673D+00 0.26395733D+00
 0.00000000D+00 0.00000000D+00-0.13122393D+00 0.00000000D+00 0.00000000D+00
 0.51693565D+00 0.00000000D+00 0.00000000D+00 0.12861948D+01 0.00000000D+00
 0.00000000D+00 0.91663222D-01 0.67560847D-01 0.00000000D+00 0.00000000D+00
 0.59448475D+00 0.00000000D+00 0.20164429D-01 0.00000000D+00 0.00000000D+00
 0.24795295D+00 0.00000000D+00-0.45915771D+00 0.00000000D+00 0.00000000D+00
 0.20026171D+00 0.00000000D+00-0.73437543D+00 0.00000000D+00 0.00000000D+00
-0.90946475D+00 0.00000000D+00 0.00000000D+00 0.00000000D+00 0.22085125D+00
 0.00000000D+00 0.00000000D+00 0.53495812D-01 0.00000000D+00 0.00000000D+00
 0.00000000D+00 0.55544148D+00 0.78599930D+00-0.38651007D+00-0.18951656D-01
 0.00000000D+00-0.47118535D+00 0.63914277D+00 0.00000000D+00 0.68340466D-01
-0.56081159D+00 0.00000000D+00 0.13523504D+00-0.27172568D+00 0.13638748D+00
 0.00000000D+00-0.13230659D+00 0.27667469D-01 0.00000000D+00-0.13362662D+00
 0.00000000D+00 0.38181425D+00 0.10359313D+00 0.00000000D+00 0.55544148D+00
 0.78599930D+00-0.38651007D+00-0.18951656D-01 0.00000000D+00 0.47118535D+00
 0.63914277D+00 0.00000000D+00-0.68340466D-01-0.56081159D+00 0.00000000D+00
-0.13523504D+00-0.27172568D+00 0.13638748D+00 0.00000000D+00 0.13230659D+00
 0.27667469D-01 0.00000000D+00-0.13362662D+00 0.00000000D+00-0.38181425D+00
 0.10359313D+00 0.00000000D+00
   89 Alpha MO OE= 0.78966427D+01
 0.43043497D-01-0.37323814D+00-0.48702149D+00 0.28091350D+01 0.22183572D+00
 0.00000000D+00 0.00000000D+00 0.14249808D+00 0.00000000D+00 0.00000000D+00
 0.81085360D-01 0.00000000D+00 0.00000000D+00 0.69112923D-01 0.00000000D+00
 0.00000000D+00 0.10708482D+00 0.52860406D+00 0.00000000D+00 0.00000000D+00
 0.10295521D+01 0.00000000D+00-0.13673566D+01 0.00000000D+00 0.00000000D+00
-0.18847651D+01 0.00000000D+00-0.51755404D+00 0.00000000D+00 0.00000000D+00
-0.51471201D+00 0.00000000D+00 0.40558582D+00 0.00000000D+00 0.00000000D+00
 0.41526318D+00 0.00000000D+00 0.00000000D+00 0.00000000D+00 0.60314950D+00
 0.00000000D+00 0.00000000D+00 0.49957163D+00 0.00000000D+00 0.00000000D+00
 0.00000000D+00-0.80178398D+00-0.12198715D+01-0.14823237D+00-0.13493917D-01
 0.00000000D+00-0.16534722D-01-0.47011954D+00 0.00000000D+00-0.58899624D+00
-0.89365657D+00 0.00000000D+00-0.75466466D-01-0.20577276D+00-0.35566278D+00
 0.00000000D+00-0.26684330D-01-0.43146782D+00 0.00000000D+00-0.29868243D+00
 0.00000000D+00 0.52716631D-02-0.20454387D+00 0.00000000D+00-0.80178398D+00
-0.12198715D+01-0.14823237D+00-0.13493917D-01 0.00000000D+00 0.16534722D-01
-0.47011954D+00 0.00000000D+00 0.58899624D+00-0.89365657D+00 0.00000000D+00
 0.75466466D-01-0.20577276D+00-0.35566278D+00 0.00000000D+00 0.26684330D-01
-0.43146782D+00 0.00000000D+00-0.29868243D+00 0.00000000D+00-0.52716631D-02
-0.20454387D+00 0.00000000D+00
   90 Alpha MO OE= 0.79309559D+01
 0.00000000D+00 0.00000000D+00 0.00000000D+00 0.00000000D+00 0.00000000D+00
 0.00000000D+00 0.64724307D+00 0.00000000D+00 0.00000000D+00-0.19598609D+01
 0.00000000D+00 0.00000000D+00-0.29047339D+01 0.00000000D+00 0.00000000D+00
-0.20062400D+00 0.00000000D+00 0.00000000D+00 0.00000000D+00-0.59084872D+00
 0.00000000D+00 0.00000000D+00 0.00000000D+00 0.00000000D+00 0.25026611D+01
 0.00000000D+00 0.00000000D+00 0.00000000D+00 0.00000000D+00 0.78758023D+00
 0.00000000D+00 0.00000000D+00 0.00000000D+00 0.00000000D+00-0.10822568D+01
 0.00000000D+00 0.00000000D+00 0.00000000D+00 0.29517396D+00 0.00000000D+00
 0.00000000D+00-0.42046218D+00 0.00000000D+00 0.00000000D+00 0.00000000D+00
 0.26307566D-01 0.11498780D+01 0.31003291D+01 0.13518178D+01 0.10480324D+00
 0.00000000D+00-0.91530775D+00 0.29668355D+00 0.00000000D+00-0.76479303D+00
 0.22158345D+00 0.00000000D+00-0.34081373D+00 0.25427451D+00-0.37835179D+00
 0.00000000D+00-0.88698685D-02-0.12646104D+00 0.00000000D+00-0.82045227D-01
 0.00000000D+00 0.64559580D-01 0.15362943D-01 0.00000000D+00-0.11498780D+01
-0.31003291D+01-0.13518178D+01-0.10480324D+00 0.00000000D+00-0.91530775D+00
-0.29668355D+00 0.00000000D+00-0.76479303D+00-0.22158345D+00 0.00000000D+00
-0.34081373D+00-0.25427451D+00 0.37835179D+00 0.00000000D+00-0.88698685D-02
 0.12646104D+00 0.00000000D+00 0.82045227D-01 0.00000000D+00 0.64559580D-01
-0.15362943D-01 0.00000000D+00
   91 Alpha MO OE= 0.88124488D+01
 0.00000000D+00 0.00000000D+00 0.00000000D+00 0.00000000D+00 0.00000000D+00
 0.00000000D+00 0.47078208D+00 0.00000000D+00 0.00000000D+00-0.39073044D+01
 0.00000000D+00 0.00000000D+00-0.29820690D+01 0.00000000D+00 0.00000000D+00
-0.27728635D+00 0.00000000D+00 0.00000000D+00 0.00000000D+00 0.12115963D+01
 0.00000000D+00 0.00000000D+00 0.00000000D+00 0.00000000D+00 0.82810586D+00
 0.00000000D+00 0.00000000D+00 0.00000000D+00 0.00000000D+00 0.48875755D+00
 0.00000000D+00 0.00000000D+00 0.00000000D+00 0.00000000D+00-0.53804018D+00
 0.00000000D+00 0.00000000D+00 0.00000000D+00 0.41245791D+00 0.00000000D+00
 0.00000000D+00 0.44749616D+00 0.00000000D+00 0.00000000D+00 0.00000000D+00
-0.10391013D+00 0.51483117D-02 0.50133745D+01 0.17831814D+01 0.15598882D+00
 0.00000000D+00-0.76064359D+00 0.64294111D+00 0.00000000D+00-0.19631944D+01
 0.18684361D+01 0.00000000D+00-0.46881083D+00 0.44020527D+00 0.11565231D+00
 0.00000000D+00-0.82471008D+00-0.58682206D+00 0.00000000D+00 0.66712217D-01
 0.00000000D+00-0.32651278D+00-0.13122648D+00 0.00000000D+00-0.51483117D-02
-0.50133745D+01-0.17831814D+01-0.15598882D+00 0.00000000D+00-0.76064359D+00
-0.64294111D+00 0.00000000D+00-0.19631944D+01-0.18684361D+01 0.00000000D+00
-0.46881083D+00-0.44020527D+00-0.11565231D+00 0.00000000D+00-0.82471008D+00
 0.58682206D+00 0.00000000D+00-0.66712217D-01 0.00000000D+00-0.32651278D+00
 0.13122648D+00 0.00000000D+00
   92 Alpha MO OE= 0.15776598D+02
 0.18377178D+01 0.73846361D+01-0.26914373D+01 0.43687833D+01 0.45115797D+00
 0.00000000D+00 0.00000000D+00 0.31780285D+00 0.00000000D+00 0.00000000D+00
-0.30323116D+01 0.00000000D+00 0.00000000D+00 0.26705976D+00 0.00000000D+00
 0.00000000D+00 0.20557747D+00 0.67887213D-01 0.00000000D+00 0.00000000D+00
-0.35034527D+00 0.00000000D+00-0.66116791D-02 0.00000000D+00 0.00000000D+00
-0.74321939D+00 0.00000000D+00-0.20903040D+00 0.00000000D+00 0.00000000D+00
 0.56799606D+00 0.00000000D+00 0.30455308D+00 0.00000000D+00 0.00000000D+00
 0.68642330D+00 0.00000000D+00 0.00000000D+00 0.00000000D+00-0.25922555D+00
 0.00000000D+00 0.00000000D+00-0.66024751D+00 0.00000000D+00 0.00000000D+00
 0.00000000D+00 0.33610044D-01-0.30741045D+01-0.83191183D+00-0.47032763D-01
 0.00000000D+00 0.66389361D+00-0.45805609D+00 0.00000000D+00 0.21367619D+01
-0.19007446D+01 0.00000000D+00 0.54159680D+00-0.49475615D+00-0.95519501D-01
 0.00000000D+00 0.87529307D+00 0.53484632D+00 0.00000000D+00-0.13940378D+00
 0.00000000D+00 0.71874319D+00 0.35716841D+00 0.00000000D+00 0.33610044D-01
-0.30741045D+01-0.83191183D+00-0.47032763D-01 0.00000000D+00-0.66389361D+00
-0.45805609D+00 0.00000000D+00-0.21367619D+01-0.19007446D+01 0.00000000D+00
-0.54159680D+00-0.49475615D+00-0.95519501D-01 0.00000000D+00-0.87529307D+00
 0.53484632D+00 0.00000000D+00-0.13940378D+00 0.00000000D+00-0.71874319D+00
 0.35716841D+00 0.00000000D+00
