 
 --------- Start ab initio Molecular Dynamics Simulation ---------
 
 ------------------------------ Method ---------------------------
 
 One Point Calculation
 Restricted DFT
 Exchange Correlation Functional = RHF    
 System                          = QM  
 QM molecules are fixed
 
 Warning!:Request is identical to "QM and One point" calculation.
 Switched to "QM and One point" calculation.
 
 ------------------- Computational Parameters for QM -------------
 
 Cut Off Energy [a.u.]           =    100.0
 Number of Dense Grids           =    7
 MD Time Step   [a.u.]           =    41.3411054611601
 MD Time Step   [fs]             =     1.0000000000000
 Temperature    [K]              =    300.00
 Step number of vlc rescaling    =       50
 Step number of check point file =     5000
 Convergence of Density Matrix   =     0.1E-04
 
 Initial Coordinates [a.u.]
   8.0   6.0    0.000000    0.000000    0.223395
   1.0   1.0    0.000000    1.427096   -0.893581
   1.0   1.0    0.000000   -1.427096   -0.893581
 
 Lennard Jones Parameters
          SIG[a.u.]   EPS[a.u.]
  O  1    5.788000    0.000288
  H  2    5.326000    0.000079
  H  3    5.326000    0.000079
 
 Grid Space and Volume [a.u.]
   dx  =   0.222144146907918     
   dy  =   0.222144146907918     
   dz  =   0.222144146907918     
   dv  =   1.096237424999315E-002
 
 QM Cell Size [a.u.]
   xl  =    26.6572976289502     
   yl  =    26.6572976289502     
   zl  =    26.6572976289502     
   vol =    18942.9827039882     
  0.000000000000000E+000  0.000000000000000E+000
           1           1           1           7
  INDX =            1
  0.000000000000000E+000  0.000000000000000E+000
           1           2           1           6
  INDX =            2
  0.000000000000000E+000  0.000000000000000E+000
           1           3           1           1
  INDX =            3
  0.000000000000000E+000  0.000000000000000E+000
           1           4           1           1
  INDX =            4
  0.000000000000000E+000  0.000000000000000E+000
           1           5           1           1
  INDX =            5
   34.4600000000000        7.74900000000000     
           1           6           3           3
  INDX =            8
  0.715600000000000       0.000000000000000E+000
           1           7           3           1
  INDX =           11
  0.214000000000000       0.000000000000000E+000
           1           8           3           1
  INDX =           14
  5.974000000000000E-002  0.000000000000000E+000
           1           9           3           1
  INDX =           17
  0.000000000000000E+000  0.000000000000000E+000
           1          10           4           1
  INDX =           22
  0.000000000000000E+000  0.000000000000000E+000
           1          11           4           1
  INDX =           27
  0.000000000000000E+000  0.000000000000000E+000
           1          12           4           1
  INDX =           32
  0.000000000000000E+000  0.000000000000000E+000
           1          13           5           1
  INDX =           39
  0.000000000000000E+000  0.000000000000000E+000
           1          14           5           1
  INDX =           46
  0.000000000000000E+000  0.000000000000000E+000
           2           1           1           3
  INDX =           47
  0.000000000000000E+000  0.000000000000000E+000
           2           2           1           1
  INDX =           48
  0.000000000000000E+000  0.000000000000000E+000
           2           3           1           1
  INDX =           49
  0.000000000000000E+000  0.000000000000000E+000
           2           4           1           1
  INDX =           50
   1.40700000000000       0.000000000000000E+000
           2           5           3           1
  INDX =           53
  0.388000000000000       0.000000000000000E+000
           2           6           3           1
  INDX =           56
  0.102000000000000       0.000000000000000E+000
           2           7           3           1
  INDX =           59
  0.000000000000000E+000  0.000000000000000E+000
           2           8           4           1
  INDX =           64
  0.000000000000000E+000  0.000000000000000E+000
           2           9           4           1
  INDX =           69
  0.000000000000000E+000  0.000000000000000E+000
           3           1           1           3
  INDX =           70
  0.000000000000000E+000  0.000000000000000E+000
           3           2           1           1
  INDX =           71
  0.000000000000000E+000  0.000000000000000E+000
           3           3           1           1
  INDX =           72
  0.000000000000000E+000  0.000000000000000E+000
           3           4           1           1
  INDX =           73
   1.40700000000000       0.000000000000000E+000
           3           5           3           1
  INDX =           76
  0.388000000000000       0.000000000000000E+000
           3           6           3           1
  INDX =           79
  0.102000000000000       0.000000000000000E+000
           3           7           3           1
  INDX =           82
  0.000000000000000E+000  0.000000000000000E+000
           3           8           4           1
  INDX =           87
  0.000000000000000E+000  0.000000000000000E+000
           3           9           4           1
  INDX =           92
 anorm=  0.991829791514231     
 anorm=   1.00019810178101     
 anorm=  0.999357240949377     
 anorm=   1.00032484817432     
 anorm=  0.999589031362089     
 anorm=  0.998456984907839     
 anorm=  0.999745460427772     
 anorm=   1.00001926838802     
 anorm=  0.999283353453257     
 anorm=  0.998550499014858     
 anorm=   1.00001018696951     
 anorm=  0.999993672332016     
 anorm=   1.00000007438025     
 anorm=   1.00001793999974     
 anorm=  0.999950038240261     
 anorm=  0.999943219198993     
 anorm=  0.998910228649251     
 anorm=  0.999514821479474     
 anorm=  0.999910619090142     
 anorm=  0.999982592298070     
 anorm=  0.999969549131392     
 anorm=   1.00000003274436     
 
 Distance Matrix [a.u.]   
                   1          2          3
   1   1  O    0.000000
   1   2  H    1.812247   0.000000
   1   3  H    1.812247   2.854192   0.000000
 
 Nuclear Repulsion Energy [a.u.]
   6.97197661264799     
 
 VCOU:   3.77017770599709       =>    4.87150255938015     
                61          55          57
 VCOU:   3.77017770599709       =>    4.87150255938015     
                61          67          57
 VCOU:   1.09257561195714       =>    7.75168290479801     
                61          61          62
 Warning(IVCOU)!: There are   3 grid points which are too close to a nucleus site.
 
 Double Grid(4th-order Lagrange Interpolation): Start
 done! rank =           3
 done! rank =           4
 done! rank =           7
 done! rank =           8
 done! rank =          11
 done! rank =          12
 done! rank =           0
 done! rank =          15
 done! rank =           9
 done! rank =          13
 done! rank =          10
 done! rank =          14
 done! rank =           1
 done! rank =           2
 done! rank =           5
 done! rank =           6
   ncount =        16384
 Elapsed Time (dg4) =    14.7557992150000       scnds
  MYID = 0 is now in pcc.f 
 
 Initializing start point of RANFQ
 
  18767 points have been accepted
 out of 102400 trials.
 
 
  CHISQ    =   0.0000000000
 
  Poisson It,Dist =          100  0.282580448275178     
  HFEX  =   -1.95708605848186     
  SCF   Iteration =            1
  Total Energy    =   -12.8892397918762     
  elapsed time    =   1.25092066900000     
 
  CHISQ    =   0.1501692065
 
  Poisson It,Dist =          100  6.435084402177936E-002
  HFEX  =   -1.97655438265727     
  SCF   Iteration =            2
  Total Energy    =   -15.5916965933977     
  Delta E         =   -2.70245680152149     
  Residual(rho)   =   0.124994971618580     
  elapsed time    =   1.23207975900000     
 
  CHISQ    =   0.0972990000
 
  Poisson It,Dist =          100  1.967675196486427E-002
  HFEX  =   -1.96909998943359     
  SCF   Iteration =            3
  Total Energy    =   -16.4440929871583     
  Delta E         =  -0.852396393760596     
  Residual(rho)   =   0.117667397625268     
  elapsed time    =   1.23193941200000     
 
  CHISQ    =   0.0787543418
 
  Poisson It,Dist =          100  1.370542316513340E-002
  HFEX  =   -1.95754779976261     
  SCF   Iteration =            4
  Total Energy    =   -16.6103189482049     
  Delta E         =  -0.166225961046585     
  Residual(rho)   =   6.026498380319781E-002
  elapsed time    =   1.23373606400000     
 
  CHISQ    =   0.0674419787
 
  Poisson It,Dist =          100  2.253371480771418E-002
  HFEX  =   -1.95594001722106     
  SCF   Iteration =            5
  Total Energy    =   -16.7127773702659     
  Delta E         =  -0.102458422060945     
  Residual(rho)   =   5.929717981651920E-002
  elapsed time    =   1.23292507900000     
 
  CHISQ    =   0.0533581700
 
  Poisson It,Dist =          100  1.710442184970279E-002
  HFEX  =   -1.95556242819190     
  SCF   Iteration =            6
  Total Energy    =   -16.7605749947859     
  Delta E         =  -4.779762451999403E-002
  Residual(rho)   =   3.752732851180341E-002
  elapsed time    =   1.23223858900000     
 
  CHISQ    =   0.0430327228
 
  Poisson It,Dist =          100  3.006089405821798E-002
  HFEX  =   -1.96762112119920     
  SCF   Iteration =            7
  Total Energy    =   -16.8312895764221     
  Delta E         =  -7.071458163627042E-002
  Residual(rho)   =   5.765197173586940E-002
  elapsed time    =   1.23248244200000     
 
  CHISQ    =   0.0309077090
 
  Poisson It,Dist =          100  1.938722031146724E-002
  HFEX  =   -1.96874281342467     
  SCF   Iteration =            8
  Total Energy    =   -16.8430296298488     
  Delta E         =  -1.174005342669560E-002
  Residual(rho)   =   3.356388478152635E-002
  elapsed time    =   1.23254081000000     
 
  CHISQ    =   0.0223820646
 
  Poisson It,Dist =          100  1.754257256008666E-002
  HFEX  =   -1.97161840681714     
  SCF   Iteration =            9
  Total Energy    =   -16.8536830196146     
  Delta E         =  -1.065338976578900E-002
  Residual(rho)   =   2.245063220285463E-002
  elapsed time    =   1.24239427900000     
 
  CHISQ    =   0.0169953662
 
  Poisson It,Dist =          100  1.116447313413292E-002
  HFEX  =   -1.97234807053108     
  SCF   Iteration =           10
  Total Energy    =   -16.8590142998747     
  Delta E         =  -5.331280260090665E-003
  Residual(rho)   =   1.408354761131238E-002
  elapsed time    =   1.23336012500000     
 
  CHISQ    =   0.0133861002
 
  Poisson It,Dist =          100  9.326913520819199E-003
  HFEX  =   -1.97298915886516     
  SCF   Iteration =           11
  Total Energy    =   -16.8630523815658     
  Delta E         =  -4.038081691128070E-003
  Residual(rho)   =   9.577785748797436E-003
  elapsed time    =   1.23269001800000     
 
  CHISQ    =   0.0111343122
 
  Poisson It,Dist =          100  1.189162694574828E-002
  HFEX  =   -1.97654637870017     
  SCF   Iteration =           12
  Total Energy    =   -16.8712543633221     
  Delta E         =  -8.201981756283061E-003
  Residual(rho)   =   1.713018479487677E-002
  elapsed time    =   1.23225197900000     
 
  CHISQ    =   0.0080401087
 
  Poisson It,Dist =          100  1.076019082519736E-002
  HFEX  =   -1.97696864599915     
  SCF   Iteration =           13
  Total Energy    =   -16.8749943105483     
  Delta E         =  -3.739947226179652E-003
  Residual(rho)   =   1.233624969211330E-002
  elapsed time    =   1.23075522800000     
 
  CHISQ    =   0.0058014777
 
  Poisson It,Dist =          100  6.287644319216498E-003
  HFEX  =   -1.97685085350351     
  SCF   Iteration =           14
  Total Energy    =   -16.8762651999395     
  Delta E         =  -1.270889391193464E-003
  Residual(rho)   =   6.439678000814383E-003
  elapsed time    =   1.23205732000000     
 
  CHISQ    =   0.0045667151
 
  Poisson It,Dist =          100  9.063683356839516E-003
  HFEX  =   -1.97844967106888     
  SCF   Iteration =           15
  Total Energy    =   -16.8793389540728     
  Delta E         =  -3.073754133314566E-003
  Residual(rho)   =   8.606479202850717E-003
  elapsed time    =   1.23249035100000     
 
  CHISQ    =   0.0034811753
 
  Poisson It,Dist =          100  5.218727244959157E-003
  HFEX  =   -1.97830345516082     
  SCF   Iteration =           16
  Total Energy    =   -16.8799977661913     
  Delta E         =  -6.588121185018281E-004
  Residual(rho)   =   4.628964154910986E-003
  elapsed time    =   1.24171498200000     
 
  CHISQ    =   0.0027924445
 
  Poisson It,Dist =          100  3.623943014282202E-003
  HFEX  =   -1.97823653468844     
  SCF   Iteration =           17
  Total Energy    =   -16.8803259388317     
  Delta E         =  -3.281726403727703E-004
  Residual(rho)   =   2.906440159706405E-003
  elapsed time    =   1.23128737400000     
 
  CHISQ    =   0.0024317282
 
  Poisson It,Dist =          100  3.342002200365070E-003
  HFEX  =   -1.97835246157147     
  SCF   Iteration =           18
  Total Energy    =   -16.8807975813248     
  Delta E         =  -4.716424931210383E-004
  Residual(rho)   =   2.828319213035770E-003
  elapsed time    =   1.23253447000000     
 
  CHISQ    =   0.0022044035
 
  Poisson It,Dist =          100  2.233629276433711E-003
  HFEX  =   -1.97829767244234     
  SCF   Iteration =           19
  Total Energy    =   -16.8810774555321     
  Delta E         =  -2.798742072585014E-004
  Residual(rho)   =   1.747275111434449E-003
  elapsed time    =   1.23176026800000     
 
  CHISQ    =   0.0020448741
 
  Poisson It,Dist =          100  1.724177646928401E-003
  HFEX  =   -1.97826566405696     
  SCF   Iteration =           20
  Total Energy    =   -16.8813024006106     
  Delta E         =  -2.249450785427598E-004
  Residual(rho)   =   1.465061408587741E-003
  elapsed time    =   1.23459335800001     
 
  CHISQ    =   0.0019378393
 
  Poisson It,Dist =          100  1.331540510130012E-003
  HFEX  =   -1.97823051525097     
  SCF   Iteration =           21
  Total Energy    =   -16.8814994112611     
  Delta E         =  -1.970106504920466E-004
  Residual(rho)   =   1.085332518611763E-003
  elapsed time    =   1.23340402400000     
 
  CHISQ    =   0.0018572190
 
  Poisson It,Dist =          100  1.439233362104486E-003
  HFEX  =   -1.97817014692042     
  SCF   Iteration =           22
  Total Energy    =   -16.8817308194282     
  Delta E         =  -2.314081671599411E-004
  Residual(rho)   =   1.283763611172705E-003
  elapsed time    =   1.23354172000000     
 
  CHISQ    =   0.0017855114
 
  Poisson It,Dist =          100  1.093416131030505E-003
  HFEX  =   -1.97816090976728     
  SCF   Iteration =           23
  Total Energy    =   -16.8819106431762     
  Delta E         =  -1.798237479953002E-004
  Residual(rho)   =   9.169526778205005E-004
  elapsed time    =   1.23187051399999     
 
  CHISQ    =   0.0017220217
 
  Poisson It,Dist =          100  1.904466077120224E-003
  HFEX  =   -1.97813229880809     
  SCF   Iteration =           24
  Total Energy    =   -16.8822719915187     
  Delta E         =  -3.613483424302899E-004
  Residual(rho)   =   2.086160184254892E-003
  elapsed time    =   1.23273078800000     
 
  CHISQ    =   0.0016518797
 
  Poisson It,Dist =          100  2.141545759600575E-003
  HFEX  =   -1.97824140580561     
  SCF   Iteration =           25
  Total Energy    =   -16.8826435289064     
  Delta E         =  -3.715373877639649E-004
  Residual(rho)   =   1.984488838598610E-003
  elapsed time    =   1.23311136200000     
 
  CHISQ    =   0.0015586164
 
  Poisson It,Dist =          100  1.295976756343438E-003
  HFEX  =   -1.97821390806217     
  SCF   Iteration =           26
  Total Energy    =   -16.8827474062260     
  Delta E         =  -1.038773195247700E-004
  Residual(rho)   =   1.147745112542094E-003
  elapsed time    =   1.23995508900000     
 
  CHISQ    =   0.0015012844
 
  Poisson It,Dist =          100  1.337365109676173E-003
  HFEX  =   -1.97816055434149     
  SCF   Iteration =           27
  Total Energy    =   -16.8828703264941     
  Delta E         =  -1.229202681614083E-004
  Residual(rho)   =   1.118528935698809E-003
  elapsed time    =   1.23272013600000     
 
  CHISQ    =   0.0014622931
 
  Poisson It,Dist =          100  9.926529516392931E-004
  HFEX  =   -1.97818121259498     
  SCF   Iteration =           28
  Total Energy    =   -16.8829621846230     
  Delta E         =  -9.185812884027200E-005
  Residual(rho)   =   7.715800034331478E-004
  elapsed time    =   1.23183765100000     
 
  CHISQ    =   0.0014257953
 
  Poisson It,Dist =          100  7.236470198967456E-004
  HFEX  =   -1.97818315577082     
  SCF   Iteration =           29
  Total Energy    =   -16.8830211466815     
  Delta E         =  -5.896205851740888E-005
  Residual(rho)   =   6.363343255376910E-004
  elapsed time    =   1.23241709600001     
 
  CHISQ    =   0.0014031102
 
  Poisson It,Dist =          100  8.441114186818318E-004
  HFEX  =   -1.97822329644392     
  SCF   Iteration =           30
  Total Energy    =   -16.8831050485503     
  Delta E         =  -8.390186880902206E-005
  Residual(rho)   =   7.606579629469964E-004
  elapsed time    =   1.23357225700001     
 
  CHISQ    =   0.0013649257
 
  Poisson It,Dist =          100  6.706463361192649E-004
  HFEX  =   -1.97821034417400     
  SCF   Iteration =           31
  Total Energy    =   -16.8831741997272     
  Delta E         =  -6.915117691974615E-005
  Residual(rho)   =   5.676988561694374E-004
  elapsed time    =   1.23450158900000     
 
  CHISQ    =   0.0013404551
 
  Poisson It,Dist =          100  1.068743361996744E-003
  HFEX  =   -1.97827449973315     
  SCF   Iteration =           32
  Total Energy    =   -16.8832972742667     
  Delta E         =  -1.230745394735777E-004
  Residual(rho)   =   9.448405132740890E-004
  elapsed time    =   1.23260360700000     
 
  CHISQ    =   0.0013310995
 
  Poisson It,Dist =          100  1.971647633959902E-003
  HFEX  =   -1.97818005799848     
  SCF   Iteration =           33
  Total Energy    =   -16.8835332165481     
  Delta E         =  -2.359422814635082E-004
  Residual(rho)   =   1.705846978750971E-003
  elapsed time    =   1.23164556000000     
 
  CHISQ    =   0.0013068760
 
  Poisson It,Dist =          100  1.107959757895061E-003
  HFEX  =   -1.97816762932178     
  SCF   Iteration =           34
  Total Energy    =   -16.8835537960912     
  Delta E         =  -2.057954304746090E-005
  Residual(rho)   =   8.856574834246251E-004
  elapsed time    =   1.23293303200000     
 
  CHISQ    =   0.0012889580
 
  Poisson It,Dist =          100  7.327205982006554E-004
  HFEX  =   -1.97818810957336     
  SCF   Iteration =           35
  Total Energy    =   -16.8835652870355     
  Delta E         =  -1.149094426722286E-005
  Residual(rho)   =   6.928024673593612E-004
  elapsed time    =   1.23793393600000     
 
  CHISQ    =   0.0012818102
 
  Poisson It,Dist =          100  6.744318784659004E-004
  HFEX  =   -1.97816227139536     
  SCF   Iteration =           36
  Total Energy    =   -16.8835876763546     
  Delta E         =  -2.238931914178011E-005
  Residual(rho)   =   6.029587066731729E-004
  elapsed time    =   1.23384580700000     
 
  CHISQ    =   0.0012769107
 
  Poisson It,Dist =          100  3.803594294381653E-004
  HFEX  =   -1.97818153353884     
  SCF   Iteration =           37
  Total Energy    =   -16.8835997294457     
  Delta E         =  -1.205309114027386E-005
  Residual(rho)   =   3.430255834487854E-004
  elapsed time    =   1.23358563600000     
 
  CHISQ    =   0.0012724982
 
  Poisson It,Dist =          100  2.775507804069844E-004
  HFEX  =   -1.97819311441336     
  SCF   Iteration =           38
  Total Energy    =   -16.8836099196029     
  Delta E         =  -1.019015719805338E-005
  Residual(rho)   =   2.357609611049002E-004
  elapsed time    =   1.23340111500000     
 
  CHISQ    =   0.0012689757
 
  Poisson It,Dist =          100  2.481988356670641E-004
  HFEX  =   -1.97825108920588     
  SCF   Iteration =           39
  Total Energy    =   -16.8836220409382     
  Delta E         =  -1.212133528127879E-005
  Residual(rho)   =   2.622399224913908E-004
  elapsed time    =   1.23317081899999     
 
  CHISQ    =   0.0012659798
 
  Poisson It,Dist =          100  2.139228964476433E-004
  HFEX  =   -1.97826561082651     
  SCF   Iteration =           40
  Total Energy    =   -16.8836350593019     
  Delta E         =  -1.301836368483578E-005
  Residual(rho)   =   2.262510634781223E-004
  elapsed time    =   1.23274331300000     
 
  CHISQ    =   0.0012627062
 
  Poisson It,Dist =          100  7.414679282082227E-004
  HFEX  =   -1.97817348470206     
  SCF   Iteration =           41
  Total Energy    =   -16.8836884572937     
  Delta E         =  -5.339799179182592E-005
  Residual(rho)   =   6.720892579251148E-004
  elapsed time    =   1.23671481000000     
 
  CHISQ    =   0.0012600110
 
  Poisson It,Dist =          100  6.070422818078750E-004
  HFEX  =   -1.97826992577994     
  SCF   Iteration =           42
  Total Energy    =   -16.8837095193532     
  Delta E         =  -2.106205948138040E-005
  Residual(rho)   =   6.035985665982183E-004
  elapsed time    =   1.23250272300000     
 
  CHISQ    =   0.0012466206
 
  Poisson It,Dist =          100  3.380840672191331E-004
  HFEX  =   -1.97827060564155     
  SCF   Iteration =           43
  Total Energy    =   -16.8837206156598     
  Delta E         =  -1.109630666107364E-005
  Residual(rho)   =   3.282453084774674E-004
  elapsed time    =   1.23325618400000     
 
  CHISQ    =   0.0012398822
 
  Poisson It,Dist =          100  2.161467948942811E-004
  HFEX  =   -1.97826456039675     
  SCF   Iteration =           44
  Total Energy    =   -16.8837242272103     
  Delta E         =  -3.611550493332061E-006
  Residual(rho)   =   2.198300003411384E-004
  elapsed time    =   1.23225715200000     
 
  CHISQ    =   0.0012368717
 
  Poisson It,Dist =          100  2.977641101442186E-004
  HFEX  =   -1.97832425412301     
  SCF   Iteration =           45
  Total Energy    =   -16.8837394464695     
  Delta E         =  -1.521925918623879E-005
  Residual(rho)   =   3.900068475295989E-004
  elapsed time    =   1.23577750500000     
 
  CHISQ    =   0.0012306232
 
  Poisson It,Dist =          100  1.956844339536778E-004
  HFEX  =   -1.97830829104368     
  SCF   Iteration =           46
  Total Energy    =   -16.8837469384190     
  Delta E         =  -7.491949439497603E-006
  Residual(rho)   =   2.206675276128320E-004
  elapsed time    =   1.23407915600001     
 
  CHISQ    =   0.0012272687
 
  Poisson It,Dist =          100  1.472700482098840E-004
  HFEX  =   -1.97830582063823     
  SCF   Iteration =           47
  Total Energy    =   -16.8837518517570     
  Delta E         =  -4.913337996015343E-006
  Residual(rho)   =   1.649097856333930E-004
  elapsed time    =   1.23313725700000     
 
  CHISQ    =   0.0012263034
 
  Poisson It,Dist =          100  4.673128907853820E-004
  HFEX  =   -1.97840899856581     
  SCF   Iteration =           48
  Total Energy    =   -16.8837914506639     
  Delta E         =  -3.959890693394641E-005
  Residual(rho)   =   6.655641738377172E-004
  elapsed time    =   1.23246131099999     
 
  CHISQ    =   0.0012170275
 
  Poisson It,Dist =          100  2.629896918942429E-004
  HFEX  =   -1.97840315383221     
  SCF   Iteration =           49
  Total Energy    =   -16.8837892543460     
  Delta E         =   2.196317847591445E-006
  Residual(rho)   =   3.423525598160613E-004
  elapsed time    =   1.23299846200000     
 
  CHISQ    =   0.0012128249
 
  Poisson It,Dist =          100  2.223634737140903E-004
  HFEX  =   -1.97837114829935     
  SCF   Iteration =           50
  Total Energy    =   -16.8837956939079     
  Delta E         =  -6.439561886395495E-006
  Residual(rho)   =   2.789565268713749E-004
  elapsed time    =   1.23252340300000     
 
  CHISQ    =   0.0012129869
 
  Poisson It,Dist =          100  1.819699637764459E-004
  HFEX  =   -1.97837331422438     
  SCF   Iteration =           51
  Total Energy    =   -16.8837952017152     
  Delta E         =   4.921926866074955E-007
  Residual(rho)   =   2.427098221560924E-004
  elapsed time    =   1.23421528300000     
 
  CHISQ    =   0.0012129656
 
  Poisson It,Dist =          100  9.932135021776988E-005
  HFEX  =   -1.97837110646200     
  SCF   Iteration =           52
  Total Energy    =   -16.8837961489588     
  Delta E         =  -9.472435635871079E-007
  Residual(rho)   =   1.245364282831522E-004
  elapsed time    =   1.23298922799999     
 
  CHISQ    =   0.0012133135
 
  Poisson It,Dist =          100  1.221091473321510E-004
  HFEX  =   -1.97835455541329     
  SCF   Iteration =           53
  Total Energy    =   -16.8837974312061     
  Delta E         =  -1.282247289680072E-006
  Residual(rho)   =   1.239285035994457E-004
  elapsed time    =   1.23362265000000     
 
  CHISQ    =   0.0012138383
 
  Poisson It,Dist =           92  9.768486988713423E-005
  HFEX  =   -1.97835523072447     
  SCF   Iteration =           54
  Total Energy    =   -16.8837978569012     
  Delta E         =  -4.256951307013424E-007
  Residual(rho)   =   7.973367038037852E-005
  elapsed time    =   1.21664967500000     
 
  CHISQ    =   0.0012140800
 
  Poisson It,Dist =           79  9.858373656485560E-005
  HFEX  =   -1.97835376539861     
  SCF   Iteration =           55
  Total Energy    =   -16.8837989695368     
  Delta E         =  -1.112635608535584E-006
  Residual(rho)   =   5.377196626588922E-005
  elapsed time    =   1.19032358600001     
 
  CHISQ    =   0.0012143802
 
  Poisson It,Dist =          100  1.568255843213084E-004
  HFEX  =   -1.97837216755850     
  SCF   Iteration =           56
  Total Energy    =   -16.8838035156335     
  Delta E         =  -4.546096619151285E-006
  Residual(rho)   =   1.972780646729491E-004
  elapsed time    =   1.23577829200001     
 
  CHISQ    =   0.0012137397
 
  Poisson It,Dist =           97  9.515820626135183E-005
  HFEX  =   -1.97837340163333     
  SCF   Iteration =           57
  Total Energy    =   -16.8838049121513     
  Delta E         =  -1.396517831153687E-006
  Residual(rho)   =   1.110775409850681E-004
  elapsed time    =   1.22666460500000     
 
  CHISQ    =   0.0012136353
 
  Poisson It,Dist =           76  9.968314932511816E-005
  HFEX  =   -1.97837197263015     
  SCF   Iteration =           58
  Total Energy    =   -16.8838052429280     
  Delta E         =  -3.307766789362176E-007
  Residual(rho)   =   7.176227354458307E-005
  elapsed time    =   1.20672234800000     
 
  CHISQ    =   0.0012136814
 
  Poisson It,Dist =           74  9.859478640963427E-005
  HFEX  =   -1.97836752994957     
  SCF   Iteration =           59
  Total Energy    =   -16.8838067969758     
  Delta E         =  -1.554047834417815E-006
  Residual(rho)   =   7.839397335763662E-005
  elapsed time    =   1.18123150500000     
 
  CHISQ    =   0.0012138428
 
  Poisson It,Dist =           35  9.944486483540062E-005
  HFEX  =   -1.97836776279809     
  SCF   Iteration =           60
  Total Energy    =   -16.8838072937998     
  Delta E         =  -4.968239828428977E-007
  Residual(rho)   =   4.089969407043929E-005
  elapsed time    =   1.10148657100001     
 
  CHISQ    =   0.0012138961
 
  Poisson It,Dist =           93  9.956092697057521E-005
  HFEX  =   -1.97837165546755     
  SCF   Iteration =           61
  Total Energy    =   -16.8838073301412     
  Delta E         =  -3.634143297404080E-008
  Residual(rho)   =   1.138283769543873E-004
  elapsed time    =   1.21774267900001     
 
  CHISQ    =   0.0012139734
 
  Poisson It,Dist =           71  9.871611732821237E-005
  HFEX  =   -1.97837099321073     
  SCF   Iteration =           62
  Total Energy    =   -16.8838081533078     
  Delta E         =  -8.231665695745960E-007
  Residual(rho)   =   6.212849413608704E-005
  elapsed time    =   1.17510867800000     
 
  CHISQ    =   0.0012140560
 
  Poisson It,Dist =           58  9.813756606068158E-005
  HFEX  =   -1.97836984903213     
  SCF   Iteration =           63
  Total Energy    =   -16.8838080245584     
  Delta E         =   1.287494022506053E-007
  Residual(rho)   =   5.638133683781753E-005
  elapsed time    =   1.15949803000001     
 
  CHISQ    =   0.0012141169
 
  Poisson It,Dist =           51  9.701508588401464E-005
  HFEX  =   -1.97836884780285     
  SCF   Iteration =           64
  Total Energy    =   -16.8838086386908     
  Delta E         =  -6.141324213615462E-007
  Residual(rho)   =   3.257043614238272E-005
  elapsed time    =   1.13412410600000     
 
  CHISQ    =   0.0012142033
 
  Poisson It,Dist =           58  9.970780603703407E-005
  HFEX  =   -1.97837123842207     
  SCF   Iteration =           65
  Total Energy    =   -16.8838084600568     
  Delta E         =   1.786340178000501E-007
  Residual(rho)   =   4.712855137039868E-005
  elapsed time    =   1.15748198400000     
 
  CHISQ    =   0.0012142700
 
  Poisson It,Dist =           56  9.790081549358756E-005
  HFEX  =   -1.97837108466968     
  SCF   Iteration =           66
  Total Energy    =   -16.8838094828830     
  Delta E         =  -1.022826172203395E-006
  Residual(rho)   =   3.498060802747981E-005
  elapsed time    =   1.14550502100001     
 
  CHISQ    =   0.0012143744
 
  Poisson It,Dist =           27  9.829234112501443E-005
  HFEX  =   -1.97836936780795     
  SCF   Iteration =           67
  Total Energy    =   -16.8838105239673     
  Delta E         =  -1.041084320974051E-006
  Residual(rho)   =   2.584238873654082E-005
  elapsed time    =   1.08649515799999     
 
  CHISQ    =   0.0012144140
 
  Poisson It,Dist =           55  9.781555312937638E-005
  HFEX  =   -1.97836996341603     
  SCF   Iteration =           68
  Total Energy    =   -16.8838098344032     
  Delta E         =   6.895640822790483E-007
  Residual(rho)   =   3.551560137169837E-005
  elapsed time    =   1.14201987200001     
 
  CHISQ    =   0.0012145510
 
  Poisson It,Dist =           82  9.853289959879658E-005
  HFEX  =   -1.97835204950309     
  SCF   Iteration =           69
  Total Energy    =   -16.8838119990036     
  Delta E         =  -2.164600431342478E-006
  Residual(rho)   =   7.580258007054215E-005
  elapsed time    =   1.19609061000000     
 
  CHISQ    =   0.0012153207
 
  Poisson It,Dist =           77  9.645428532551331E-005
  HFEX  =   -1.97835074591745     
  SCF   Iteration =           70
  Total Energy    =   -16.8838115436970     
  Delta E         =   4.553066119683535E-007
  Residual(rho)   =   5.166678816803945E-005
  elapsed time    =   1.19110807600001     
 
  CHISQ    =   0.0012161019
 
  Poisson It,Dist =           36  9.676204310009692E-005
  HFEX  =   -1.97835115311316     
  SCF   Iteration =           71
  Total Energy    =   -16.8838117312857     
  Delta E         =  -1.875887072344540E-007
  Residual(rho)   =   2.635746058565534E-005
  elapsed time    =   1.10284030200000     
 
  CHISQ    =   0.0012162469
 
  Poisson It,Dist =           78  9.946798541009601E-005
  HFEX  =   -1.97836284825812     
  SCF   Iteration =           72
  Total Energy    =   -16.8838108020528     
  Delta E         =   9.292328790877491E-007
  Residual(rho)   =   7.728054520590731E-005
  elapsed time    =   1.18921026300001     
 
  CHISQ    =   0.0012167039
 
  Poisson It,Dist =           59  9.997303922939609E-005
  HFEX  =   -1.97836302101027     
  SCF   Iteration =           73
  Total Energy    =   -16.8838118480207     
  Delta E         =  -1.045967813695370E-006
  Residual(rho)   =   4.159831362385000E-005
  elapsed time    =   1.15019000600000     
 
  CHISQ    =   0.0012169031
 
  Poisson It,Dist =           27  9.841309153562437E-005
  HFEX  =   -1.97836330339453     
  SCF   Iteration =           74
  Total Energy    =   -16.8838113829226     
  Delta E         =   4.650981075826621E-007
  Residual(rho)   =   2.419889881672184E-005
  elapsed time    =   1.08647574999999     
 
  CHISQ    =   0.0012169436
 
  Poisson It,Dist =           36  9.788514799904709E-005
  HFEX  =   -1.97836390069549     
  SCF   Iteration =           75
  Total Energy    =   -16.8838120037248     
  Delta E         =  -6.208022611531305E-007
  Residual(rho)   =   2.625332780823281E-005
  elapsed time    =   1.10502143800001     
 
  CHISQ    =   0.0012170389
 
  Poisson It,Dist =           11  9.501528003484447E-005
  HFEX  =   -1.97836520801275     
  SCF   Iteration =           76
  Total Energy    =   -16.8838130578565     
  Delta E         =  -1.054131740119146E-006
  Residual(rho)   =   1.451508419545244E-005
  elapsed time    =   1.05338319700000     
 
  CHISQ    =   0.0012170463
 
  Poisson It,Dist =           55  9.935121444227277E-005
  HFEX  =   -1.97836630096672     
  SCF   Iteration =           77
  Total Energy    =   -16.8838129817465     
  Delta E         =   7.611009067431951E-008
  Residual(rho)   =   2.890175002042946E-005
  elapsed time    =   1.14259304200000     
 
  CHISQ    =   0.0012172596
 
  Poisson It,Dist =           12  9.889612504738874E-005
  HFEX  =   -1.97836596882772     
  SCF   Iteration =           78
  Total Energy    =   -16.8838127549797     
  Delta E         =   2.267667618127689E-007
  Residual(rho)   =   1.388098375278244E-005
  elapsed time    =   1.05793149199999     
 
  CHISQ    =   0.0012172682
 
  Poisson It,Dist =           49  9.754884595907381E-005
  HFEX  =   -1.97836438664191     
  SCF   Iteration =           79
  Total Energy    =   -16.8838125410032     
  Delta E         =   2.139764880837447E-007
  Residual(rho)   =   2.568656902142871E-005
  elapsed time    =   1.12999429800000     
 
  CHISQ    =   0.0012174171
 
  Poisson It,Dist =           20  9.822980204074625E-005
  HFEX  =   -1.97836469942410     
  SCF   Iteration =           80
  Total Energy    =   -16.8838125191828     
  Delta E         =   2.182043346010687E-008
  Residual(rho)   =   1.373274358161090E-005
  elapsed time    =   1.07325545399999     
 
  CHISQ    =   0.0012174456
 
  Poisson It,Dist =           28  9.958418398164025E-005
  HFEX  =   -1.97836335741897     
  SCF   Iteration =           81
  Total Energy    =   -16.8838163782550     
  Delta E         =  -3.859072254641660E-006
  Residual(rho)   =   1.439959311365998E-005
  elapsed time    =   1.08915683700000     
 
  CHISQ    =   0.0012175326
 
  Poisson It,Dist =           51  9.957686345083691E-005
  HFEX  =   -1.97836536909885     
  SCF   Iteration =           82
  Total Energy    =   -16.8838133016704     
  Delta E         =   3.076584665251403E-006
  Residual(rho)   =   2.768388766508720E-005
  elapsed time    =   1.13584554799999     
 
  CHISQ    =   0.0012176874
 
  Poisson It,Dist =           15  9.826205055289720E-005
  HFEX  =   -1.97836327567938     
  SCF   Iteration =           83
  Total Energy    =   -16.8838098580983     
  Delta E         =   3.443572104799841E-006
  Residual(rho)   =   1.658338967513335E-005
  elapsed time    =   1.06162319600000     
 
  CHISQ    =   0.0012176979
 
  Poisson It,Dist =           28  9.701305469886603E-005
  HFEX  =   -1.97836465738725     
  SCF   Iteration =           84
  Total Energy    =   -16.8838141622756     
  Delta E         =  -4.304177306124757E-006
  Residual(rho)   =   1.425931971123373E-005
  elapsed time    =   1.08780815599999     
 
  CHISQ    =   0.0012177577
 
  Poisson It,Dist =           53  9.987370483113426E-005
  HFEX  =   -1.97836684182288     
  SCF   Iteration =           85
  Total Energy    =   -16.8838143049770     
  Delta E         =  -1.427014737487298E-007
  Residual(rho)   =   2.718977362040124E-005
  elapsed time    =   1.13868009200000     
 
  CHISQ    =   0.0012179178
 
  Poisson It,Dist =           14  9.407885955322722E-005
  HFEX  =   -1.97836652729582     
  SCF   Iteration =           86
  Total Energy    =   -16.8838136854076     
  Delta E         =   6.195694410848773E-007
  Residual(rho)   =   1.401194720109419E-005
  elapsed time    =   1.05993806200000     
 
  CHISQ    =   0.0012179239
 
  Poisson It,Dist =           26  9.481336125126005E-005
  HFEX  =   -1.97836465889357     
  SCF   Iteration =           87
  Total Energy    =   -16.8838142948861     
  Delta E         =  -6.094784801291553E-007
  Residual(rho)   =   1.280322236947785E-005
  elapsed time    =   1.08580191599999     
 
  CHISQ    =   0.0012179605
 
  Poisson It,Dist =           58  9.962249302909444E-005
  HFEX  =   -1.97836812407094     
  SCF   Iteration =           88
  Total Energy    =   -16.8838147658643     
  Delta E         =  -4.709782466250090E-007
  Residual(rho)   =   4.583438230357947E-005
  elapsed time    =   1.15011007600000     
 
  CHISQ    =   0.0012180933
 
  Poisson It,Dist =           16  9.957400212249434E-005
  HFEX  =   -1.97836754761633     
  SCF   Iteration =           89
  Total Energy    =   -16.8838139927144     
  Delta E         =   7.731499387375607E-007
  Residual(rho)   =   2.188292754414188E-005
  elapsed time    =   1.06385734700000     
 
  CHISQ    =   0.0012180956
 
  Poisson It,Dist =           25  9.796495405917445E-005
  HFEX  =   -1.97836728788153     
  SCF   Iteration =           90
  Total Energy    =   -16.8838133230139     
  Delta E         =   6.697004693023700E-007
  Residual(rho)   =   1.040392215222160E-005
  elapsed time    =   1.08243558000001     
 
  CHISQ    =   0.0012181180
 
  Poisson It,Dist =            8  9.201149639920600E-005
  HFEX  =   -1.97836604684360     
  SCF   Iteration =           91
  Total Energy    =   -16.8838094951209     
  Delta E         =   3.827893035435181E-006
  Residual(rho)   =   1.189639722855473E-005
  elapsed time    =   1.04840518600000     
 
  CHISQ    =   0.0012181216
 
  Poisson It,Dist =            8  9.336009317888175E-005
  HFEX  =   -1.97836591072568     
  HFEX  =   -1.97836591072568     
  SCF   Iteration =           92
  Total Energy    =   -16.8838097849969     
  Delta E         =  -2.898760023128943E-007
  Residual(rho)   =   5.386048922744157E-006
 
 
 
  ---- Orbital EigenValues ---- 
 Alpha   A1      -1.361851   -0.717966   -0.585613   -0.507185
virtual  A1 V     0.019984    0.040749    0.054035    0.046257    0.082755
         A2 V     0.111574    0.085292    0.084855    0.079722    0.072774
         A3 V     0.096349    0.116372    0.192878    0.166878    0.248737
         A4 V     0.216830    0.193722    0.195589
  ---- Residuals of Orbitals --- 
 Alpha          0.1818E-13  0.1528E-11  0.5630E-11  0.4846E-10
virtual         0.2844E-05  0.5947E-05  0.1503E-04  0.2206E-04  0.5460E-04
                0.6866E-04  0.1144E-04  0.2153E-04  0.2132E-03  0.7181E-04
                0.7912E-04  0.2952E-04  0.1594E-03  0.2652E-03  0.7288E-04
                0.1792E-03  0.1564E-03  0.5741E-03
 
   Final Energy =   -16.8838097849969     
 
 Initializing start point of RANFQ
 
  18762 points have been accepted
 out of 102400 trials.
 
 !!!!!!!!!!!!!!!!!!!!!!!!!!!!!!!!!
  SCF Convergence is not achieved
         Continue SCF loop
 !!!!!!!!!!!!!!!!!!!!!!!!!!!!!!!!!
 
  ---- Orbital EigenValues ---- 
 Alpha   A1      -1.220347   -0.768440   -0.629709   -0.556387
virtual  A1 V    -0.221422   -0.147859   -0.108069   -0.106603   -0.077192
         A2 V    -0.045315   -0.072924   -0.061350   -0.059066   -0.054074
         A3 V    -0.051013   -0.002091   -0.018197    0.027570    0.001891
         A4 V    -0.003867    0.003831    0.000627
  ---- Residuals of Orbitals --- 
 Alpha          0.3326E-14  0.5073E-13  0.1707E-11  0.2106E-13
virtual         0.4584E-08  0.1543E-07  0.7538E-05  0.1452E-05  0.4424E-04
                0.3939E-03  0.6691E-05  0.1217E-05  0.2004E-06  0.6898E-06
                0.3237E-06  0.1168E-04  0.6857E-03  0.2009E-04  0.3252E-04
                0.6733E-05  0.1956E-04  0.5787E-05
 
   SCF   Iteration =          128
   Final Energy    =   -20.8450775281303     
 
 
  CHISQ    =   0.0012440308
 
  Poisson It,Dist =          100  1.885741910402991E-002
  HFEX  =   -2.01131882458341     
 
  Number of OEP Cycles    =    1
  Total OEP Energy (a.u.) =    -16.8771652
  Delta E          (a.u.) =    -16.8771652
  Norm of delta Veff =   1.524566138350901E-004
 
 Initializing start point of RANFQ
 
  18886 points have been accepted
 out of 102400 trials.
 
  ---- Orbital EigenValues ---- 
 Alpha   A1      -1.220192   -0.768323   -0.629588   -0.556274
virtual  A1 V    -0.221399   -0.147869   -0.108399   -0.106646   -0.077209
         A2 V    -0.045004   -0.073545   -0.061281   -0.059100   -0.054298
         A3 V    -0.051057   -0.003441   -0.018931   -0.004698   -0.000183
         A4 V    -0.003989    0.001956   -0.000071
  ---- Residuals of Orbitals --- 
 Alpha          0.1600E-14  0.3858E-14  0.1205E-12  0.3105E-13
virtual         0.1225E-07  0.6054E-09  0.2840E-06  0.4996E-07  0.1250E-06
                0.2991E-06  0.1843E-05  0.5800E-06  0.9522E-06  0.2860E-06
                0.2264E-06  0.3303E-05  0.1337E-04  0.2156E-02  0.2381E-04
                0.5530E-04  0.6508E-04  0.1081E-04
 
   SCF   Iteration =           37
   Final Energy    =   -21.2298760233694     
 
 
  CHISQ    =   0.0014356300
 
  Poisson It,Dist =          100  4.024008701494951E-003
  HFEX  =   -2.01106036413948     
 
  Number of OEP Cycles    =    2
  Total OEP Energy (a.u.) =    -16.8767773
  Delta E          (a.u.) =      0.0003879
  Norm of delta Veff =   1.504960669007745E-004
 
 Initializing start point of RANFQ
 
  18699 points have been accepted
 out of 102400 trials.
 
  ---- Orbital EigenValues ---- 
 Alpha   A1      -1.220039   -0.768208   -0.629468   -0.556161
virtual  A1 V    -0.221374   -0.147847   -0.108581   -0.106657   -0.077491
         A2 V    -0.044139   -0.074865   -0.060947   -0.059118   -0.054333
         A3 V    -0.051049   -0.003826   -0.022740   -0.007768    0.000156
         A4 V    -0.001031    0.000206   -0.002143
  ---- Residuals of Orbitals --- 
 Alpha          0.1363E-14  0.3293E-14  0.7232E-13  0.1475E-13
virtual         0.6456E-11  0.3506E-09  0.9430E-06  0.6455E-08  0.1499E-06
                0.3335E-05  0.6155E-06  0.4574E-06  0.4258E-07  0.6629E-07
                0.2552E-06  0.1877E-04  0.1488E-05  0.1247E-04  0.1983E-05
                0.3847E-05  0.1466E-03  0.4521E-04
 
   SCF   Iteration =           36
   Final Energy    =   -21.2264312023071     
 
 
  CHISQ    =   0.0010215974
 
  Poisson It,Dist =          100  1.526580376626292E-003
  HFEX  =   -2.01081978276108     
 
  Number of OEP Cycles    =    3
  Total OEP Energy (a.u.) =    -16.8764036
  Delta E          (a.u.) =      0.0003737
  Norm of delta Veff =   1.490898128198015E-004
 
 Initializing start point of RANFQ
 
  18880 points have been accepted
 out of 102400 trials.
 
  ---- Orbital EigenValues ---- 
 Alpha   A1      -1.219889   -0.768094   -0.629349   -0.556050
virtual  A1 V    -0.221350   -0.147824   -0.108661   -0.106661   -0.077618
         A2 V    -0.043811   -0.075204   -0.060775   -0.059127   -0.054328
         A3 V    -0.051034   -0.003942   -0.023004   -0.008163   -0.000058
         A4 V    -0.001034   -0.001523   -0.002975
  ---- Residuals of Orbitals --- 
 Alpha          0.1156E-14  0.1745E-13  0.4753E-13  0.2840E-13
virtual         0.2416E-09  0.5292E-10  0.3536E-06  0.1920E-08  0.2909E-06
                0.4519E-08  0.1380E-06  0.1954E-06  0.8325E-08  0.4773E-07
                0.3301E-07  0.3723E-05  0.4606E-05  0.3038E-05  0.2165E-04
                0.3481E-05  0.4058E-04  0.6384E-04
 
   SCF   Iteration =           29
   Final Energy    =   -21.2231811726310     
 
 
  CHISQ    =   0.0009210574
 
  Poisson It,Dist =          100  5.037796687491419E-004
  HFEX  =   -2.01057522731416     
 
  Number of OEP Cycles    =    4
  Total OEP Energy (a.u.) =    -16.8763531
  Delta E          (a.u.) =      0.0000505
  Norm of delta Veff =   1.481332187066136E-004
 
 Initializing start point of RANFQ
 
  19042 points have been accepted
 out of 102400 trials.
 
  ---- Orbital EigenValues ---- 
 Alpha   A1      -1.219739   -0.767981   -0.629231   -0.555939
virtual  A1 V    -0.221325   -0.147801   -0.108685   -0.106656   -0.077643
         A2 V    -0.043805   -0.075213   -0.060729   -0.059130   -0.054331
         A3 V    -0.051027   -0.004251   -0.023061   -0.009193    0.000934
         A4 V    -0.001186   -0.002177   -0.004042
  ---- Residuals of Orbitals --- 
 Alpha          0.9675E-15  0.3023E-14  0.3726E-12  0.2606E-13
virtual         0.1875E-12  0.6771E-10  0.1456E-05  0.1464E-08  0.2314E-06
                0.1448E-08  0.8694E-08  0.1410E-06  0.3939E-08  0.1079E-06
                0.2444E-07  0.3110E-05  0.8520E-05  0.7855E-06  0.8127E-03
                0.3114E-04  0.2136E-05  0.1770E-04
 
   SCF   Iteration =           32
   Final Energy    =   -21.2195777664482     
 
 
  CHISQ    =   0.0010008340
 
  Poisson It,Dist =          100  1.826640304789751E-004
  HFEX  =   -2.01032241180757     
 
  Number of OEP Cycles    =    5
  Total OEP Energy (a.u.) =    -16.8763737
  Delta E          (a.u.) =     -0.0000206
  Norm of delta Veff =   1.474921625307179E-004
 
 Initializing start point of RANFQ
 
  18752 points have been accepted
 out of 102400 trials.
 
  ---- Orbital EigenValues ---- 
 Alpha   A1      -1.219590   -0.767869   -0.629114   -0.555828
virtual  A1 V    -0.221301   -0.147777   -0.108733   -0.106651   -0.077700
         A2 V    -0.043800   -0.075215   -0.060628   -0.059131   -0.054335
         A3 V    -0.051014   -0.004349   -0.023226   -0.009306    0.000779
         A4 V    -0.001912   -0.003651   -0.006676
  ---- Residuals of Orbitals --- 
 Alpha          0.7488E-15  0.8280E-14  0.2093E-13  0.2604E-12
virtual         0.3184E-12  0.2577E-11  0.5430E-07  0.2693E-06  0.6181E-07
                0.1425E-07  0.9287E-08  0.1945E-06  0.1753E-08  0.6066E-07
                0.4085E-06  0.7392E-05  0.6330E-06  0.1199E-04  0.9972E-06
                0.5471E-05  0.3006E-02  0.3270E-02
 
   SCF   Iteration =           38
   Final Energy    =   -21.2158077651320     
 
 
  CHISQ    =   0.0009546710
 
  Poisson It,Dist =           93  9.994930190494968E-005
  HFEX  =   -2.01007189034486     
 
  Number of OEP Cycles    =    6
  Total OEP Energy (a.u.) =    -16.8764285
  Delta E          (a.u.) =     -0.0000547
  Norm of delta Veff =   1.467766057313076E-004
 
 Initializing start point of RANFQ
 
  18658 points have been accepted
 out of 102400 trials.
 
  ---- Orbital EigenValues ---- 
 Alpha   A1      -1.219442   -0.767758   -0.628997   -0.555718
virtual  A1 V    -0.221277   -0.147754   -0.108753   -0.106645   -0.077743
         A2 V    -0.043793   -0.075216   -0.060557   -0.059132   -0.054336
         A3 V    -0.051009   -0.004366   -0.023274   -0.009608    0.000938
         A4 V    -0.002036   -0.004742   -0.008270
  ---- Residuals of Orbitals --- 
 Alpha          0.6154E-15  0.1676E-13  0.1352E-13  0.1494E-12
virtual         0.1118E-10  0.1509E-11  0.1629E-07  0.6581E-08  0.1075E-06
                0.6276E-07  0.3684E-08  0.2335E-07  0.1254E-08  0.9483E-08
                0.5894E-09  0.1046E-05  0.1697E-06  0.4044E-04  0.1995E-03
                0.8082E-05  0.2347E-05  0.1056E-04
 
   SCF   Iteration =           32
   Final Energy    =   -21.2120369042078     
 
 
  CHISQ    =   0.0009438242
 
  Poisson It,Dist =          100  1.366523304630259E-004
  HFEX  =   -2.00983763542027     
 
  Number of OEP Cycles    =    7
  Total OEP Energy (a.u.) =    -16.8765003
  Delta E          (a.u.) =     -0.0000718
  Norm of delta Veff =   1.458990281002873E-004
 
 Initializing start point of RANFQ
 
  18699 points have been accepted
 out of 102400 trials.
 
  ---- Orbital EigenValues ---- 
 Alpha   A1      -1.219294   -0.767647   -0.628881   -0.555608
virtual  A1 V    -0.221253   -0.147731   -0.108756   -0.106640   -0.077737
         A2 V    -0.043787   -0.075217   -0.060555   -0.059133   -0.054337
         A3 V    -0.051007   -0.004528   -0.023303   -0.009711    0.001064
         A4 V    -0.002221   -0.005053   -0.009981
  ---- Residuals of Orbitals --- 
 Alpha          0.5075E-15  0.5683E-13  0.9769E-14  0.2134E-13
virtual         0.1130E-11  0.2042E-11  0.2069E-06  0.4146E-09  0.3873E-07
                0.8709E-09  0.2384E-08  0.3785E-06  0.4379E-09  0.5557E-08
                0.1235E-07  0.1257E-05  0.2131E-05  0.1408E-04  0.3477E-06
                0.6512E-04  0.1143E-05  0.1685E-04
 
   SCF   Iteration =           34
   Final Energy    =   -21.2084298743412     
 
 
  CHISQ    =   0.0009376387
 
  Poisson It,Dist =          100  1.267222106780588E-004
  HFEX  =   -2.00959300460352     
 
  Number of OEP Cycles    =    8
  Total OEP Energy (a.u.) =    -16.8765722
  Delta E          (a.u.) =     -0.0000719
  Norm of delta Veff =   1.450526242837042E-004
 
 Initializing start point of RANFQ
 
  18878 points have been accepted
 out of 102400 trials.
 
  ---- Orbital EigenValues ---- 
 Alpha   A1      -1.219148   -0.767537   -0.628766   -0.555498
virtual  A1 V    -0.221229   -0.147708   -0.108754   -0.106634   -0.077737
         A2 V    -0.043780   -0.075218   -0.060546   -0.059133   -0.054339
         A3 V    -0.051008   -0.004508   -0.023316   -0.009998    0.001326
         A4 V    -0.003895   -0.005349   -0.010547
  ---- Residuals of Orbitals --- 
 Alpha          0.5104E-15  0.2764E-14  0.2626E-13  0.8718E-13
virtual         0.6750E-12  0.3653E-11  0.4009E-08  0.2175E-10  0.1253E-07
                0.5449E-10  0.4654E-09  0.1109E-06  0.2955E-09  0.2018E-08
                0.2586E-08  0.4577E-06  0.1051E-05  0.2699E-06  0.5078E-04
                0.1084E-03  0.5967E-06  0.9860E-06
 
   SCF   Iteration =           33
   Final Energy    =   -21.2047139248998     
 
 
  CHISQ    =   0.0009712136
 
  Poisson It,Dist =          100  1.616359069983005E-004
  HFEX  =   -2.00934740656567     
 
  Number of OEP Cycles    =    9
  Total OEP Energy (a.u.) =    -16.8766534
  Delta E          (a.u.) =     -0.0000811
  Norm of delta Veff =   1.446789141740804E-004
 
 Initializing start point of RANFQ
 
  18737 points have been accepted
 out of 102400 trials.
 
  ---- Orbital EigenValues ---- 
 Alpha   A1      -1.219001   -0.767428   -0.628651   -0.555388
virtual  A1 V    -0.221205   -0.147685   -0.108750   -0.106629   -0.077734
         A2 V    -0.043774   -0.075218   -0.060543   -0.059134   -0.054339
         A3 V    -0.051008   -0.004828   -0.023324   -0.010105    0.001589
         A4 V    -0.004438   -0.006757   -0.010777
  ---- Residuals of Orbitals --- 
 Alpha          0.8348E-15  0.1453E-15  0.1618E-12  0.9901E-14
virtual         0.3588E-08  0.2191E-11  0.2058E-08  0.2211E-09  0.4465E-08
                0.5440E-10  0.1005E-06  0.2218E-06  0.1022E-07  0.4729E-10
                0.2149E-06  0.2632E-05  0.5047E-06  0.7078E-06  0.1832E-03
                0.1698E-03  0.4475E-02  0.3921E-06
 
   SCF   Iteration =           36
   Final Energy    =   -21.2009786689889     
 
 
  CHISQ    =   0.0009461056
 
  Poisson It,Dist =          100  1.407232703601212E-004
  HFEX  =   -2.00910861286610     
 
  Number of OEP Cycles    =   10
  Total OEP Energy (a.u.) =    -16.8767295
  Delta E          (a.u.) =     -0.0000761
  Norm of delta Veff =   1.446839482317762E-004
 
 Initializing start point of RANFQ
 
  18748 points have been accepted
 out of 102400 trials.
 
  ---- Orbital EigenValues ---- 
 Alpha   A1      -1.218855   -0.767318   -0.628536   -0.555276
virtual  A1 V    -0.221181   -0.147662   -0.108745   -0.106623   -0.077735
         A2 V    -0.043767   -0.075219   -0.060538   -0.059135   -0.054339
         A3 V    -0.051007   -0.004792   -0.023325   -0.010393    0.001520
         A4 V    -0.004500   -0.008050   -0.012277
  ---- Residuals of Orbitals --- 
 Alpha          0.6781E-15  0.1723E-15  0.5063E-13  0.4238E-13
virtual         0.2191E-10  0.1335E-11  0.2850E-08  0.5402E-10  0.5205E-08
                0.2433E-08  0.1909E-09  0.3259E-07  0.7924E-09  0.3509E-10
                0.1856E-08  0.8256E-04  0.2117E-06  0.1664E-06  0.5912E-05
                0.3011E-05  0.5297E-05  0.3716E-06
 
   SCF   Iteration =           30
   Final Energy    =   -21.1973219824614     
 
 
  CHISQ    =   0.0009425645
 
  Poisson It,Dist =          100  1.691193320102690E-004
  HFEX  =   -2.00886773435042     
 
  Number of OEP Cycles    =   11
  Total OEP Energy (a.u.) =    -16.8768080
  Delta E          (a.u.) =     -0.0000785
  Norm of delta Veff =   1.441729098681012E-004
 
 Initializing start point of RANFQ
 
  18559 points have been accepted
 out of 102400 trials.
 
  ---- Orbital EigenValues ---- 
 Alpha   A1      -1.218709   -0.767209   -0.628422   -0.555164
virtual  A1 V    -0.221157   -0.147640   -0.108740   -0.106617   -0.077732
         A2 V    -0.043761   -0.075220   -0.060536   -0.059136   -0.054339
         A3 V    -0.051005   -0.004841   -0.023324   -0.010433    0.000329
         A4 V    -0.004921   -0.008794   -0.013753
  ---- Residuals of Orbitals --- 
 Alpha          0.1945E-15  0.1795E-15  0.5686E-13  0.1689E-12
virtual         0.1132E-09  0.3211E-10  0.2111E-08  0.3299E-09  0.2393E-07
                0.3015E-10  0.2366E-10  0.3602E-08  0.8082E-10  0.1091E-08
                0.1908E-08  0.1050E-05  0.3106E-07  0.7809E-07  0.5036E-05
                0.1429E-04  0.5515E-05  0.2159E-05
 
   SCF   Iteration =           41
   Final Energy    =   -21.1936422393198     
 
 
  CHISQ    =   0.0009634319
 
  Poisson It,Dist =          100  1.566597715503708E-004
  HFEX  =   -2.00862339539569     
 
  Number of OEP Cycles    =   12
  Total OEP Energy (a.u.) =    -16.8768859
  Delta E          (a.u.) =     -0.0000779
  Norm of delta Veff =   1.442428256577807E-004
 
 Initializing start point of RANFQ
 
  19043 points have been accepted
 out of 102400 trials.
 
  ---- Orbital EigenValues ---- 
 Alpha   A1      -1.218562   -0.767101   -0.628307   -0.555049
virtual  A1 V    -0.221133   -0.147617   -0.108734   -0.106612   -0.077729
         A2 V    -0.043754   -0.075221   -0.060534   -0.059136   -0.054339
         A3 V    -0.051006   -0.005524   -0.023324   -0.010461    0.001161
         A4 V    -0.007128   -0.008989   -0.014260
  ---- Residuals of Orbitals --- 
 Alpha          0.1608E-15  0.1431E-15  0.3985E-12  0.1100E-11
virtual         0.1993E-10  0.2383E-11  0.7503E-08  0.3945E-11  0.3008E-08
                0.1633E-10  0.1069E-10  0.2462E-08  0.5546E-10  0.2753E-10
                0.1494E-07  0.6956E-06  0.1580E-06  0.1955E-06  0.1328E-05
                0.2197E-03  0.8965E-05  0.7930E-06
 
   SCF   Iteration =           32
   Final Energy    =   -21.1899202087956     
 
 
  CHISQ    =   0.0009651579
 
  Poisson It,Dist =          100  1.792105857775177E-004
  HFEX  =   -2.00838151583060     
 
  Number of OEP Cycles    =   13
  Total OEP Energy (a.u.) =    -16.8769649
  Delta E          (a.u.) =     -0.0000790
  Norm of delta Veff =   1.437216805723028E-004
 
 Initializing start point of RANFQ
 
  18636 points have been accepted
 out of 102400 trials.
 
  ---- Orbital EigenValues ---- 
 Alpha   A1      -1.218416   -0.766992   -0.628193   -0.554934
virtual  A1 V    -0.221109   -0.147594   -0.108729   -0.106606   -0.077726
         A2 V    -0.043748   -0.075221   -0.060532   -0.059137   -0.054340
         A3 V    -0.051006   -0.005489   -0.023325   -0.010462    0.001013
         A4 V    -0.007052   -0.009546   -0.014843
  ---- Residuals of Orbitals --- 
 Alpha          0.1269E-15  0.9287E-16  0.3194E-12  0.2760E-12
virtual         0.1649E-09  0.3819E-12  0.7246E-09  0.1298E-08  0.4663E-07
                0.1819E-09  0.3459E-10  0.8267E-07  0.5425E-07  0.6907E-10
                0.1671E-08  0.6877E-06  0.1667E-07  0.1564E-06  0.8715E-06
                0.8765E-05  0.4183E-05  0.1103E-05
 
   SCF   Iteration =           34
   Final Energy    =   -21.1862196338373     
 
 
  CHISQ    =   0.0009337017
 
  Poisson It,Dist =          100  1.601277402093009E-004
  HFEX  =   -2.00813807575269     
 
  Number of OEP Cycles    =   14
  Total OEP Energy (a.u.) =    -16.8770411
  Delta E          (a.u.) =     -0.0000762
  Norm of delta Veff =   1.430849883714525E-004
 
 Initializing start point of RANFQ
 
  19031 points have been accepted
 out of 102400 trials.
 
  ---- Orbital EigenValues ---- 
 Alpha   A1      -1.218271   -0.766884   -0.628079   -0.554819
virtual  A1 V    -0.221086   -0.147572   -0.108723   -0.106600   -0.077723
         A2 V    -0.043742   -0.075222   -0.060530   -0.059137   -0.054340
         A3 V    -0.051006   -0.005351   -0.023330   -0.010469    0.001029
         A4 V    -0.008473   -0.009813   -0.015142
  ---- Residuals of Orbitals --- 
 Alpha          0.1014E-15  0.3541E-15  0.2236E-12  0.1339E-10
virtual         0.1466E-10  0.1345E-11  0.1312E-09  0.5945E-08  0.4086E-06
                0.4036E-09  0.9299E-11  0.3096E-05  0.1333E-09  0.8319E-09
                0.7222E-09  0.7781E-06  0.4969E-08  0.2074E-06  0.3132E-04
                0.1367E-05  0.1823E-04  0.1070E-05
 
   SCF   Iteration =           34
   Final Energy    =   -21.1825095960195     
 
 
  CHISQ    =   0.0009545115
 
  Poisson It,Dist =          100  1.806475337894180E-004
  HFEX  =   -2.00790022257828     
 
  Number of OEP Cycles    =   15
  Total OEP Energy (a.u.) =    -16.8771167
  Delta E          (a.u.) =     -0.0000757
  Norm of delta Veff =   1.422882752921949E-004
 
 Initializing start point of RANFQ
 
  19109 points have been accepted
 out of 102400 trials.
 
  ---- Orbital EigenValues ---- 
 Alpha   A1      -1.218126   -0.766777   -0.627966   -0.554703
virtual  A1 V    -0.221062   -0.147548   -0.108717   -0.106594   -0.077720
         A2 V    -0.043736   -0.075223   -0.060529   -0.059138   -0.054340
         A3 V    -0.051006   -0.005284   -0.023330   -0.010482    0.000856
         A4 V    -0.008414   -0.010227   -0.015667
  ---- Residuals of Orbitals --- 
 Alpha          0.8975E-16  0.3100E-13  0.2992E-13  0.6265E-11
virtual         0.7318E-11  0.2096E-07  0.1067E-10  0.3242E-11  0.6576E-07
                0.1233E-07  0.8126E-11  0.1403E-07  0.1654E-08  0.2061E-09
                0.6819E-09  0.2960E-04  0.1703E-07  0.6783E-06  0.3030E-06
                0.6565E-04  0.1189E-04  0.9777E-06
 
   SCF   Iteration =           32
   Final Energy    =   -21.1788654413238     
 
 
  CHISQ    =   0.0009719666
 
  Poisson It,Dist =          100  1.245105311540233E-004
  HFEX  =   -2.00766271738895     
 
  Number of OEP Cycles    =   16
  Total OEP Energy (a.u.) =    -16.8771844
  Delta E          (a.u.) =     -0.0000677
  Norm of delta Veff =   1.414503754561924E-004
 
 Initializing start point of RANFQ
 
  18946 points have been accepted
 out of 102400 trials.
 
  ---- Orbital EigenValues ---- 
 Alpha   A1      -1.217982   -0.766670   -0.627854   -0.554588
virtual  A1 V    -0.221039   -0.147527   -0.108711   -0.106588   -0.077717
         A2 V    -0.043729   -0.075223   -0.060529   -0.059139   -0.054340
         A3 V    -0.051006   -0.005225   -0.023329   -0.010478    0.000893
         A4 V    -0.008441   -0.010229   -0.016460
  ---- Residuals of Orbitals --- 
 Alpha          0.7259E-16  0.1402E-15  0.7433E-13  0.5545E-11
virtual         0.1422E-10  0.4986E-10  0.8115E-11  0.2733E-11  0.1274E-07
                0.2309E-10  0.3406E-09  0.1182E-06  0.1197E-09  0.2223E-09
                0.1921E-09  0.6106E-05  0.5714E-07  0.1560E-06  0.1242E-05
                0.1509E-05  0.3450E-05  0.3054E-05
 
   SCF   Iteration =           31
   Final Energy    =   -21.1752435177896     
 
 
  CHISQ    =   0.0009761880
 
  Poisson It,Dist =          100  1.672194991663193E-004
  HFEX  =   -2.00742061950902     
 
  Number of OEP Cycles    =   17
  Total OEP Energy (a.u.) =    -16.8772599
  Delta E          (a.u.) =     -0.0000754
  Norm of delta Veff =   1.407106685211336E-004
 
 Initializing start point of RANFQ
 
  19395 points have been accepted
 out of 102400 trials.
 
  ---- Orbital EigenValues ---- 
 Alpha   A1      -1.217838   -0.766564   -0.627742   -0.554473
virtual  A1 V    -0.221015   -0.147505   -0.108705   -0.106583   -0.077713
         A2 V    -0.043723   -0.075224   -0.060528   -0.059139   -0.054340
         A3 V    -0.051006   -0.005188   -0.023326   -0.010482    0.001881
         A4 V    -0.008776   -0.010255   -0.016837
  ---- Residuals of Orbitals --- 
 Alpha          0.8249E-16  0.4797E-14  0.1588E-11  0.7043E-12
virtual         0.2536E-10  0.2062E-10  0.4871E-10  0.3788E-11  0.2271E-08
                0.5003E-10  0.1338E-08  0.6876E-08  0.1979E-10  0.2416E-10
                0.3592E-09  0.4683E-05  0.1502E-08  0.1829E-06  0.8267E-07
                0.4297E-05  0.1552E-04  0.7393E-04
 
   SCF   Iteration =           30
   Final Energy    =   -21.1715618992788     
 
 
  CHISQ    =   0.0009951273
 
  Poisson It,Dist =          100  1.218945066418134E-004
  HFEX  =   -2.00718763846691     
 
  Number of OEP Cycles    =   18
  Total OEP Energy (a.u.) =    -16.8773293
  Delta E          (a.u.) =     -0.0000694
  Norm of delta Veff =   1.394921463075914E-004
 
 Initializing start point of RANFQ
 
  18977 points have been accepted
 out of 102400 trials.
 
  ---- Orbital EigenValues ---- 
 Alpha   A1      -1.217696   -0.766459   -0.627631   -0.554359
virtual  A1 V    -0.220992   -0.147482   -0.108699   -0.106577   -0.077710
         A2 V    -0.043717   -0.075224   -0.060527   -0.059140   -0.054340
         A3 V    -0.051006   -0.005131   -0.023328   -0.010495    0.001875
         A4 V    -0.008216   -0.011119   -0.017097
  ---- Residuals of Orbitals --- 
 Alpha          0.1284E-14  0.6291E-14  0.2102E-10  0.1897E-13
virtual         0.8855E-09  0.2863E-10  0.5196E-11  0.4532E-11  0.7100E-09
                0.9793E-08  0.9019E-10  0.3676E-08  0.7138E-10  0.3808E-09
                0.1490E-09  0.1669E-04  0.1199E-06  0.1650E-06  0.1934E-04
                0.2016E-05  0.2597E-04  0.3039E-04
 
   SCF   Iteration =           29
   Final Energy    =   -21.1679944954970     
 
 
  CHISQ    =   0.0009698106
 
  Poisson It,Dist =          100  1.685939911964636E-004
  HFEX  =   -2.00694631849813     
 
  Number of OEP Cycles    =   19
  Total OEP Energy (a.u.) =    -16.8774023
  Delta E          (a.u.) =     -0.0000730
  Norm of delta Veff =   1.386369313188791E-004
 
 Initializing start point of RANFQ
 
  18787 points have been accepted
 out of 102400 trials.
 
  ---- Orbital EigenValues ---- 
 Alpha   A1      -1.217555   -0.766354   -0.627521   -0.554246
virtual  A1 V    -0.220969   -0.147460   -0.108693   -0.106571   -0.077706
         A2 V    -0.043710   -0.075225   -0.060526   -0.059140   -0.054341
         A3 V    -0.051006   -0.005092   -0.023325   -0.010485    0.001873
         A4 V    -0.007965   -0.011266   -0.017651
  ---- Residuals of Orbitals --- 
 Alpha          0.4573E-16  0.2466E-12  0.3827E-11  0.8399E-12
virtual         0.2719E-10  0.9878E-11  0.2695E-11  0.5095E-09  0.4480E-08
                0.3838E-10  0.1287E-10  0.1519E-08  0.8512E-11  0.8851E-10
                0.8271E-10  0.4320E-06  0.1660E-06  0.1462E-06  0.4939E-07
                0.1023E-05  0.1416E-04  0.7620E-06
 
   SCF   Iteration =           30
   Final Energy    =   -21.1643437656438     
 
 
  CHISQ    =   0.0009365701
 
  Poisson It,Dist =          100  1.283730705341244E-004
  HFEX  =   -2.00670928296424     
 
  Number of OEP Cycles    =   20
  Total OEP Energy (a.u.) =    -16.8774721
  Delta E          (a.u.) =     -0.0000698
  Norm of delta Veff =   1.376783506942947E-004
 
 Initializing start point of RANFQ
 
  18949 points have been accepted
 out of 102400 trials.
 
  ---- Orbital EigenValues ---- 
 Alpha   A1      -1.217415   -0.766250   -0.627412   -0.554133
virtual  A1 V    -0.220947   -0.147439   -0.108688   -0.106565   -0.077703
         A2 V    -0.043704   -0.075226   -0.060525   -0.059141   -0.054341
         A3 V    -0.051006   -0.004865   -0.023323   -0.010485    0.002067
         A4 V    -0.010044   -0.011379   -0.018141
  ---- Residuals of Orbitals --- 
 Alpha          0.4069E-16  0.4308E-15  0.2535E-13  0.1098E-11
virtual         0.1004E-10  0.5988E-11  0.5039E-09  0.7543E-09  0.1188E-08
                0.6982E-08  0.2070E-08  0.3648E-08  0.5881E-10  0.7143E-08
                0.3286E-10  0.2011E-06  0.9923E-08  0.4636E-06  0.1434E-06
                0.8798E-05  0.1560E-04  0.8175E-05
 
   SCF   Iteration =           31
   Final Energy    =   -21.1607376986137     
 
 
  CHISQ    =   0.0009863372
 
  Poisson It,Dist =          100  1.807709597541621E-004
  HFEX  =   -2.00647636344400     
 
  Number of OEP Cycles    =   21
  Total OEP Energy (a.u.) =    -16.8775450
  Delta E          (a.u.) =     -0.0000729
  Norm of delta Veff =   1.362596880244693E-004
 
 Initializing start point of RANFQ
 
  18987 points have been accepted
 out of 102400 trials.
 
  ---- Orbital EigenValues ---- 
 Alpha   A1      -1.217276   -0.766147   -0.627304   -0.554021
virtual  A1 V    -0.220923   -0.147417   -0.108682   -0.106560   -0.077699
         A2 V    -0.043698   -0.075226   -0.060525   -0.059141   -0.054341
         A3 V    -0.051006   -0.004919   -0.023319   -0.010405    0.002036
         A4 V    -0.007598   -0.008517   -0.022681
  ---- Residuals of Orbitals --- 
 Alpha          0.1122E-13  0.2333E-12  0.1815E-13  0.4137E-12
virtual         0.8114E-07  0.8445E-12  0.1885E-09  0.1144E-09  0.3269E-09
                0.6503E-10  0.1797E-11  0.1426E-07  0.2410E-10  0.2001E-10
                0.9136E-08  0.6469E-06  0.2094E-07  0.4885E-07  0.1352E-05
                0.5200E-05  0.3700E-05  0.2054E-05
 
   SCF   Iteration =           26
   Final Energy    =   -21.1571883609306     
 
 
  CHISQ    =   0.0009393832
 
  Poisson It,Dist =          100  1.553130878452855E-004
  HFEX  =   -2.00625037224070     
 
  Number of OEP Cycles    =   22
  Total OEP Energy (a.u.) =    -16.8776119
  Delta E          (a.u.) =     -0.0000669
  Norm of delta Veff =   1.359395366225148E-004
 
 Initializing start point of RANFQ
 
  18758 points have been accepted
 out of 102400 trials.
 
  ---- Orbital EigenValues ---- 
 Alpha   A1      -1.217137   -0.766044   -0.627196   -0.553909
virtual  A1 V    -0.220902   -0.147395   -0.108676   -0.106554   -0.077677
         A2 V    -0.043692   -0.075227   -0.060541   -0.059142   -0.054341
         A3 V    -0.051006   -0.004915   -0.023316   -0.010406    0.002020
         A4 V    -0.007637   -0.008607   -0.022692
  ---- Residuals of Orbitals --- 
 Alpha          0.2305E-15  0.8737E-11  0.5269E-13  0.4133E-12
virtual         0.2094E-07  0.8849E-12  0.4209E-10  0.3918E-10  0.1305E-06
                0.4364E-10  0.2086E-10  0.2269E-07  0.6139E-11  0.8276E-11
                0.2540E-09  0.8320E-06  0.5880E-08  0.9263E-06  0.1052E-05
                0.1984E-04  0.5270E-05  0.1453E-05
 
   SCF   Iteration =           30
   Final Energy    =   -21.1537215078883     
 
 
  CHISQ    =   0.0009382252
 
  Poisson It,Dist =          100  1.445757436146801E-004
  HFEX  =   -2.00602584924227     
 
  Number of OEP Cycles    =   23
  Total OEP Energy (a.u.) =    -16.8776747
  Delta E          (a.u.) =     -0.0000628
  Norm of delta Veff =   1.349872400543159E-004
 
 Initializing start point of RANFQ
 
  19024 points have been accepted
 out of 102400 trials.
 
  ---- Orbital EigenValues ---- 
 Alpha   A1      -1.217000   -0.765942   -0.627089   -0.553797
virtual  A1 V    -0.220879   -0.147374   -0.108671   -0.106548   -0.077677
         A2 V    -0.043686   -0.075227   -0.060527   -0.059142   -0.054342
         A3 V    -0.051006   -0.004914   -0.023314   -0.010384    0.001876
         A4 V    -0.007109   -0.008220   -0.023857
  ---- Residuals of Orbitals --- 
 Alpha          0.1921E-16  0.2389E-10  0.1419E-12  0.7127E-13
virtual         0.6486E-09  0.7796E-10  0.3891E-09  0.3064E-09  0.1169E-07
                0.9106E-10  0.2360E-10  0.4384E-04  0.1335E-10  0.6299E-10
                0.6787E-09  0.1373E-05  0.5791E-08  0.1672E-06  0.5320E-06
                0.1295E-04  0.3284E-05  0.1145E-06
 
   SCF   Iteration =           41
   Final Energy    =   -21.1502788063272     
 
 
  CHISQ    =   0.0009441736
 
  Poisson It,Dist =          100  1.725958367632057E-004
  HFEX  =   -2.00578147139128     
 
  Number of OEP Cycles    =   24
  Total OEP Energy (a.u.) =    -16.8777457
  Delta E          (a.u.) =     -0.0000710
  Norm of delta Veff =   1.340584064834534E-004
 
 Initializing start point of RANFQ
 
  18739 points have been accepted
 out of 102400 trials.
 
  ---- Orbital EigenValues ---- 
 Alpha   A1      -1.216863   -0.765841   -0.626982   -0.553686
virtual  A1 V    -0.220857   -0.147352   -0.108665   -0.106543   -0.077676
         A2 V    -0.043680   -0.075228   -0.060535   -0.059143   -0.054342
         A3 V    -0.051006   -0.004875   -0.023310   -0.010387    0.001911
         A4 V    -0.007401   -0.008663   -0.023856
  ---- Residuals of Orbitals --- 
 Alpha          0.2012E-16  0.1941E-11  0.1057E-14  0.2643E-11
virtual         0.1541E-07  0.2377E-09  0.5465E-09  0.7490E-10  0.6126E-07
                0.1134E-10  0.3288E-10  0.7248E-07  0.8002E-10  0.3909E-11
                0.1029E-09  0.4698E-06  0.1658E-07  0.4885E-08  0.4075E-06
                0.8397E-06  0.1371E-05  0.4276E-06
 
   SCF   Iteration =           34
   Final Energy    =   -21.1466205053282     
 
 
  CHISQ    =   0.0009548532
 
  Poisson It,Dist =          100  1.532517191774535E-004
  HFEX  =   -2.00555658827359     
 
  Number of OEP Cycles    =   25
  Total OEP Energy (a.u.) =    -16.8778103
  Delta E          (a.u.) =     -0.0000646
  Norm of delta Veff =   1.328034117743700E-004
 
 Initializing start point of RANFQ
 
  18917 points have been accepted
 out of 102400 trials.
 
  ---- Orbital EigenValues ---- 
 Alpha   A1      -1.216728   -0.765740   -0.626877   -0.553577
virtual  A1 V    -0.220835   -0.147331   -0.108660   -0.106537   -0.077673
         A2 V    -0.043674   -0.075228   -0.060533   -0.059143   -0.054342
         A3 V    -0.051007   -0.004869   -0.023306   -0.010389    0.001918
         A4 V    -0.007483   -0.008762   -0.023855
  ---- Residuals of Orbitals --- 
 Alpha          0.1392E-15  0.7825E-11  0.8746E-15  0.2036E-13
virtual         0.1433E-08  0.1510E-09  0.1316E-08  0.1272E-10  0.7288E-08
                0.7317E-09  0.7598E-11  0.7267E-08  0.1139E-10  0.1193E-09
                0.3726E-09  0.6679E-07  0.1165E-07  0.4023E-07  0.5694E-06
                0.1015E-05  0.5641E-06  0.1163E-06
 
   SCF   Iteration =           32
   Final Energy    =   -21.1431864073305     
 
 
  CHISQ    =   0.0009826770
 
  Poisson It,Dist =          100  1.376041184617531E-004
  HFEX  =   -2.00533569009204     
 
  Number of OEP Cycles    =   26
  Total OEP Energy (a.u.) =    -16.8778715
  Delta E          (a.u.) =     -0.0000612
  Norm of delta Veff =   1.318310641656469E-004
 
 Initializing start point of RANFQ
 
  18548 points have been accepted
 out of 102400 trials.
 
  ---- Orbital EigenValues ---- 
 Alpha   A1      -1.216593   -0.765640   -0.626773   -0.553468
virtual  A1 V    -0.220813   -0.147310   -0.108654   -0.106532   -0.077675
         A2 V    -0.043668   -0.075229   -0.060528   -0.059144   -0.054342
         A3 V    -0.051006   -0.004872   -0.023301   -0.010392    0.002522
         A4 V    -0.007335   -0.008953   -0.023854
  ---- Residuals of Orbitals --- 
 Alpha          0.2430E-16  0.1255E-14  0.1798E-14  0.7280E-13
virtual         0.6481E-10  0.6982E-10  0.6771E-09  0.2907E-09  0.1896E-08
                0.2581E-09  0.2126E-08  0.3937E-08  0.3018E-10  0.3115E-11
                0.1581E-08  0.4538E-07  0.3232E-07  0.3881E-08  0.6558E-06
                0.2448E-05  0.4330E-06  0.1620E-07
 
   SCF   Iteration =           33
   Final Energy    =   -21.1398029654663     
 
 
  CHISQ    =   0.0009634581
 
  Poisson It,Dist =          100  1.200992035269667E-004
  HFEX  =   -2.00510936960928     
 
  Number of OEP Cycles    =   27
  Total OEP Energy (a.u.) =    -16.8779294
  Delta E          (a.u.) =     -0.0000578
  Norm of delta Veff =   1.302770039020660E-004
 
 Initializing start point of RANFQ
 
  18853 points have been accepted
 out of 102400 trials.
 
  ---- Orbital EigenValues ---- 
 Alpha   A1      -1.216460   -0.765541   -0.626670   -0.553360
virtual  A1 V    -0.220792   -0.147289   -0.108649   -0.106526   -0.077675
         A2 V    -0.043662   -0.075229   -0.060523   -0.059144   -0.054343
         A3 V    -0.051006   -0.004887   -0.023296   -0.010395    0.002510
         A4 V    -0.007270   -0.009125   -0.023858
  ---- Residuals of Orbitals --- 
 Alpha          0.9674E-14  0.8467E-15  0.2252E-10  0.3684E-13
virtual         0.1002E-08  0.2473E-11  0.5842E-11  0.1269E-09  0.2073E-07
                0.4815E-09  0.5962E-09  0.5086E-08  0.4296E-11  0.4816E-09
                0.9175E-10  0.1518E-06  0.3461E-07  0.3747E-07  0.4116E-05
                0.5205E-06  0.1005E-05  0.2289E-07
 
   SCF   Iteration =           36
   Final Energy    =   -21.1363760153551     
 
 
  CHISQ    =   0.0009722614
 
  Poisson It,Dist =          100  1.410879522755098E-004
  HFEX  =   -2.00488485690368     
 
  Number of OEP Cycles    =   28
  Total OEP Energy (a.u.) =    -16.8779942
  Delta E          (a.u.) =     -0.0000648
  Norm of delta Veff =   1.293063631537470E-004
 
 Initializing start point of RANFQ
 
  18831 points have been accepted
 out of 102400 trials.
 
  ---- Orbital EigenValues ---- 
 Alpha   A1      -1.216328   -0.765442   -0.626567   -0.553253
virtual  A1 V    -0.220771   -0.147269   -0.108644   -0.106521   -0.077673
         A2 V    -0.043656   -0.075230   -0.060522   -0.059145   -0.054343
         A3 V    -0.051007   -0.004889   -0.023291   -0.010398    0.002493
         A4 V    -0.007188   -0.009262   -0.023857
  ---- Residuals of Orbitals --- 
 Alpha          0.2440E-16  0.3324E-14  0.2359E-14  0.2885E-11
virtual         0.9800E-10  0.2351E-09  0.5968E-11  0.1933E-08  0.8474E-08
                0.6209E-10  0.1209E-09  0.9100E-09  0.3985E-09  0.3038E-09
                0.3807E-09  0.3658E-07  0.7684E-08  0.3677E-08  0.5356E-06
                0.4681E-06  0.3882E-06  0.3086E-08
 
   SCF   Iteration =           40
   Final Energy    =   -21.1329699631091     
 
 
  CHISQ    =   0.0009793764
 
  Poisson It,Dist =          100  1.715640133497368E-004
  HFEX  =   -2.00466647829539     
 
  Number of OEP Cycles    =   29
  Total OEP Energy (a.u.) =    -16.8780606
  Delta E          (a.u.) =     -0.0000664
  Norm of delta Veff =   1.283748105274113E-004
 
 Initializing start point of RANFQ
 
  18813 points have been accepted
 out of 102400 trials.
 
  ---- Orbital EigenValues ---- 
 Alpha   A1      -1.216198   -0.765345   -0.626466   -0.553147
virtual  A1 V    -0.220750   -0.147248   -0.108638   -0.106515   -0.077669
         A2 V    -0.043650   -0.075230   -0.060521   -0.059145   -0.054343
         A3 V    -0.051007   -0.004894   -0.023286   -0.010399    0.002490
         A4 V    -0.006899   -0.009589   -0.023856
  ---- Residuals of Orbitals --- 
 Alpha          0.6878E-14  0.2110E-10  0.2866E-11  0.2844E-12
virtual         0.2621E-10  0.7166E-09  0.1059E-07  0.3871E-09  0.7396E-08
                0.8521E-10  0.1133E-08  0.7358E-08  0.6457E-11  0.6619E-10
                0.7055E-10  0.2397E-05  0.4299E-08  0.4873E-07  0.3100E-06
                0.1110E-05  0.3941E-06  0.3705E-08
 
   SCF   Iteration =           28
   Final Energy    =   -21.1296261328308     
 
 
  CHISQ    =   0.0009826375
 
  Poisson It,Dist =          100  1.379530551396701E-004
  HFEX  =   -2.00445805409936     
 
  Number of OEP Cycles    =   30
  Total OEP Energy (a.u.) =    -16.8781165
  Delta E          (a.u.) =     -0.0000560
  Norm of delta Veff =   1.275146623774889E-004
 
 Initializing start point of RANFQ
 
  18700 points have been accepted
 out of 102400 trials.
 
  ---- Orbital EigenValues ---- 
 Alpha   A1      -1.216068   -0.765248   -0.626365   -0.553041
virtual  A1 V    -0.220729   -0.147228   -0.108633   -0.106509   -0.077666
         A2 V    -0.043644   -0.075231   -0.060520   -0.059146   -0.054343
         A3 V    -0.051007   -0.004899   -0.023282   -0.010401    0.002434
         A4 V    -0.006677   -0.009850   -0.023854
  ---- Residuals of Orbitals --- 
 Alpha          0.3597E-15  0.9999E-14  0.1006E-10  0.8277E-12
virtual         0.3210E-12  0.1313E-09  0.1987E-09  0.2337E-06  0.7480E-09
                0.5604E-11  0.5440E-10  0.4664E-08  0.6025E-10  0.8166E-11
                0.3310E-10  0.3288E-07  0.9243E-08  0.5537E-08  0.1284E-06
                0.7379E-06  0.3111E-06  0.3814E-08
 
   SCF   Iteration =           32
   Final Energy    =   -21.1264163756225     
 
 
  CHISQ    =   0.0009850817
 
  Poisson It,Dist =          100  1.301025297349386E-004
  HFEX  =   -2.00423613028221     
 
  Number of OEP Cycles    =   31
  Total OEP Energy (a.u.) =    -16.8781712
  Delta E          (a.u.) =     -0.0000547
  Norm of delta Veff =   1.265776515230308E-004
 
 Initializing start point of RANFQ
 
  19135 points have been accepted
 out of 102400 trials.
 
  ---- Orbital EigenValues ---- 
 Alpha   A1      -1.215939   -0.765151   -0.626265   -0.552937
virtual  A1 V    -0.220708   -0.147207   -0.108628   -0.106504   -0.077664
         A2 V    -0.043639   -0.075231   -0.060519   -0.059146   -0.054344
         A3 V    -0.051007   -0.004908   -0.023278   -0.010406    0.002424
         A4 V    -0.006658   -0.009896   -0.023850
  ---- Residuals of Orbitals --- 
 Alpha          0.8268E-15  0.1953E-15  0.1353E-12  0.1563E-13
virtual         0.1160E-08  0.8775E-09  0.2954E-11  0.1061E-06  0.2256E-09
                0.3559E-10  0.3894E-10  0.2430E-09  0.9849E-11  0.2518E-09
                0.1091E-10  0.2258E-04  0.9516E-08  0.1431E-07  0.1668E-06
                0.8961E-06  0.7555E-06  0.5022E-08
 
   SCF   Iteration =           30
   Final Energy    =   -21.1230689865853     
 
 
  CHISQ    =   0.0009686579
 
  Poisson It,Dist =          100  1.827931480987199E-004
  HFEX  =   -2.00401533518007     
 
  Number of OEP Cycles    =   32
  Total OEP Energy (a.u.) =    -16.8782372
  Delta E          (a.u.) =     -0.0000659
  Norm of delta Veff =   1.256911735488625E-004
 
 Initializing start point of RANFQ
 
  19021 points have been accepted
 out of 102400 trials.
 
  ---- Orbital EigenValues ---- 
 Alpha   A1      -1.215810   -0.765056   -0.626166   -0.552833
virtual  A1 V    -0.220687   -0.147187   -0.108623   -0.106499   -0.077660
         A2 V    -0.043633   -0.075232   -0.060518   -0.059147   -0.054344
         A3 V    -0.051007   -0.004916   -0.023274   -0.010408    0.002417
         A4 V    -0.006535   -0.010027   -0.023847
  ---- Residuals of Orbitals --- 
 Alpha          0.5625E-15  0.1262E-15  0.1324E-11  0.3794E-11
virtual         0.6183E-09  0.2618E-10  0.3096E-08  0.3040E-07  0.4684E-08
                0.1140E-09  0.5228E-09  0.1177E-09  0.9521E-12  0.6057E-10
                0.3442E-11  0.6543E-07  0.7712E-08  0.2158E-08  0.2292E-06
                0.1110E-04  0.1208E-05  0.5369E-08
 
   SCF   Iteration =           29
   Final Energy    =   -21.1197248646491     
 
 
  CHISQ    =   0.0009919119
 
  Poisson It,Dist =          100  1.092641471752782E-004
  HFEX  =   -2.00380643387079     
 
  Number of OEP Cycles    =   33
  Total OEP Energy (a.u.) =    -16.8782856
  Delta E          (a.u.) =     -0.0000484
  Norm of delta Veff =   1.248558259251972E-004
 
 Initializing start point of RANFQ
 
  18916 points have been accepted
 out of 102400 trials.
 
  ---- Orbital EigenValues ---- 
 Alpha   A1      -1.215683   -0.764961   -0.626068   -0.552730
virtual  A1 V    -0.220666   -0.147167   -0.108617   -0.106494   -0.077657
         A2 V    -0.043627   -0.075232   -0.060518   -0.059147   -0.054344
         A3 V    -0.051007   -0.004919   -0.023270   -0.010410    0.002405
         A4 V    -0.006510   -0.010079   -0.023844
  ---- Residuals of Orbitals --- 
 Alpha          0.9768E-16  0.2661E-15  0.2791E-12  0.6579E-12
virtual         0.1162E-11  0.1415E-09  0.8031E-10  0.5084E-09  0.1271E-07
                0.2165E-10  0.3812E-10  0.3353E-10  0.1161E-11  0.9461E-11
                0.4674E-11  0.2423E-06  0.3691E-07  0.3034E-08  0.1244E-06
                0.3987E-05  0.7307E-06  0.2517E-08
 
   SCF   Iteration =           32
   Final Energy    =   -21.1165297894714     
 
 
  CHISQ    =   0.0009675229
 
  Poisson It,Dist =          100  1.436079555406817E-004
  HFEX  =   -2.00359784012423     
 
  Number of OEP Cycles    =   34
  Total OEP Energy (a.u.) =    -16.8783437
  Delta E          (a.u.) =     -0.0000581
  Norm of delta Veff =   1.240027109851701E-004
 
 Initializing start point of RANFQ
 
  18824 points have been accepted
 out of 102400 trials.
 
  ---- Orbital EigenValues ---- 
 Alpha   A1      -1.215557   -0.764866   -0.625970   -0.552628
virtual  A1 V    -0.220646   -0.147147   -0.108612   -0.106489   -0.077653
         A2 V    -0.043622   -0.075232   -0.060517   -0.059147   -0.054344
         A3 V    -0.051007   -0.004945   -0.023265   -0.010412    0.002398
         A4 V    -0.005701   -0.010930   -0.023843
  ---- Residuals of Orbitals --- 
 Alpha          0.5311E-14  0.6555E-14  0.7943E-11  0.1153E-12
virtual         0.5612E-10  0.1684E-10  0.4938E-10  0.1417E-08  0.4561E-09
                0.5061E-11  0.6602E-10  0.3443E-10  0.3394E-11  0.1497E-11
                0.1388E-09  0.2745E-07  0.5000E-08  0.2162E-08  0.1116E-06
                0.1878E-06  0.1304E-06  0.5700E-06
 
   SCF   Iteration =           32
   Final Energy    =   -21.1133337489903     
 
 
  CHISQ    =   0.0009583655
 
  Poisson It,Dist =          100  1.094248754402700E-004
  HFEX  =   -2.00338435793393     
 
  Number of OEP Cycles    =   35
  Total OEP Energy (a.u.) =    -16.8783967
  Delta E          (a.u.) =     -0.0000530
  Norm of delta Veff =   1.231404644188390E-004
 
 Initializing start point of RANFQ
 
  18894 points have been accepted
 out of 102400 trials.
 
  ---- Orbital EigenValues ---- 
 Alpha   A1      -1.215431   -0.764773   -0.625873   -0.552526
virtual  A1 V    -0.220626   -0.147128   -0.108607   -0.106484   -0.077650
         A2 V    -0.043616   -0.075233   -0.060516   -0.059148   -0.054345
         A3 V    -0.051007   -0.004947   -0.023261   -0.010413    0.002395
         A4 V    -0.005697   -0.010937   -0.023840
  ---- Residuals of Orbitals --- 
 Alpha          0.3683E-13  0.2378E-13  0.9901E-11  0.2515E-11
virtual         0.6062E-10  0.3364E-10  0.1288E-09  0.3150E-11  0.8630E-09
                0.1931E-08  0.1486E-09  0.1105E-06  0.1769E-11  0.8937E-11
                0.3680E-11  0.2554E-07  0.4345E-08  0.2165E-07  0.4885E-06
                0.8662E-06  0.1449E-06  0.1446E-08
 
   SCF   Iteration =           24
   Final Energy    =   -21.1101021225369     
 
 
  CHISQ    =   0.0009784907
 
  Poisson It,Dist =          100  1.403866192299026E-004
  HFEX  =   -2.00318302339419     
 
  Number of OEP Cycles    =   36
  Total OEP Energy (a.u.) =    -16.8784505
  Delta E          (a.u.) =     -0.0000538
  Norm of delta Veff =   1.223211719575234E-004
 
 Initializing start point of RANFQ
 
  18818 points have been accepted
 out of 102400 trials.
 
  ---- Orbital EigenValues ---- 
 Alpha   A1      -1.215307   -0.764679   -0.625777   -0.552425
virtual  A1 V    -0.220606   -0.147108   -0.108602   -0.106479   -0.077647
         A2 V    -0.043610   -0.075233   -0.060516   -0.059148   -0.054345
         A3 V    -0.051007   -0.004952   -0.023257   -0.010405    0.002218
         A4 V    -0.005343   -0.011314   -0.023837
  ---- Residuals of Orbitals --- 
 Alpha          0.1828E-15  0.7249E-16  0.4139E-12  0.1625E-11
virtual         0.1180E-11  0.1530E-10  0.2726E-10  0.1126E-09  0.2937E-09
                0.1055E-10  0.9969E-10  0.6918E-11  0.3199E-11  0.5077E-10
                0.4600E-10  0.3953E-07  0.5480E-08  0.9345E-07  0.8801E-06
                0.4455E-07  0.3968E-07  0.2758E-08
 
   SCF   Iteration =           40
   Final Energy    =   -21.1069995680710     
 
 
  CHISQ    =   0.0009931237
 
  Poisson It,Dist =          100  1.630988247704072E-004
  HFEX  =   -2.00296071210218     
 
  Number of OEP Cycles    =   37
  Total OEP Energy (a.u.) =    -16.8785121
  Delta E          (a.u.) =     -0.0000616
  Norm of delta Veff =   1.214653680604651E-004
 
 Initializing start point of RANFQ
 
  19166 points have been accepted
 out of 102400 trials.
 
  ---- Orbital EigenValues ---- 
 Alpha   A1      -1.215183   -0.764587   -0.625681   -0.552325
virtual  A1 V    -0.220586   -0.147088   -0.108597   -0.106474   -0.077643
         A2 V    -0.043605   -0.075234   -0.060516   -0.059149   -0.054345
         A3 V    -0.051007   -0.004956   -0.023252   -0.010406    0.002091
         A4 V    -0.005363   -0.011314   -0.023836
  ---- Residuals of Orbitals --- 
 Alpha          0.1027E-15  0.8804E-14  0.1787E-10  0.1783E-10
virtual         0.6333E-11  0.9354E-11  0.7330E-11  0.2174E-09  0.1048E-09
                0.1448E-10  0.8304E-11  0.5021E-11  0.2468E-08  0.3775E-10
                0.3255E-11  0.3831E-07  0.3460E-08  0.5519E-08  0.2427E-06
                0.1791E-06  0.1627E-08  0.1457E-08
 
   SCF   Iteration =           31
   Final Energy    =   -21.1036739370227     
 
 
  CHISQ    =   0.0009810398
 
  Poisson It,Dist =          100  1.389190994721986E-004
  HFEX  =   -2.00276921713160     
 
  Number of OEP Cycles    =   38
  Total OEP Energy (a.u.) =    -16.8785612
  Delta E          (a.u.) =     -0.0000491
  Norm of delta Veff =   1.207058184822962E-004
 
 Initializing start point of RANFQ
 
  18963 points have been accepted
 out of 102400 trials.
 
  ---- Orbital EigenValues ---- 
 Alpha   A1      -1.215060   -0.764495   -0.625586   -0.552226
virtual  A1 V    -0.220566   -0.147069   -0.108592   -0.106469   -0.077640
         A2 V    -0.043599   -0.075234   -0.060515   -0.059149   -0.054345
         A3 V    -0.051007   -0.004958   -0.023247   -0.010407    0.001771
         A4 V    -0.005366   -0.011314   -0.023835
  ---- Residuals of Orbitals --- 
 Alpha          0.4790E-14  0.1046E-14  0.2568E-12  0.1023E-11
virtual         0.8318E-12  0.5858E-10  0.1384E-09  0.1485E-09  0.3779E-08
                0.1290E-10  0.1018E-10  0.5344E-11  0.6406E-12  0.1000E-11
                0.4744E-10  0.3496E-07  0.3497E-08  0.1123E-08  0.3076E-06
                0.2575E-07  0.5782E-09  0.8869E-09
 
   SCF   Iteration =           34
   Final Energy    =   -21.1006934170371     
 
 
  CHISQ    =   0.0009759878
 
  Poisson It,Dist =          100  1.224845669099160E-004
  HFEX  =   -2.00255854453124     
 
  Number of OEP Cycles    =   39
  Total OEP Energy (a.u.) =    -16.8786100
  Delta E          (a.u.) =     -0.0000488
  Norm of delta Veff =   1.200101066093760E-004
 
 Initializing start point of RANFQ
 
  18899 points have been accepted
 out of 102400 trials.
 
  ---- Orbital EigenValues ---- 
 Alpha   A1      -1.214938   -0.764404   -0.625492   -0.552127
virtual  A1 V    -0.220546   -0.147050   -0.108587   -0.106464   -0.077637
         A2 V    -0.043594   -0.075235   -0.060515   -0.059150   -0.054346
         A3 V    -0.051007   -0.004981   -0.023243   -0.010408    0.001751
         A4 V    -0.005369   -0.011315   -0.023832
  ---- Residuals of Orbitals --- 
 Alpha          0.3350E-14  0.2007E-12  0.7684E-15  0.3228E-12
virtual         0.9859E-10  0.3016E-08  0.2497E-11  0.1274E-10  0.4221E-09
                0.4933E-11  0.6640E-10  0.2365E-10  0.1230E-12  0.6990E-11
                0.8441E-11  0.2025E-07  0.6832E-07  0.2649E-07  0.2459E-06
                0.2343E-06  0.5414E-07  0.3695E-08
 
   SCF   Iteration =           33
   Final Energy    =   -21.0975164983630     
 
 
  CHISQ    =   0.0009569427
 
  Poisson It,Dist =          100  1.590599798925306E-004
  HFEX  =   -2.00235577195747     
 
  Number of OEP Cycles    =   40
  Total OEP Energy (a.u.) =    -16.8786647
  Delta E          (a.u.) =     -0.0000546
  Norm of delta Veff =   1.191655834684695E-004
 
 Initializing start point of RANFQ
 
  18718 points have been accepted
 out of 102400 trials.
 
  ---- Orbital EigenValues ---- 
 Alpha   A1      -1.214817   -0.764314   -0.625398   -0.552029
virtual  A1 V    -0.220526   -0.147031   -0.108582   -0.106459   -0.077633
         A2 V    -0.043589   -0.075235   -0.060514   -0.059150   -0.054346
         A3 V    -0.051007   -0.004982   -0.023239   -0.010409    0.001641
         A4 V    -0.005378   -0.011315   -0.023830
  ---- Residuals of Orbitals --- 
 Alpha          0.8714E-17  0.1507E-15  0.2798E-11  0.2034E-11
virtual         0.4549E-08  0.1515E-11  0.1951E-10  0.8760E-10  0.4446E-10
                0.1505E-10  0.6809E-09  0.1238E-09  0.1306E-11  0.1016E-10
                0.1087E-10  0.2841E-07  0.3625E-08  0.3821E-08  0.2574E-06
                0.2446E-07  0.4380E-09  0.5927E-09
 
   SCF   Iteration =           33
   Final Energy    =   -21.0944224095093     
 
 
  CHISQ    =   0.0009843009
 
  Poisson It,Dist =          100  1.149885665746347E-004
  HFEX  =   -2.00215524133902     
 
  Number of OEP Cycles    =   41
  Total OEP Energy (a.u.) =    -16.8787110
  Delta E          (a.u.) =     -0.0000463
  Norm of delta Veff =   1.184178363140585E-004
 
 Initializing start point of RANFQ
 
  18505 points have been accepted
 out of 102400 trials.
 
  ---- Orbital EigenValues ---- 
 Alpha   A1      -1.214696   -0.764224   -0.625305   -0.551932
virtual  A1 V    -0.220507   -0.147012   -0.108578   -0.106454   -0.077630
         A2 V    -0.043583   -0.075236   -0.060514   -0.059150   -0.054346
         A3 V    -0.051007   -0.004983   -0.023234   -0.010410    0.001609
         A4 V    -0.005380   -0.011316   -0.023828
  ---- Residuals of Orbitals --- 
 Alpha          0.4459E-14  0.9409E-13  0.8243E-12  0.8108E-11
virtual         0.3002E-11  0.1172E-10  0.2930E-11  0.1663E-11  0.1820E-10
                0.2297E-10  0.2844E-11  0.1565E-10  0.1037E-12  0.7183E-12
                0.1569E-10  0.2201E-07  0.3216E-08  0.2222E-08  0.1668E-05
                0.2431E-07  0.9912E-08  0.7064E-08
 
   SCF   Iteration =           31
   Final Energy    =   -21.0913692111361     
 
 
  CHISQ    =   0.0009499691
 
  Poisson It,Dist =          100  1.350288466999534E-004
  HFEX  =   -2.00195637364731     
 
  Number of OEP Cycles    =   42
  Total OEP Energy (a.u.) =    -16.8787596
  Delta E          (a.u.) =     -0.0000486
  Norm of delta Veff =   1.176263004492787E-004
 
 Initializing start point of RANFQ
 
  18873 points have been accepted
 out of 102400 trials.
 
  ---- Orbital EigenValues ---- 
 Alpha   A1      -1.214577   -0.764135   -0.625213   -0.551835
virtual  A1 V    -0.220487   -0.146993   -0.108573   -0.106449   -0.077627
         A2 V    -0.043578   -0.075236   -0.060513   -0.059151   -0.054346
         A3 V    -0.051007   -0.004989   -0.023231   -0.010410    0.001588
         A4 V    -0.005392   -0.011318   -0.023825
  ---- Residuals of Orbitals --- 
 Alpha          0.1710E-16  0.1351E-14  0.1839E-10  0.3782E-12
virtual         0.3636E-11  0.1548E-10  0.7756E-10  0.1285E-11  0.3115E-10
                0.2496E-08  0.5759E-11  0.7193E-10  0.2667E-12  0.2261E-11
                0.3922E-11  0.3918E-06  0.1344E-07  0.6956E-08  0.2519E-06
                0.3710E-04  0.1156E-07  0.5204E-08
 
   SCF   Iteration =           33
   Final Energy    =   -21.0883322965124     
 
 
  CHISQ    =   0.0009606502
 
  Poisson It,Dist =          100  1.327412766845392E-004
  HFEX  =   -2.00175466670303     
 
  Number of OEP Cycles    =   43
  Total OEP Energy (a.u.) =    -16.8788101
  Delta E          (a.u.) =     -0.0000505
  Norm of delta Veff =   1.167900649391965E-004
 
 Initializing start point of RANFQ
 
  18577 points have been accepted
 out of 102400 trials.
 
  ---- Orbital EigenValues ---- 
 Alpha   A1      -1.214458   -0.764046   -0.625121   -0.551739
virtual  A1 V    -0.220468   -0.146974   -0.108568   -0.106444   -0.077624
         A2 V    -0.043573   -0.075236   -0.060513   -0.059151   -0.054346
         A3 V    -0.051007   -0.004991   -0.023227   -0.010410    0.000891
         A4 V    -0.005397   -0.011320   -0.023823
  ---- Residuals of Orbitals --- 
 Alpha          0.1460E-15  0.5452E-12  0.1029E-11  0.2553E-13
virtual         0.2939E-09  0.1138E-10  0.3545E-09  0.2397E-09  0.5407E-11
                0.2953E-09  0.1459E-10  0.7129E-11  0.1100E-12  0.3183E-11
                0.1317E-09  0.1294E-07  0.4478E-07  0.3252E-08  0.3922E-06
                0.1809E-07  0.1710E-08  0.1056E-07
 
   SCF   Iteration =           30
   Final Energy    =   -21.0852667629314     
 
 
  CHISQ    =   0.0009644031
 
  Poisson It,Dist =          100  1.113446570333295E-004
  HFEX  =   -2.00156493302942     
 
  Number of OEP Cycles    =   44
  Total OEP Energy (a.u.) =    -16.8788526
  Delta E          (a.u.) =     -0.0000425
  Norm of delta Veff =   1.163798028344110E-004
 
 Initializing start point of RANFQ
 
  18922 points have been accepted
 out of 102400 trials.
 
  ---- Orbital EigenValues ---- 
 Alpha   A1      -1.214340   -0.763958   -0.625030   -0.551644
virtual  A1 V    -0.220449   -0.146956   -0.108563   -0.106439   -0.077620
         A2 V    -0.043567   -0.075237   -0.060512   -0.059152   -0.054347
         A3 V    -0.051007   -0.004995   -0.023223   -0.010410    0.000851
         A4 V    -0.005398   -0.011321   -0.023820
  ---- Residuals of Orbitals --- 
 Alpha          0.1973E-14  0.1302E-09  0.3897E-11  0.3176E-13
virtual         0.6435E-10  0.2944E-10  0.9272E-11  0.6158E-11  0.5126E-11
                0.1086E-09  0.5659E-10  0.1829E-08  0.2157E-10  0.6306E-11
                0.1481E-10  0.1172E-07  0.4148E-08  0.8757E-09  0.1822E-05
                0.8025E-08  0.6516E-07  0.6116E-07
 
   SCF   Iteration =           27
   Final Energy    =   -21.0823449096065     
 
 
  CHISQ    =   0.0009927294
 
  Poisson It,Dist =          100  1.562506732913324E-004
  HFEX  =   -2.00136153155727     
 
  Number of OEP Cycles    =   45
  Total OEP Energy (a.u.) =    -16.8789063
  Delta E          (a.u.) =     -0.0000537
  Norm of delta Veff =   1.155303996558745E-004
 
 Initializing start point of RANFQ
 
  18822 points have been accepted
 out of 102400 trials.
 
  ---- Orbital EigenValues ---- 
 Alpha   A1      -1.214222   -0.763871   -0.624939   -0.551550
virtual  A1 V    -0.220430   -0.146725   -0.108558   -0.106434   -0.077617
         A2 V    -0.043618   -0.075249   -0.060512   -0.059152   -0.054347
         A3 V    -0.051007   -0.004996   -0.023217   -0.010410    0.000784
         A4 V    -0.005399   -0.011322   -0.023820
  ---- Residuals of Orbitals --- 
 Alpha          0.7293E-17  0.1230E-10  0.1236E-12  0.1136E-13
virtual         0.7318E-11  0.3198E-06  0.6330E-10  0.3704E-11  0.1960E-08
                0.1974E-04  0.9916E-08  0.1598E-09  0.3891E-11  0.1436E-11
                0.2395E-11  0.1553E-07  0.1555E-07  0.4416E-07  0.2463E-05
                0.8959E-08  0.3135E-09  0.7163E-07
 
   SCF   Iteration =           38
   Final Energy    =   -21.0792741119275     
 
 
  CHISQ    =   0.0009813632
 
  Poisson It,Dist =          100  1.119814930204282E-004
  HFEX  =   -2.00115902812128     
 
  Number of OEP Cycles    =   46
  Total OEP Energy (a.u.) =    -16.8789505
  Delta E          (a.u.) =     -0.0000442
  Norm of delta Veff =   1.127937591217415E-004
 
 Initializing start point of RANFQ
 
  18803 points have been accepted
 out of 102400 trials.
 
  ---- Orbital EigenValues ---- 
 Alpha   A1      -1.214107   -0.763787   -0.624850   -0.551457
virtual  A1 V    -0.220411   -0.146891   -0.108554   -0.106430   -0.077614
         A2 V    -0.043574   -0.075243   -0.060511   -0.059152   -0.054347
         A3 V    -0.051007   -0.004998   -0.023201   -0.010410    0.000759
         A4 V    -0.005401   -0.011323   -0.023830
  ---- Residuals of Orbitals --- 
 Alpha          0.1622E-13  0.4609E-12  0.1316E-11  0.1170E-13
virtual         0.2809E-09  0.7086E-07  0.2364E-09  0.7148E-11  0.9901E-10
                0.9981E-06  0.3088E-07  0.1235E-07  0.4301E-11  0.2585E-11
                0.2707E-10  0.1420E-07  0.2940E-08  0.9138E-09  0.2398E-06
                0.7647E-08  0.1429E-07  0.8925E-07
 
   SCF   Iteration =           26
   Final Energy    =   -21.0762348828815     
 
 
  CHISQ    =   0.0009960988
 
  Poisson It,Dist =          100  1.375438435240335E-004
  HFEX  =   -2.00097172275559     
 
  Number of OEP Cycles    =   47
  Total OEP Energy (a.u.) =    -16.8789968
  Delta E          (a.u.) =     -0.0000462
  Norm of delta Veff =   1.136505865620646E-004
 
 Initializing start point of RANFQ
 
  19078 points have been accepted
 out of 102400 trials.
 
  ---- Orbital EigenValues ---- 
 Alpha   A1      -1.213992   -0.763701   -0.624761   -0.551364
virtual  A1 V    -0.220392   -0.146894   -0.108549   -0.106425   -0.077611
         A2 V    -0.043556   -0.075240   -0.060511   -0.059153   -0.054347
         A3 V    -0.051008   -0.005000   -0.023198   -0.010411   -0.000451
         A4 V    -0.005401   -0.011323   -0.023827
  ---- Residuals of Orbitals --- 
 Alpha          0.4889E-13  0.1070E-10  0.4232E-14  0.4036E-12
virtual         0.1407E-08  0.1793E-06  0.7598E-08  0.1816E-10  0.5039E-08
                0.1108E-07  0.3570E-08  0.1388E-09  0.9085E-13  0.1414E-10
                0.2072E-09  0.1012E-07  0.2193E-08  0.1590E-08  0.8681E-06
                0.1193E-07  0.1512E-09  0.4335E-06
 
   SCF   Iteration =           32
   Final Energy    =   -21.0733553790813     
 
 
  CHISQ    =   0.0009758290
 
  Poisson It,Dist =          100  1.146780853887604E-004
  HFEX  =   -2.00078258803719     
 
  Number of OEP Cycles    =   48
  Total OEP Energy (a.u.) =    -16.8790402
  Delta E          (a.u.) =     -0.0000434
  Norm of delta Veff =   1.136248714701630E-004
 
 Initializing start point of RANFQ
 
  18623 points have been accepted
 out of 102400 trials.
 
  ---- Orbital EigenValues ---- 
 Alpha   A1      -1.213876   -0.763616   -0.624672   -0.551271
virtual  A1 V    -0.220374   -0.146884   -0.108544   -0.106420   -0.077608
         A2 V    -0.043547   -0.075239   -0.060510   -0.059153   -0.054348
         A3 V    -0.051008   -0.005001   -0.023194   -0.010412   -0.000524
         A4 V    -0.005401   -0.011323   -0.023825
  ---- Residuals of Orbitals --- 
 Alpha          0.8011E-14  0.1225E-11  0.1644E-11  0.2376E-11
virtual         0.3814E-10  0.1293E-07  0.3820E-09  0.2349E-10  0.2709E-10
                0.3888E-08  0.7973E-09  0.2220E-10  0.1218E-12  0.3615E-11
                0.9647E-11  0.4212E-06  0.1600E-07  0.1101E-08  0.2275E-06
                0.8979E-08  0.7218E-07  0.2652E-08
 
   SCF   Iteration =           36
   Final Energy    =   -21.0704603149456     
 
 
  CHISQ    =   0.0009882571
 
  Poisson It,Dist =          100  1.399333234918790E-004
  HFEX  =   -2.00058377333429     
 
  Number of OEP Cycles    =   49
  Total OEP Energy (a.u.) =    -16.8790867
  Delta E          (a.u.) =     -0.0000465
  Norm of delta Veff =   1.129431401951947E-004
 
 Initializing start point of RANFQ
 
  18900 points have been accepted
 out of 102400 trials.
 
  ---- Orbital EigenValues ---- 
 Alpha   A1      -1.213762   -0.763531   -0.624583   -0.551179
virtual  A1 V    -0.220355   -0.146866   -0.108540   -0.106416   -0.077605
         A2 V    -0.043542   -0.075239   -0.060510   -0.059154   -0.054348
         A3 V    -0.051008   -0.005001   -0.023190   -0.010413   -0.000708
         A4 V    -0.005402   -0.011323   -0.023823
  ---- Residuals of Orbitals --- 
 Alpha          0.7349E-13  0.1009E-10  0.1766E-12  0.2791E-10
virtual         0.5701E-10  0.2222E-09  0.5590E-11  0.2691E-11  0.1060E-08
                0.4206E-09  0.2784E-08  0.1410E-08  0.2073E-12  0.2689E-11
                0.2144E-08  0.3245E-07  0.2044E-08  0.3689E-08  0.1920E-05
                0.1217E-07  0.1624E-08  0.6006E-09
 
   SCF   Iteration =           27
   Final Energy    =   -21.0674573149234     
 
 
  CHISQ    =   0.0009731847
 
  Poisson It,Dist =          100  1.088485051392550E-004
  HFEX  =   -2.00040650546863     
 
  Number of OEP Cycles    =   50
  Total OEP Energy (a.u.) =    -16.8791266
  Delta E          (a.u.) =     -0.0000399
  Norm of delta Veff =   1.122172454248291E-004
 
 Initializing start point of RANFQ
 
  18797 points have been accepted
 out of 102400 trials.
 
  ---- Orbital EigenValues ---- 
 Alpha   A1      -1.213648   -0.763447   -0.624495   -0.551087
virtual  A1 V    -0.220336   -0.146848   -0.108535   -0.106411   -0.077601
         A2 V    -0.043537   -0.075239   -0.060509   -0.059154   -0.054348
         A3 V    -0.051008   -0.005007   -0.023187   -0.010413   -0.000758
         A4 V    -0.005402   -0.011324   -0.023820
  ---- Residuals of Orbitals --- 
 Alpha          0.7441E-16  0.8977E-11  0.4701E-11  0.8349E-13
virtual         0.1338E-08  0.8197E-10  0.6086E-11  0.3111E-11  0.1116E-09
                0.9639E-10  0.1190E-08  0.2900E-09  0.5037E-10  0.1089E-11
                0.1485E-10  0.1855E-07  0.2071E-08  0.1027E-08  0.2101E-06
                0.2999E-08  0.9142E-06  0.1666E-07
 
   SCF   Iteration =           27
   Final Energy    =   -21.0646965642026     
 
 
  CHISQ    =   0.0009857130
 
  Poisson It,Dist =          100  1.409239428093615E-004
  HFEX  =   -2.00023215624859     
 
  Number of OEP Cycles    =   51
  Total OEP Energy (a.u.) =    -16.8791698
  Delta E          (a.u.) =     -0.0000432
  Norm of delta Veff =   1.115576864810188E-004
 
 Initializing start point of RANFQ
 
  18900 points have been accepted
 out of 102400 trials.
 
  ---- Orbital EigenValues ---- 
 Alpha   A1      -1.213535   -0.763363   -0.624408   -0.550997
virtual  A1 V    -0.220318   -0.146831   -0.108530   -0.106406   -0.077598
         A2 V    -0.043531   -0.075240   -0.060509   -0.059154   -0.054348
         A3 V    -0.051008   -0.005008   -0.023183   -0.010412   -0.001059
         A4 V    -0.005403   -0.011326   -0.023818
  ---- Residuals of Orbitals --- 
 Alpha          0.4303E-14  0.1054E-11  0.9667E-12  0.1955E-11
virtual         0.8224E-10  0.2463E-09  0.6534E-10  0.1373E-09  0.3005E-10
                0.5209E-11  0.1856E-10  0.3744E-10  0.2564E-12  0.2115E-10
                0.1459E-10  0.6734E-07  0.3365E-08  0.1449E-07  0.3255E-05
                0.1765E-08  0.2338E-08  0.5670E-08
 
   SCF   Iteration =           26
   Final Energy    =   -21.0619693530081     
 
 
  CHISQ    =   0.0010183965
 
  Poisson It,Dist =          100  1.363618700001956E-004
  HFEX  =   -2.00002694767725     
 
  Number of OEP Cycles    =   52
  Total OEP Energy (a.u.) =    -16.8792146
  Delta E          (a.u.) =     -0.0000448
  Norm of delta Veff =   1.107961350461508E-004
 
 Initializing start point of RANFQ
 
  18724 points have been accepted
 out of 102400 trials.
 
  ---- Orbital EigenValues ---- 
 Alpha   A1      -1.213422   -0.763280   -0.624321   -0.550906
virtual  A1 V    -0.220300   -0.146813   -0.108526   -0.106402   -0.077595
         A2 V    -0.043526   -0.075240   -0.060509   -0.059155   -0.054348
         A3 V    -0.051008   -0.005009   -0.023179   -0.010413   -0.001129
         A4 V    -0.005403   -0.011327   -0.023816
  ---- Residuals of Orbitals --- 
 Alpha          0.4196E-13  0.7308E-12  0.1581E-13  0.2567E-13
virtual         0.3322E-11  0.3700E-09  0.2865E-11  0.1053E-11  0.1131E-09
                0.4087E-09  0.5649E-08  0.6991E-11  0.2371E-11  0.3343E-11
                0.3049E-10  0.1044E-07  0.3593E-08  0.5423E-09  0.4583E-05
                0.2518E-08  0.1683E-07  0.1227E-06
 
   SCF   Iteration =           31
   Final Energy    =   -21.0589220879612     
 
 
  CHISQ    =   0.0009801522
 
  Poisson It,Dist =          100  1.132185271185075E-004
  HFEX  =   -1.99983489919028     
 
  Number of OEP Cycles    =   53
  Total OEP Energy (a.u.) =    -16.8792539
  Delta E          (a.u.) =     -0.0000393
  Norm of delta Veff =   1.100359357074698E-004
 
 Initializing start point of RANFQ
 
  18913 points have been accepted
 out of 102400 trials.
 
  ---- Orbital EigenValues ---- 
 Alpha   A1      -1.213311   -0.763198   -0.624235   -0.550817
virtual  A1 V    -0.220282   -0.146796   -0.108521   -0.106397   -0.077592
         A2 V    -0.043521   -0.075241   -0.060508   -0.059155   -0.054349
         A3 V    -0.051008   -0.005010   -0.023176   -0.010414   -0.001248
         A4 V    -0.005403   -0.011327   -0.023813
  ---- Residuals of Orbitals --- 
 Alpha          0.1007E-13  0.8055E-13  0.1003E-10  0.7895E-12
virtual         0.1171E-10  0.1365E-10  0.7987E-11  0.1249E-10  0.2614E-10
                0.4883E-08  0.3266E-10  0.8212E-10  0.7276E-12  0.1311E-10
                0.7762E-10  0.4003E-07  0.1271E-07  0.5089E-09  0.7101E-04
                0.1635E-08  0.1166E-09  0.2072E-07
 
   SCF   Iteration =           42
   Final Energy    =   -21.0560281237053     
 
 
  CHISQ    =   0.0009772878
 
  Poisson It,Dist =          100  1.275922686842431E-004
  HFEX  =   -1.99964313321971     
 
  Number of OEP Cycles    =   54
  Total OEP Energy (a.u.) =    -16.8792975
  Delta E          (a.u.) =     -0.0000435
  Norm of delta Veff =   1.092660629971029E-004
 
 Initializing start point of RANFQ
 
  18858 points have been accepted
 out of 102400 trials.
 
  ---- Orbital EigenValues ---- 
 Alpha   A1      -1.213200   -0.763116   -0.624149   -0.550728
virtual  A1 V    -0.220263   -0.146778   -0.108517   -0.106393   -0.077589
         A2 V    -0.043517   -0.075241   -0.060508   -0.059156   -0.054349
         A3 V    -0.051008   -0.005011   -0.023171   -0.010414   -0.001328
         A4 V    -0.005403   -0.011327   -0.023812
  ---- Residuals of Orbitals --- 
 Alpha          0.2531E-14  0.7885E-14  0.7042E-14  0.2070E-12
virtual         0.1342E-09  0.7039E-12  0.4812E-10  0.1274E-10  0.2565E-09
                0.8759E-09  0.4934E-09  0.1400E-09  0.1661E-12  0.4274E-12
                0.1538E-10  0.2968E-07  0.9803E-07  0.1549E-08  0.3434E-04
                0.1449E-08  0.7794E-09  0.2011E-08
 
   SCF   Iteration =           29
   Final Energy    =   -21.0531350511422     
 
 
  CHISQ    =   0.0009967661
 
  Poisson It,Dist =          100  1.043232036585792E-004
  HFEX  =   -1.99947275033377     
 
  Number of OEP Cycles    =   55
  Total OEP Energy (a.u.) =    -16.8793347
  Delta E          (a.u.) =     -0.0000372
  Norm of delta Veff =   1.085615037089996E-004
 
 Initializing start point of RANFQ
 
  18906 points have been accepted
 out of 102400 trials.
 
  ---- Orbital EigenValues ---- 
 Alpha   A1      -1.213090   -0.763035   -0.624064   -0.550640
virtual  A1 V    -0.220245   -0.146761   -0.108512   -0.106388   -0.077586
         A2 V    -0.043512   -0.075242   -0.060507   -0.059156   -0.054349
         A3 V    -0.051008   -0.005013   -0.023167   -0.010415   -0.001447
         A4 V    -0.005404   -0.011327   -0.023810
  ---- Residuals of Orbitals --- 
 Alpha          0.2856E-13  0.2342E-11  0.1940E-13  0.1330E-13
virtual         0.8272E-12  0.1932E-11  0.5715E-12  0.6600E-11  0.2256E-08
                0.8418E-11  0.3792E-10  0.2575E-08  0.7071E-11  0.6525E-11
                0.1587E-10  0.6100E-08  0.3760E-06  0.7565E-09  0.2816E-06
                0.4638E-08  0.1858E-09  0.1465E-07
 
   SCF   Iteration =           30
   Final Energy    =   -21.0504776157483     
 
 
  CHISQ    =   0.0009913593
 
  Poisson It,Dist =          100  1.165968671957627E-004
  HFEX  =   -1.99928542099045     
 
  Number of OEP Cycles    =   56
  Total OEP Energy (a.u.) =    -16.8793747
  Delta E          (a.u.) =     -0.0000400
  Norm of delta Veff =   1.078200972496216E-004
 
 Initializing start point of RANFQ
 
  18539 points have been accepted
 out of 102400 trials.
 
  ---- Orbital EigenValues ---- 
 Alpha   A1      -1.212981   -0.762954   -0.623980   -0.550552
virtual  A1 V    -0.220228   -0.146744   -0.108508   -0.106384   -0.077583
         A2 V    -0.043507   -0.075242   -0.060507   -0.059156   -0.054349
         A3 V    -0.051008   -0.005013   -0.023164   -0.010416   -0.001571
         A4 V    -0.005405   -0.011328   -0.023807
  ---- Residuals of Orbitals --- 
 Alpha          0.1965E-13  0.1154E-11  0.2729E-11  0.1707E-10
virtual         0.5178E-10  0.1395E-11  0.1769E-11  0.4424E-10  0.7997E-10
                0.7295E-10  0.1805E-11  0.3544E-10  0.5713E-11  0.4158E-09
                0.1694E-11  0.5017E-08  0.4298E-07  0.6510E-09  0.1517E-05
                0.1919E-08  0.4557E-09  0.1882E-07
 
   SCF   Iteration =           35
   Final Energy    =   -21.0476451953795     
 
 
  CHISQ    =   0.0009793894
 
  Poisson It,Dist =          100  1.418760106246258E-004
  HFEX  =   -1.99910177415205     
 
  Number of OEP Cycles    =   57
  Total OEP Energy (a.u.) =    -16.8794186
  Delta E          (a.u.) =     -0.0000439
  Norm of delta Veff =   1.070683627567062E-004
 
 Initializing start point of RANFQ
 
  19013 points have been accepted
 out of 102400 trials.
 
  ---- Orbital EigenValues ---- 
 Alpha   A1      -1.212872   -0.762874   -0.623897   -0.550466
virtual  A1 V    -0.220210   -0.146727   -0.108503   -0.106379   -0.077580
         A2 V    -0.043502   -0.075243   -0.060506   -0.059157   -0.054349
         A3 V    -0.051008   -0.005014   -0.023161   -0.010417   -0.001737
         A4 V    -0.005405   -0.011328   -0.023805
  ---- Residuals of Orbitals --- 
 Alpha          0.1707E-12  0.2002E-10  0.7971E-13  0.1067E-11
virtual         0.1676E-11  0.1980E-11  0.1569E-11  0.4104E-11  0.3135E-09
                0.2112E-10  0.1581E-09  0.2081E-08  0.1091E-10  0.1308E-10
                0.1006E-07  0.7398E-06  0.1218E-07  0.5582E-08  0.4688E-04
                0.6288E-09  0.1802E-07  0.4913E-07
 
   SCF   Iteration =           31
   Final Energy    =   -21.0448492305126     
 
 
  CHISQ    =   0.0010223093
 
  Poisson It,Dist =          100  1.075504578766954E-004
  HFEX  =   -1.99892209646793     
 
  Number of OEP Cycles    =   58
  Total OEP Energy (a.u.) =    -16.8794541
  Delta E          (a.u.) =     -0.0000354
  Norm of delta Veff =   1.063484519745345E-004
 
 Initializing start point of RANFQ
 
  18898 points have been accepted
 out of 102400 trials.
 
  ---- Orbital EigenValues ---- 
 Alpha   A1      -1.212765   -0.762795   -0.623814   -0.550379
virtual  A1 V    -0.220192   -0.146711   -0.108499   -0.106375   -0.077577
         A2 V    -0.043497   -0.075243   -0.060506   -0.059157   -0.054350
         A3 V    -0.051008   -0.005015   -0.023158   -0.010417   -0.001822
         A4 V    -0.005405   -0.011328   -0.023802
  ---- Residuals of Orbitals --- 
 Alpha          0.2620E-11  0.2536E-11  0.6270E-10  0.2775E-11
virtual         0.6507E-11  0.2415E-11  0.2371E-11  0.2658E-12  0.1898E-09
                0.7993E-10  0.1557E-09  0.1655E-09  0.4816E-12  0.1594E-11
                0.3233E-10  0.2247E-07  0.1679E-08  0.7385E-09  0.1161E-05
                0.5389E-09  0.2442E-08  0.2038E-08
 
   SCF   Iteration =           26
   Final Energy    =   -21.0421207736482     
 
 
  CHISQ    =   0.0009719675
 
  Poisson It,Dist =          100  1.187785390851412E-004
  HFEX  =   -1.99875754697479     
 
  Number of OEP Cycles    =   59
  Total OEP Energy (a.u.) =    -16.8794901
  Delta E          (a.u.) =     -0.0000360
  Norm of delta Veff =   1.056679035274458E-004
 
 Initializing start point of RANFQ
 
  19083 points have been accepted
 out of 102400 trials.
 
  ---- Orbital EigenValues ---- 
 Alpha   A1      -1.212658   -0.762716   -0.623731   -0.550294
virtual  A1 V    -0.220175   -0.146694   -0.108495   -0.106371   -0.077574
         A2 V    -0.043492   -0.075243   -0.060505   -0.059158   -0.054350
         A3 V    -0.051008   -0.005016   -0.023155   -0.010418   -0.001873
         A4 V    -0.005405   -0.011328   -0.023799
  ---- Residuals of Orbitals --- 
 Alpha          0.4356E-13  0.1767E-14  0.4461E-11  0.2707E-13
virtual         0.8170E-14  0.1723E-10  0.2063E-11  0.7503E-12  0.7249E-10
                0.7797E-10  0.2472E-11  0.1961E-07  0.2902E-12  0.2847E-12
                0.1519E-10  0.1508E-07  0.2608E-07  0.4264E-09  0.1179E-03
                0.5265E-09  0.2434E-09  0.2522E-09
 
   SCF   Iteration =           33
   Final Energy    =   -21.0395404650426     
 
 
  CHISQ    =   0.0010306452
 
  Poisson It,Dist =          100  1.180450290051099E-004
  HFEX  =   -1.99858029718597     
 
  Number of OEP Cycles    =   60
  Total OEP Energy (a.u.) =    -16.8795262
  Delta E          (a.u.) =     -0.0000361
  Norm of delta Veff =   1.049426083984171E-004
 
 Initializing start point of RANFQ
 
  18557 points have been accepted
 out of 102400 trials.
 
  ---- Orbital EigenValues ---- 
 Alpha   A1      -1.212551   -0.762637   -0.623649   -0.550209
virtual  A1 V    -0.220158   -0.146677   -0.108490   -0.106366   -0.077571
         A2 V    -0.043488   -0.075244   -0.060505   -0.059158   -0.054350
         A3 V    -0.051008   -0.005016   -0.023151   -0.010419   -0.001960
         A4 V    -0.005405   -0.011328   -0.023797
  ---- Residuals of Orbitals --- 
 Alpha          0.3255E-11  0.6049E-13  0.4441E-11  0.8654E-11
virtual         0.5316E-13  0.2920E-10  0.1528E-11  0.5576E-11  0.2748E-10
                0.5122E-10  0.6245E-09  0.7432E-10  0.8558E-11  0.9897E-11
                0.9678E-11  0.1525E-06  0.9549E-07  0.6686E-09  0.1653E-05
                0.4100E-09  0.4574E-09  0.3803E-08
 
   SCF   Iteration =           31
   Final Energy    =   -21.0368405505693     
 
 
  CHISQ    =   0.0009662566
 
  Poisson It,Dist =          100  1.301528217195247E-004
  HFEX  =   -1.99839106844385     
 
  Number of OEP Cycles    =   61
  Total OEP Energy (a.u.) =    -16.8795639
  Delta E          (a.u.) =     -0.0000377
  Norm of delta Veff =   1.041737428818899E-004
 
 Initializing start point of RANFQ
 
  18913 points have been accepted
 out of 102400 trials.
 
  ---- Orbital EigenValues ---- 
 Alpha   A1      -1.212446   -0.762559   -0.623568   -0.550124
virtual  A1 V    -0.220140   -0.146661   -0.108486   -0.106362   -0.077569
         A2 V    -0.043483   -0.075244   -0.060505   -0.059158   -0.054350
         A3 V    -0.051008   -0.005017   -0.023148   -0.010415   -0.003650
         A4 V    -0.005405   -0.011333   -0.023795
  ---- Residuals of Orbitals --- 
 Alpha          0.1902E-12  0.9310E-14  0.7420E-11  0.2836E-12
virtual         0.1531E-10  0.2552E-08  0.1525E-11  0.1147E-10  0.1612E-09
                0.1031E-10  0.2565E-09  0.1121E-08  0.2279E-12  0.2676E-12
                0.1000E-10  0.1039E-07  0.5357E-08  0.6987E-09  0.1561E-05
                0.3974E-09  0.4299E-09  0.2125E-07
 
   SCF   Iteration =           34
   Final Energy    =   -21.0340145800272     
 
 
  CHISQ    =   0.0010059291
 
  Poisson It,Dist =          100  9.406726267689775E-005
  HFEX  =   -1.99821877156550     
 
  Number of OEP Cycles    =   62
  Total OEP Energy (a.u.) =    -16.8795994
  Delta E          (a.u.) =     -0.0000355
  Norm of delta Veff =   1.031325856832481E-004
 
 Initializing start point of RANFQ
 
  18815 points have been accepted
 out of 102400 trials.
 
  ---- Orbital EigenValues ---- 
 Alpha   A1      -1.212342   -0.762482   -0.623488   -0.550041
virtual  A1 V    -0.220123   -0.146645   -0.108482   -0.106358   -0.077566
         A2 V    -0.043478   -0.075245   -0.060504   -0.059159   -0.054350
         A3 V    -0.051008   -0.005017   -0.023145   -0.010416   -0.003667
         A4 V    -0.005406   -0.011333   -0.023792
  ---- Residuals of Orbitals --- 
 Alpha          0.2541E-11  0.3427E-12  0.5796E-12  0.4374E-12
virtual         0.8568E-07  0.1515E-09  0.5654E-11  0.1653E-09  0.1052E-08
                0.1870E-10  0.1515E-10  0.3665E-08  0.3032E-12  0.6558E-10
                0.4730E-08  0.3041E-07  0.1805E-07  0.2517E-09  0.2437E-06
                0.1310E-08  0.2131E-09  0.2318E-07
 
   SCF   Iteration =           26
   Final Energy    =   -21.0313808777204     
 
 
  CHISQ    =   0.0009801744
 
  Poisson It,Dist =          100  1.377956868037316E-004
  HFEX  =   -1.99804726704496     
 
  Number of OEP Cycles    =   63
  Total OEP Energy (a.u.) =    -16.8796378
  Delta E          (a.u.) =     -0.0000384
  Norm of delta Veff =   1.023795122278985E-004
 
 Initializing start point of RANFQ
 
  18825 points have been accepted
 out of 102400 trials.
 
  ---- Orbital EigenValues ---- 
 Alpha   A1      -1.212238   -0.762406   -0.623409   -0.549958
virtual  A1 V    -0.220106   -0.146629   -0.108478   -0.106353   -0.077563
         A2 V    -0.043474   -0.075245   -0.060504   -0.059159   -0.054351
         A3 V    -0.051008   -0.005019   -0.023142   -0.010416   -0.003806
         A4 V    -0.005406   -0.011334   -0.023790
  ---- Residuals of Orbitals --- 
 Alpha          0.1477E-13  0.6870E-15  0.7691E-12  0.4766E-12
virtual         0.3956E-09  0.1044E-10  0.6265E-09  0.5379E-11  0.6049E-10
                0.2457E-10  0.5458E-11  0.7209E-08  0.3243E-12  0.3312E-11
                0.8568E-11  0.2199E-07  0.5710E-08  0.5709E-08  0.3945E-06
                0.1105E-08  0.1321E-09  0.5101E-08
 
   SCF   Iteration =           35
   Final Energy    =   -21.0287590933824     
 
 
  CHISQ    =   0.0009824880
 
  Poisson It,Dist =          100  1.096191081967524E-004
  HFEX  =   -1.99786405810515     
 
  Number of OEP Cycles    =   64
  Total OEP Energy (a.u.) =    -16.8796717
  Delta E          (a.u.) =     -0.0000339
  Norm of delta Veff =   1.015782549609163E-004
 
 Initializing start point of RANFQ
 
  18849 points have been accepted
 out of 102400 trials.
 
  ---- Orbital EigenValues ---- 
 Alpha   A1      -1.212135   -0.762330   -0.623330   -0.549876
virtual  A1 V    -0.220090   -0.146612   -0.108474   -0.106349   -0.077560
         A2 V    -0.043469   -0.075246   -0.060503   -0.059159   -0.054351
         A3 V    -0.051008   -0.005019   -0.023139   -0.010417   -0.003836
         A4 V    -0.005406   -0.011334   -0.023787
  ---- Residuals of Orbitals --- 
 Alpha          0.5837E-13  0.1105E-12  0.2355E-11  0.6232E-12
virtual         0.7942E-10  0.3905E-09  0.5156E-08  0.4611E-11  0.8984E-10
                0.7865E-11  0.1303E-11  0.2919E-09  0.4480E-12  0.6457E-11
                0.1703E-10  0.8079E-07  0.1442E-08  0.4098E-09  0.3970E-06
                0.2526E-09  0.9910E-10  0.1777E-07
 
   SCF   Iteration =           33
   Final Energy    =   -21.0260167402233     
 
 
  CHISQ    =   0.0009943127
 
  Poisson It,Dist =          100  1.324237221467036E-004
  HFEX  =   -1.99769902042185     
 
  Number of OEP Cycles    =   65
  Total OEP Energy (a.u.) =    -16.8797079
  Delta E          (a.u.) =     -0.0000362
  Norm of delta Veff =   1.008935588196029E-004
 
 Initializing start point of RANFQ
 
  19156 points have been accepted
 out of 102400 trials.
 
  ---- Orbital EigenValues ---- 
 Alpha   A1      -1.212033   -0.762254   -0.623252   -0.549794
virtual  A1 V    -0.220073   -0.146597   -0.108469   -0.106345   -0.077557
         A2 V    -0.043464   -0.075246   -0.060503   -0.059160   -0.054351
         A3 V    -0.051008   -0.005019   -0.023135   -0.010418   -0.003907
         A4 V    -0.005406   -0.011334   -0.023786
  ---- Residuals of Orbitals --- 
 Alpha          0.1722E-13  0.5868E-13  0.5804E-11  0.5639E-11
virtual         0.1017E-12  0.5303E-10  0.6389E-11  0.4853E-11  0.3812E-09
                0.8589E-10  0.1093E-11  0.1116E-10  0.4401E-12  0.1380E-11
                0.1624E-10  0.8941E-08  0.3754E-08  0.1643E-09  0.1564E-05
                0.7107E-10  0.2952E-09  0.7804E-09
 
   SCF   Iteration =           29
   Final Energy    =   -21.0234743474918     
 
 
  CHISQ    =   0.0010287431
 
  Poisson It,Dist =          100  8.723564371089934E-005
  HFEX  =   -1.99754214529097     
 
  Number of OEP Cycles    =   66
  Total OEP Energy (a.u.) =    -16.8797361
  Delta E          (a.u.) =     -0.0000282
  Norm of delta Veff =   1.002123183455535E-004
 
 Initializing start point of RANFQ
 
  18913 points have been accepted
 out of 102400 trials.
 
  ---- Orbital EigenValues ---- 
 Alpha   A1      -1.211932   -0.762179   -0.623174   -0.549713
virtual  A1 V    -0.220056   -0.146581   -0.108465   -0.106341   -0.077555
         A2 V    -0.043460   -0.075246   -0.060502   -0.059160   -0.054351
         A3 V    -0.051008   -0.005020   -0.023132   -0.010418   -0.003933
         A4 V    -0.005398   -0.011335   -0.023784
  ---- Residuals of Orbitals --- 
 Alpha          0.1121E-12  0.1120E-10  0.7862E-12  0.1169E-12
virtual         0.2164E-12  0.1684E-09  0.4445E-11  0.1025E-08  0.5013E-10
                0.1288E-09  0.1171E-11  0.1070E-09  0.8372E-12  0.9678E-12
                0.2188E-10  0.6269E-08  0.1382E-08  0.6078E-09  0.2777E-04
                0.1890E-04  0.1816E-09  0.5019E-08
 
   SCF   Iteration =           30
   Final Energy    =   -21.0210352731244     
 
 
  CHISQ    =   0.0009865628
 
  Poisson It,Dist =          100  1.107459733208320E-004
  HFEX  =   -1.99736087973530     
 
  Number of OEP Cycles    =   67
  Total OEP Energy (a.u.) =    -16.8797692
  Delta E          (a.u.) =     -0.0000331
  Norm of delta Veff =   9.942561483602835E-005
 
 Initializing start point of RANFQ
 
  18899 points have been accepted
 out of 102400 trials.
 
  ---- Orbital EigenValues ---- 
 Alpha   A1      -1.211831   -0.762105   -0.623097   -0.549633
virtual  A1 V    -0.220040   -0.146565   -0.108461   -0.106337   -0.077552
         A2 V    -0.043455   -0.075247   -0.060502   -0.059160   -0.054351
         A3 V    -0.051008   -0.005020   -0.023128   -0.010419   -0.004592
         A4 V    -0.005396   -0.011335   -0.023782
  ---- Residuals of Orbitals --- 
 Alpha          0.7854E-13  0.1312E-10  0.3386E-11  0.1001E-11
virtual         0.1248E-11  0.1517E-10  0.7025E-09  0.3578E-11  0.1476E-08
                0.5309E-09  0.7745E-10  0.9953E-10  0.1745E-12  0.7045E-12
                0.2534E-09  0.2233E-08  0.2185E-08  0.8119E-09  0.1169E-04
                0.3579E-07  0.2946E-08  0.3664E-08
 
   SCF   Iteration =           30
   Final Energy    =   -21.0183339143848     
 
 
  CHISQ    =   0.0009917414
 
  Poisson It,Dist =          100  1.320426823207025E-004
  HFEX  =   -1.99719535016102     
 
  Number of OEP Cycles    =   68
  Total OEP Energy (a.u.) =    -16.8798063
  Delta E          (a.u.) =     -0.0000371
  Norm of delta Veff =   9.824814406062034E-005
 
 Initializing start point of RANFQ
 
  18716 points have been accepted
 out of 102400 trials.
 
  ---- Orbital EigenValues ---- 
 Alpha   A1      -1.211732   -0.762031   -0.623021   -0.549553
virtual  A1 V    -0.220024   -0.146549   -0.108457   -0.106333   -0.077549
         A2 V    -0.043451   -0.075247   -0.060502   -0.059161   -0.054352
         A3 V    -0.051008   -0.005021   -0.023125   -0.010419   -0.004632
         A4 V    -0.005397   -0.011336   -0.023780
  ---- Residuals of Orbitals --- 
 Alpha          0.1816E-14  0.1104E-13  0.3332E-12  0.2166E-11
virtual         0.2295E-10  0.4459E-11  0.4267E-11  0.6010E-11  0.1505E-09
                0.2211E-10  0.5751E-11  0.3022E-08  0.2975E-12  0.2030E-11
                0.3673E-09  0.2981E-07  0.1364E-08  0.2216E-08  0.3466E-06
                0.3957E-08  0.5017E-10  0.5371E-06
 
   SCF   Iteration =           32
   Final Energy    =   -21.0157997390230     
 
 
  CHISQ    =   0.0009793636
 
  Poisson It,Dist =          100  1.253871574989997E-004
  HFEX  =   -1.99702753324482     
 
  Number of OEP Cycles    =   69
  Total OEP Energy (a.u.) =    -16.8798387
  Delta E          (a.u.) =     -0.0000324
  Norm of delta Veff =   9.753883791870714E-005
 
 Initializing start point of RANFQ
 
  18809 points have been accepted
 out of 102400 trials.
 
  ---- Orbital EigenValues ---- 
 Alpha   A1      -1.211633   -0.761958   -0.622946   -0.549475
virtual  A1 V    -0.220008   -0.146534   -0.108453   -0.106329   -0.077546
         A2 V    -0.043446   -0.075248   -0.060501   -0.059161   -0.054352
         A3 V    -0.051008   -0.005021   -0.023122   -0.010420   -0.004644
         A4 V    -0.005397   -0.011336   -0.023778
  ---- Residuals of Orbitals --- 
 Alpha          0.3090E-11  0.1574E-13  0.1791E-10  0.2307E-12
virtual         0.1925E-11  0.8617E-11  0.8681E-11  0.4462E-11  0.2383E-11
                0.2226E-09  0.1915E-09  0.1280E-10  0.8965E-13  0.1411E-12
                0.1864E-10  0.1708E-08  0.1928E-08  0.7813E-09  0.1085E-06
                0.3876E-08  0.5702E-09  0.3238E-09
 
   SCF   Iteration =           28
   Final Energy    =   -21.0132537249450     
 
 
  CHISQ    =   0.0009881857
 
  Poisson It,Dist =          100  9.784280831200497E-005
  HFEX  =   -1.99687166665099     
 
  Number of OEP Cycles    =   70
  Total OEP Energy (a.u.) =    -16.8798670
  Delta E          (a.u.) =     -0.0000284
  Norm of delta Veff =   9.689690785171956E-005
 
 Initializing start point of RANFQ
 
  18801 points have been accepted
 out of 102400 trials.
 
  ---- Orbital EigenValues ---- 
 Alpha   A1      -1.211535   -0.761885   -0.622871   -0.549396
virtual  A1 V    -0.219992   -0.146519   -0.108449   -0.106325   -0.077544
         A2 V    -0.043442   -0.075248   -0.060501   -0.059161   -0.054352
         A3 V    -0.051008   -0.005023   -0.023119   -0.010420   -0.004665
         A4 V    -0.005398   -0.011336   -0.023775
  ---- Residuals of Orbitals --- 
 Alpha          0.1966E-14  0.1168E-11  0.9893E-11  0.2426E-10
virtual         0.3807E-09  0.1710E-09  0.7803E-10  0.9085E-11  0.6575E-10
                0.3066E-09  0.2167E-11  0.1266E-09  0.1810E-10  0.1065E-12
                0.1473E-11  0.2110E-08  0.2678E-08  0.2559E-07  0.4831E-05
                0.9155E-08  0.7041E-10  0.2234E-09
 
   SCF   Iteration =           30
   Final Energy    =   -21.0108473357889     
 
 
  CHISQ    =   0.0009674859
 
  Poisson It,Dist =           98  9.852574101832181E-005
  HFEX  =   -1.99671235091433     
 
  Number of OEP Cycles    =   71
  Total OEP Energy (a.u.) =    -16.8798946
  Delta E          (a.u.) =     -0.0000276
  Norm of delta Veff =   9.619313278645068E-005
 
 Initializing start point of RANFQ
 
  18723 points have been accepted
 out of 102400 trials.
 
  ---- Orbital EigenValues ---- 
 Alpha   A1      -1.211438   -0.761813   -0.622797   -0.549319
virtual  A1 V    -0.219976   -0.146503   -0.108446   -0.106321   -0.077541
         A2 V    -0.043438   -0.075248   -0.060500   -0.059162   -0.054352
         A3 V    -0.051009   -0.005023   -0.023117   -0.010421   -0.004686
         A4 V    -0.005398   -0.011336   -0.023773
  ---- Residuals of Orbitals --- 
 Alpha          0.1462E-12  0.1897E-12  0.2037E-14  0.6733E-11
virtual         0.2266E-08  0.1267E-11  0.1808E-08  0.2309E-10  0.2366E-09
                0.4267E-09  0.1063E-10  0.2731E-09  0.2203E-12  0.1836E-13
                0.6375E-12  0.1167E-08  0.1680E-07  0.1413E-09  0.1869E-05
                0.3159E-08  0.1723E-08  0.7802E-08
 
   SCF   Iteration =           31
   Final Energy    =   -21.0084071677154     
 
 
  CHISQ    =   0.0009775153
 
  Poisson It,Dist =          100  1.261325455300536E-004
  HFEX  =   -1.99654790497266     
 
  Number of OEP Cycles    =   72
  Total OEP Energy (a.u.) =    -16.8799299
  Delta E          (a.u.) =     -0.0000352
  Norm of delta Veff =   9.556066236123587E-005
 
 Initializing start point of RANFQ
 
  18937 points have been accepted
 out of 102400 trials.
 
  ---- Orbital EigenValues ---- 
 Alpha   A1      -1.211341   -0.761741   -0.622723   -0.549241
virtual  A1 V    -0.219960   -0.146488   -0.108442   -0.106317   -0.077538
         A2 V    -0.043433   -0.075249   -0.060500   -0.059162   -0.054352
         A3 V    -0.051009   -0.005023   -0.023114   -0.010422   -0.004691
         A4 V    -0.005403   -0.011336   -0.023770
  ---- Residuals of Orbitals --- 
 Alpha          0.6475E-16  0.3519E-11  0.1586E-11  0.1919E-13
virtual         0.8280E-09  0.1345E-09  0.2646E-10  0.7540E-09  0.6018E-09
                0.2061E-10  0.5268E-11  0.2209E-09  0.7081E-13  0.1071E-12
                0.6247E-08  0.1601E-08  0.1095E-08  0.9886E-10  0.1120E-06
                0.4986E-08  0.1280E-06  0.2417E-08
 
   SCF   Iteration =           29
   Final Energy    =   -21.0059078348465     
 
 
  CHISQ    =   0.0009734919
 
  Poisson It,Dist =          100  1.149414354180154E-004
  HFEX  =   -1.99638677958444     
 
  Number of OEP Cycles    =   73
  Total OEP Energy (a.u.) =    -16.8799591
  Delta E          (a.u.) =     -0.0000292
  Norm of delta Veff =   9.492388265354098E-005
 
 Initializing start point of RANFQ
 
  19303 points have been accepted
 out of 102400 trials.
 
  ---- Orbital EigenValues ---- 
 Alpha   A1      -1.211245   -0.761670   -0.622650   -0.549165
virtual  A1 V    -0.219945   -0.146473   -0.108438   -0.106313   -0.077536
         A2 V    -0.043429   -0.075249   -0.060500   -0.059163   -0.054353
         A3 V    -0.051009   -0.005023   -0.023111   -0.010423   -0.004705
         A4 V    -0.005403   -0.011336   -0.023768
  ---- Residuals of Orbitals --- 
 Alpha          0.3230E-13  0.1565E-11  0.5204E-11  0.1099E-11
virtual         0.1132E-10  0.2594E-10  0.2339E-11  0.1856E-09  0.1475E-10
                0.1479E-10  0.1604E-09  0.1724E-08  0.8271E-11  0.7322E-13
                0.8711E-10  0.2277E-08  0.2002E-08  0.2361E-09  0.2204E-05
                0.1960E-08  0.1226E-09  0.6583E-09
 
   SCF   Iteration =           24
   Final Energy    =   -21.0034579299807     
 
 
  CHISQ    =   0.0010155050
 
  Poisson It,Dist =           97  9.567810535174404E-005
  HFEX  =   -1.99623668900158     
 
  Number of OEP Cycles    =   74
  Total OEP Energy (a.u.) =    -16.8799831
  Delta E          (a.u.) =     -0.0000240
  Norm of delta Veff =   9.430656698409169E-005
 
 Initializing start point of RANFQ
 
  19145 points have been accepted
 out of 102400 trials.
 
  ---- Orbital EigenValues ---- 
 Alpha   A1      -1.211150   -0.761599   -0.622577   -0.549089
virtual  A1 V    -0.219929   -0.146458   -0.108434   -0.106309   -0.077533
         A2 V    -0.043425   -0.075249   -0.060499   -0.059163   -0.054353
         A3 V    -0.051009   -0.005025   -0.023109   -0.010423   -0.004866
         A4 V    -0.005404   -0.011336   -0.023765
  ---- Residuals of Orbitals --- 
 Alpha          0.2390E-12  0.3282E-14  0.1880E-13  0.2372E-13
virtual         0.3946E-10  0.1702E-09  0.8703E-11  0.1352E-12  0.5929E-11
                0.5379E-10  0.2752E-10  0.9116E-11  0.7054E-13  0.1004E-11
                0.1502E-10  0.1060E-08  0.9629E-09  0.9342E-09  0.5432E-07
                0.1785E-06  0.1651E-09  0.4740E-08
 
   SCF   Iteration =           30
   Final Energy    =   -21.0011357187363     
 
 
  CHISQ    =   0.0010271516
 
  Poisson It,Dist =          100  1.292505301181073E-004
  HFEX  =   -1.99606261657241     
 
  Number of OEP Cycles    =   75
  Total OEP Energy (a.u.) =    -16.8800181
  Delta E          (a.u.) =     -0.0000349
  Norm of delta Veff =   9.346618168196648E-005
 
 Initializing start point of RANFQ
 
  18902 points have been accepted
 out of 102400 trials.
 
  ---- Orbital EigenValues ---- 
 Alpha   A1      -1.211055   -0.761528   -0.622505   -0.549013
virtual  A1 V    -0.219914   -0.146443   -0.108430   -0.106305   -0.077531
         A2 V    -0.043420   -0.075250   -0.060499   -0.059163   -0.054353
         A3 V    -0.051009   -0.005026   -0.023106   -0.010424   -0.005004
         A4 V    -0.005404   -0.011336   -0.023764
  ---- Residuals of Orbitals --- 
 Alpha          0.5243E-12  0.1369E-11  0.8770E-13  0.3143E-13
virtual         0.1686E-10  0.1598E-09  0.1823E-11  0.1107E-11  0.5869E-10
                0.2818E-11  0.9686E-12  0.9024E-11  0.5463E-13  0.2124E-12
                0.3725E-10  0.6754E-09  0.1143E-08  0.8254E-10  0.1957E-08
                0.7796E-08  0.3439E-10  0.2126E-09
 
   SCF   Iteration =           27
   Final Energy    =   -20.9985527451992     
 
 
  CHISQ    =   0.0010292238
 
  Poisson It,Dist =           91  9.764788026816596E-005
  HFEX  =   -1.99591888234492     
 
  Number of OEP Cycles    =   76
  Total OEP Energy (a.u.) =    -16.8800389
  Delta E          (a.u.) =     -0.0000208
  Norm of delta Veff =   9.274901513525774E-005
 
 Initializing start point of RANFQ
 
  18840 points have been accepted
 out of 102400 trials.
 
  ---- Orbital EigenValues ---- 
 Alpha   A1      -1.210962   -0.761459   -0.622434   -0.548939
virtual  A1 V    -0.219899   -0.146429   -0.108426   -0.106301   -0.077528
         A2 V    -0.043416   -0.075250   -0.060498   -0.059164   -0.054353
         A3 V    -0.051009   -0.005026   -0.023103   -0.010425   -0.005005
         A4 V    -0.005404   -0.011336   -0.023761
  ---- Residuals of Orbitals --- 
 Alpha          0.3366E-14  0.4843E-16  0.1578E-11  0.6273E-12
virtual         0.3923E-10  0.6685E-09  0.6526E-12  0.1151E-10  0.1356E-09
                0.1391E-10  0.2525E-10  0.1915E-09  0.5496E-13  0.1821E-10
                0.6872E-10  0.2572E-09  0.9309E-09  0.1731E-09  0.2378E-09
                0.1897E-08  0.1346E-08  0.2778E-08
 
   SCF   Iteration =           29
   Final Energy    =   -20.9963056593638     
 
 
  CHISQ    =   0.0010161741
 
  Poisson It,Dist =          100  1.211274543358921E-004
  HFEX  =   -1.99575634492491     
 
  Number of OEP Cycles    =   77
  Total OEP Energy (a.u.) =    -16.8800731
  Delta E          (a.u.) =     -0.0000342
  Norm of delta Veff =   9.208850470974264E-005
 
 Initializing start point of RANFQ
 
  18718 points have been accepted
 out of 102400 trials.
 
  ---- Orbital EigenValues ---- 
 Alpha   A1      -1.210869   -0.761389   -0.622364   -0.548864
virtual  A1 V    -0.219883   -0.146414   -0.108423   -0.106298   -0.077526
         A2 V    -0.043412   -0.075251   -0.060498   -0.059164   -0.054353
         A3 V    -0.051009   -0.005026   -0.023100   -0.010425   -0.005005
         A4 V    -0.005404   -0.011336   -0.023759
  ---- Residuals of Orbitals --- 
 Alpha          0.1298E-14  0.1759E-13  0.5765E-13  0.4029E-11
virtual         0.3512E-10  0.4455E-11  0.3730E-11  0.6253E-10  0.9884E-10
                0.4421E-11  0.3401E-11  0.2044E-10  0.6821E-13  0.6818E-13
                0.7071E-09  0.2622E-09  0.3866E-08  0.1713E-09  0.6047E-09
                0.1439E-07  0.1399E-08  0.2205E-07
 
   SCF   Iteration =           26
   Final Energy    =   -20.9938536080923     
 
 
  CHISQ    =   0.0010005627
 
  Poisson It,Dist =          100  1.069633740185516E-004
  HFEX  =   -1.99560593088521     
 
  Number of OEP Cycles    =   78
  Total OEP Energy (a.u.) =    -16.8801002
  Delta E          (a.u.) =     -0.0000271
  Norm of delta Veff =   9.149885907132267E-005
 
 Initializing start point of RANFQ
 
  18957 points have been accepted
 out of 102400 trials.
 
  ---- Orbital EigenValues ---- 
 Alpha   A1      -1.210776   -0.761321   -0.622293   -0.548791
virtual  A1 V    -0.219868   -0.146399   -0.108419   -0.106294   -0.077523
         A2 V    -0.043408   -0.075251   -0.060498   -0.059164   -0.054353
         A3 V    -0.051009   -0.005026   -0.023098   -0.010426   -0.005005
         A4 V    -0.005405   -0.011336   -0.023757
  ---- Residuals of Orbitals --- 
 Alpha          0.1925E-12  0.2383E-14  0.1748E-14  0.7311E-10
virtual         0.4057E-10  0.4260E-10  0.6692E-11  0.1568E-10  0.3034E-09
                0.7986E-10  0.2210E-10  0.9698E-11  0.5724E-12  0.1587E-10
                0.2998E-08  0.4237E-08  0.1615E-08  0.2439E-09  0.1511E-10
                0.4701E-08  0.4666E-10  0.1265E-07
 
   SCF   Iteration =           25
   Final Energy    =   -20.9915440577421     
 
 
  CHISQ    =   0.0010165516
 
  Poisson It,Dist =           92  9.571558679447702E-005
  HFEX  =   -1.99545051071674     
 
  Number of OEP Cycles    =   79
  Total OEP Energy (a.u.) =    -16.8801209
  Delta E          (a.u.) =     -0.0000208
  Norm of delta Veff =   9.086843680174610E-005
 
 Initializing start point of RANFQ
 
  18777 points have been accepted
 out of 102400 trials.
 
  ---- Orbital EigenValues ---- 
 Alpha   A1      -1.210684   -0.761252   -0.622224   -0.548717
virtual  A1 V    -0.219853   -0.146385   -0.108415   -0.106290   -0.077521
         A2 V    -0.043404   -0.075251   -0.060497   -0.059164   -0.054354
         A3 V    -0.051009   -0.005026   -0.023095   -0.010427   -0.005005
         A4 V    -0.005405   -0.011336   -0.023755
  ---- Residuals of Orbitals --- 
 Alpha          0.1747E-14  0.5451E-15  0.5936E-12  0.2024E-12
virtual         0.3603E-11  0.5073E-10  0.5155E-11  0.3744E-11  0.3397E-09
                0.5043E-10  0.1536E-11  0.1068E-10  0.4941E-12  0.6878E-12
                0.8942E-11  0.5022E-09  0.1437E-08  0.2822E-09  0.1852E-10
                0.6332E-09  0.9677E-10  0.3662E-09
 
   SCF   Iteration =           26
   Final Energy    =   -20.9891928821995     
 
 
  CHISQ    =   0.0009806217
 
  Poisson It,Dist =          100  1.210379255153571E-004
  HFEX  =   -1.99530549112191     
 
  Number of OEP Cycles    =   80
  Total OEP Energy (a.u.) =    -16.8801539
  Delta E          (a.u.) =     -0.0000330
  Norm of delta Veff =   9.028263811742152E-005
 
 Initializing start point of RANFQ
 
  18910 points have been accepted
 out of 102400 trials.
 
  ---- Orbital EigenValues ---- 
 Alpha   A1      -1.210593   -0.761184   -0.622155   -0.548645
virtual  A1 V    -0.219839   -0.146371   -0.108412   -0.106286   -0.077518
         A2 V    -0.043399   -0.075252   -0.060497   -0.059165   -0.054354
         A3 V    -0.051009   -0.005026   -0.023092   -0.010428   -0.005005
         A4 V    -0.005405   -0.011336   -0.023753
  ---- Residuals of Orbitals --- 
 Alpha          0.1284E-12  0.9503E-16  0.1665E-14  0.1112E-12
virtual         0.5392E-11  0.6119E-11  0.2150E-10  0.1767E-10  0.8820E-10
                0.2642E-09  0.1135E-10  0.7103E-11  0.7981E-12  0.4408E-11
                0.5814E-09  0.2061E-09  0.7851E-08  0.2366E-09  0.1044E-10
                0.8909E-09  0.2769E-10  0.2340E-09
 
   SCF   Iteration =           27
   Final Energy    =   -20.9869443938022     
 
 
  CHISQ    =   0.0009823530
 
  Poisson It,Dist =          100  1.108054967159547E-004
  HFEX  =   -1.99514931733263     
 
  Number of OEP Cycles    =   81
  Total OEP Energy (a.u.) =    -16.8801794
  Delta E          (a.u.) =     -0.0000254
  Norm of delta Veff =   8.965848544365884E-005
 
 Initializing start point of RANFQ
 
  18713 points have been accepted
 out of 102400 trials.
 
  ---- Orbital EigenValues ---- 
 Alpha   A1      -1.210503   -0.761117   -0.622086   -0.548573
virtual  A1 V    -0.219824   -0.146356   -0.108408   -0.106283   -0.077516
         A2 V    -0.043395   -0.075252   -0.060496   -0.059165   -0.054354
         A3 V    -0.051009   -0.005026   -0.023087   -0.010428   -0.005005
         A4 V    -0.005405   -0.011336   -0.023753
  ---- Residuals of Orbitals --- 
 Alpha          0.1985E-12  0.7728E-16  0.6912E-11  0.1601E-11
virtual         0.2412E-10  0.1376E-11  0.6984E-11  0.1998E-11  0.4792E-10
                0.3202E-11  0.3426E-10  0.6916E-10  0.2256E-12  0.1686E-11
                0.5102E-11  0.7972E-08  0.1272E-08  0.1959E-09  0.1932E-10
                0.3551E-09  0.1635E-09  0.1582E-07
 
   SCF   Iteration =           30
   Final Energy    =   -20.9845868209403     
 
 
  CHISQ    =   0.0009876649
 
  Poisson It,Dist =           90  9.927638885523958E-005
  HFEX  =   -1.99500031614071     
 
  Number of OEP Cycles    =   82
  Total OEP Energy (a.u.) =    -16.8801980
  Delta E          (a.u.) =     -0.0000187
  Norm of delta Veff =   8.905481592891301E-005
 
 Initializing start point of RANFQ
 
  18963 points have been accepted
 out of 102400 trials.
 
  ---- Orbital EigenValues ---- 
 Alpha   A1      -1.210413   -0.761050   -0.622018   -0.548501
virtual  A1 V    -0.219809   -0.146342   -0.108405   -0.106279   -0.077512
         A2 V    -0.043391   -0.075252   -0.060496   -0.059165   -0.054354
         A3 V    -0.051009   -0.005026   -0.023085   -0.010429   -0.005005
         A4 V    -0.005405   -0.011336   -0.023751
  ---- Residuals of Orbitals --- 
 Alpha          0.1315E-11  0.5814E-16  0.5875E-11  0.1196E-10
virtual         0.2686E-09  0.1251E-08  0.9202E-07  0.8713E-09  0.1099E-07
                0.3359E-11  0.1666E-09  0.2126E-09  0.1397E-12  0.5774E-11
                0.2316E-10  0.1112E-09  0.2760E-08  0.1288E-09  0.5391E-10
                0.4913E-09  0.3973E-08  0.4456E-09
 
   SCF   Iteration =           26
   Final Energy    =   -20.9823148345627     
 
 
  CHISQ    =   0.0010002901
 
  Poisson It,Dist =          100  1.002159209403876E-004
  HFEX  =   -1.99485473617605     
 
  Number of OEP Cycles    =   83
  Total OEP Energy (a.u.) =    -16.8802273
  Delta E          (a.u.) =     -0.0000293
  Norm of delta Veff =   8.849138266835420E-005
 
 Initializing start point of RANFQ
 
  18922 points have been accepted
 out of 102400 trials.
 
  ---- Orbital EigenValues ---- 
 Alpha   A1      -1.210323   -0.760984   -0.621950   -0.548430
virtual  A1 V    -0.219795   -0.146328   -0.108401   -0.106275   -0.077511
         A2 V    -0.043387   -0.075253   -0.060496   -0.059166   -0.054354
         A3 V    -0.051009   -0.005026   -0.023082   -0.010430   -0.005005
         A4 V    -0.005405   -0.011336   -0.023749
  ---- Residuals of Orbitals --- 
 Alpha          0.2751E-12  0.1054E-15  0.2254E-13  0.6045E-12
virtual         0.5283E-10  0.7072E-10  0.2893E-09  0.2448E-10  0.5189E-07
                0.4917E-11  0.2880E-10  0.6828E-08  0.7121E-13  0.2048E-12
                0.2363E-09  0.4025E-09  0.2348E-08  0.1752E-09  0.3784E-10
                0.3986E-09  0.9092E-10  0.1583E-08
 
   SCF   Iteration =           27
   Final Energy    =   -20.9800776756155     
 
 
  CHISQ    =   0.0010055180
 
  Poisson It,Dist =           93  9.911129141324561E-005
  HFEX  =   -1.99470525641724     
 
  Number of OEP Cycles    =   84
  Total OEP Energy (a.u.) =    -16.8802484
  Delta E          (a.u.) =     -0.0000211
  Norm of delta Veff =   8.787013002690943E-005
 
 Initializing start point of RANFQ
 
  18909 points have been accepted
 out of 102400 trials.
 
  ---- Orbital EigenValues ---- 
 Alpha   A1      -1.210235   -0.760918   -0.621883   -0.548360
virtual  A1 V    -0.219780   -0.146314   -0.108397   -0.106272   -0.077508
         A2 V    -0.043383   -0.075253   -0.060496   -0.059166   -0.054355
         A3 V    -0.051009   -0.005026   -0.023079   -0.010431   -0.005005
         A4 V    -0.005405   -0.011336   -0.023747
  ---- Residuals of Orbitals --- 
 Alpha          0.3018E-14  0.6500E-16  0.1549E-14  0.3785E-11
virtual         0.4442E-10  0.2908E-10  0.7911E-10  0.8683E-11  0.6319E-08
                0.6880E-10  0.8658E-11  0.1402E-08  0.8425E-13  0.1442E-11
                0.1040E-10  0.1562E-10  0.5845E-08  0.1475E-09  0.8297E-11
                0.1418E-08  0.3122E-09  0.4031E-06
 
   SCF   Iteration =           32
   Final Energy    =   -20.9778120576975     
 
 
  CHISQ    =   0.0010176402
 
  Poisson It,Dist =          100  1.129012535408863E-004
  HFEX  =   -1.99455584116048     
 
  Number of OEP Cycles    =   85
  Total OEP Energy (a.u.) =    -16.8802787
  Delta E          (a.u.) =     -0.0000303
  Norm of delta Veff =   8.726085246488780E-005
 
 Initializing start point of RANFQ
 
  18952 points have been accepted
 out of 102400 trials.
 
  ---- Orbital EigenValues ---- 
 Alpha   A1      -1.210147   -0.760852   -0.621816   -0.548290
virtual  A1 V    -0.219766   -0.146301   -0.108394   -0.106268   -0.077506
         A2 V    -0.043379   -0.075253   -0.060495   -0.059166   -0.054355
         A3 V    -0.051009   -0.005027   -0.023077   -0.010431   -0.005005
         A4 V    -0.005405   -0.011337   -0.023745
  ---- Residuals of Orbitals --- 
 Alpha          0.3426E-13  0.6777E-14  0.2233E-12  0.1047E-12
virtual         0.5003E-11  0.5959E-09  0.1275E-09  0.4732E-09  0.6860E-10
                0.1667E-09  0.1828E-09  0.1505E-09  0.6073E-12  0.1988E-11
                0.4036E-10  0.4633E-10  0.1988E-08  0.1067E-08  0.7550E-11
                0.2988E-09  0.2922E-09  0.2398E-09
 
   SCF   Iteration =           27
   Final Energy    =   -20.9755349891240     
 
 
  CHISQ    =   0.0010221809
 
  Poisson It,Dist =          100  1.113533911526637E-004
  HFEX  =   -1.99441410487098     
 
  Number of OEP Cycles    =   86
  Total OEP Energy (a.u.) =    -16.8803029
  Delta E          (a.u.) =     -0.0000242
  Norm of delta Veff =   8.669238629520951E-005
 
 Initializing start point of RANFQ
 
  18912 points have been accepted
 out of 102400 trials.
 
  ---- Orbital EigenValues ---- 
 Alpha   A1      -1.210059   -0.760787   -0.621750   -0.548220
virtual  A1 V    -0.219752   -0.146287   -0.108390   -0.106265   -0.077503
         A2 V    -0.043375   -0.075254   -0.060495   -0.059167   -0.054355
         A3 V    -0.051009   -0.005027   -0.023075   -0.010432   -0.005005
         A4 V    -0.005405   -0.011337   -0.023742
  ---- Residuals of Orbitals --- 
 Alpha          0.8978E-12  0.7122E-16  0.4135E-10  0.1239E-11
virtual         0.1807E-08  0.2186E-09  0.2110E-10  0.2776E-08  0.9835E-09
                0.7156E-09  0.1059E-10  0.4110E-06  0.1060E-12  0.5019E-12
                0.7681E-09  0.1801E-10  0.1328E-08  0.1156E-08  0.3951E-09
                0.4029E-09  0.2682E-09  0.1548E-09
 
   SCF   Iteration =           30
   Final Energy    =   -20.9733558856003     
 
 
  CHISQ    =   0.0009925496
 
  Poisson It,Dist =           88  9.757779175221254E-005
  HFEX  =   -1.99426786459978     
 
  Number of OEP Cycles    =   87
  Total OEP Energy (a.u.) =    -16.8803185
  Delta E          (a.u.) =     -0.0000156
  Norm of delta Veff =   8.613068878191051E-005
 
 Initializing start point of RANFQ
 
  18979 points have been accepted
 out of 102400 trials.
 
  ---- Orbital EigenValues ---- 
 Alpha   A1      -1.209972   -0.760722   -0.621685   -0.548151
virtual  A1 V    -0.219737   -0.146273   -0.108387   -0.106261   -0.077501
         A2 V    -0.043371   -0.075254   -0.060495   -0.059167   -0.054355
         A3 V    -0.051009   -0.005027   -0.023072   -0.010432   -0.005005
         A4 V    -0.005405   -0.011337   -0.023740
  ---- Residuals of Orbitals --- 
 Alpha          0.1019E-11  0.3200E-12  0.2539E-13  0.2262E-11
virtual         0.6506E-09  0.6922E-11  0.2681E-10  0.1016E-09  0.2926E-10
                0.1451E-10  0.2493E-09  0.3189E-09  0.4946E-12  0.1821E-12
                0.4333E-09  0.8227E-10  0.4702E-07  0.5139E-10  0.3083E-10
                0.3655E-09  0.1800E-09  0.4629E-08
 
   SCF   Iteration =           31
   Final Energy    =   -20.9711465766184     
 
 
  CHISQ    =   0.0010055135
 
  Poisson It,Dist =          100  1.206743432392705E-004
  HFEX  =   -1.99412219436874     
 
  Number of OEP Cycles    =   88
  Total OEP Energy (a.u.) =    -16.8803497
  Delta E          (a.u.) =     -0.0000311
  Norm of delta Veff =   8.553010740274948E-005
 
 Initializing start point of RANFQ
 
  18658 points have been accepted
 out of 102400 trials.
 
  ---- Orbital EigenValues ---- 
 Alpha   A1      -1.209886   -0.760658   -0.621619   -0.548083
virtual  A1 V    -0.219723   -0.146260   -0.108384   -0.106258   -0.077498
         A2 V    -0.043367   -0.075254   -0.060494   -0.059167   -0.054355
         A3 V    -0.051009   -0.005027   -0.023070   -0.010433   -0.005005
         A4 V    -0.005405   -0.011337   -0.023738
  ---- Residuals of Orbitals --- 
 Alpha          0.3973E-12  0.1567E-13  0.2494E-14  0.1251E-12
virtual         0.8130E-10  0.7738E-10  0.2826E-11  0.7504E-09  0.2327E-10
                0.8765E-09  0.3446E-10  0.4512E-09  0.1166E-12  0.6560E-12
                0.2448E-10  0.3911E-10  0.1205E-07  0.3392E-09  0.2230E-10
                0.4362E-09  0.7317E-10  0.6550E-08
 
   SCF   Iteration =           34
   Final Energy    =   -20.9689213537856     
 
 
  CHISQ    =   0.0009922618
 
  Poisson It,Dist =           98  9.613313171885330E-005
  HFEX  =   -1.99397999834468     
 
  Number of OEP Cycles    =   89
  Total OEP Energy (a.u.) =    -16.8803695
  Delta E          (a.u.) =     -0.0000199
  Norm of delta Veff =   8.493932171167457E-005
 
 Initializing start point of RANFQ
 
  18846 points have been accepted
 out of 102400 trials.
 
  ---- Orbital EigenValues ---- 
 Alpha   A1      -1.209800   -0.760594   -0.621555   -0.548015
virtual  A1 V    -0.219709   -0.146246   -0.108380   -0.106254   -0.077496
         A2 V    -0.043364   -0.075255   -0.060494   -0.059168   -0.054355
         A3 V    -0.051009   -0.005027   -0.023067   -0.010434   -0.005005
         A4 V    -0.005406   -0.011337   -0.023736
  ---- Residuals of Orbitals --- 
 Alpha          0.8225E-12  0.1477E-10  0.3644E-11  0.3245E-12
virtual         0.1062E-09  0.4823E-10  0.9137E-10  0.1676E-11  0.5359E-08
                0.6125E-11  0.2094E-10  0.7038E-09  0.1588E-12  0.1169E-11
                0.9230E-09  0.1109E-10  0.2555E-08  0.2070E-09  0.6224E-10
                0.1048E-08  0.1026E-09  0.1540E-09
 
   SCF   Iteration =           28
   Final Energy    =   -20.9667542279967     
 
 
  CHISQ    =   0.0010257144
 
  Poisson It,Dist =           93  9.953966709303928E-005
  HFEX  =   -1.99383837782559     
 
  Number of OEP Cycles    =   90
  Total OEP Energy (a.u.) =    -16.8803898
  Delta E          (a.u.) =     -0.0000203
  Norm of delta Veff =   8.438100933078939E-005
 
 Initializing start point of RANFQ
 
  18715 points have been accepted
 out of 102400 trials.
 
  ---- Orbital EigenValues ---- 
 Alpha   A1      -1.209715   -0.760531   -0.621491   -0.547948
virtual  A1 V    -0.219696   -0.146233   -0.108377   -0.106251   -0.077494
         A2 V    -0.043360   -0.075255   -0.060493   -0.059168   -0.054356
         A3 V    -0.051009   -0.005027   -0.023065   -0.010435   -0.005005
         A4 V    -0.005406   -0.011337   -0.023734
  ---- Residuals of Orbitals --- 
 Alpha          0.1213E-13  0.3957E-12  0.9371E-13  0.1216E-13
virtual         0.2259E-09  0.3846E-07  0.1366E-09  0.4175E-11  0.2361E-10
                0.9241E-08  0.2256E-09  0.1139E-09  0.4225E-12  0.9191E-13
                0.4234E-09  0.3004E-10  0.1246E-08  0.2887E-09  0.8732E-11
                0.3791E-09  0.1468E-09  0.1497E-09
 
   SCF   Iteration =           32
   Final Energy    =   -20.9645997045375     
 
 
  CHISQ    =   0.0009985858
 
  Poisson It,Dist =          100  1.035130936504535E-004
  HFEX  =   -1.99370022870157     
 
  Number of OEP Cycles    =   91
  Total OEP Energy (a.u.) =    -16.8804156
  Delta E          (a.u.) =     -0.0000258
  Norm of delta Veff =   8.385965287446145E-005
 
 Initializing start point of RANFQ
 
  18968 points have been accepted
 out of 102400 trials.
 
  ---- Orbital EigenValues ---- 
 Alpha   A1      -1.209631   -0.760468   -0.621427   -0.547881
virtual  A1 V    -0.219682   -0.146220   -0.108373   -0.106247   -0.077492
         A2 V    -0.043356   -0.075255   -0.060493   -0.059168   -0.054356
         A3 V    -0.051009   -0.005027   -0.023062   -0.010435   -0.005005
         A4 V    -0.005406   -0.011337   -0.023732
  ---- Residuals of Orbitals --- 
 Alpha          0.7034E-13  0.2194E-14  0.4837E-11  0.1485E-11
virtual         0.1680E-09  0.3916E-09  0.8013E-11  0.2120E-11  0.1491E-09
                0.7070E-11  0.3336E-08  0.5908E-10  0.8211E-13  0.1002E-12
                0.2177E-10  0.1224E-09  0.7760E-09  0.1082E-09  0.3141E-10
                0.1477E-09  0.1275E-08  0.1644E-09
 
   SCF   Iteration =           32
   Final Energy    =   -20.9624745229943     
 
 
  CHISQ    =   0.0010012611
 
  Poisson It,Dist =           96  9.909928060050536E-005
  HFEX  =   -1.99355460105465     
 
  Number of OEP Cycles    =   92
  Total OEP Energy (a.u.) =    -16.8804351
  Delta E          (a.u.) =     -0.0000195
  Norm of delta Veff =   8.325262936371253E-005
 
 Initializing start point of RANFQ
 
  18975 points have been accepted
 out of 102400 trials.
 
  ---- Orbital EigenValues ---- 
 Alpha   A1      -1.209547   -0.760406   -0.621364   -0.547814
virtual  A1 V    -0.219668   -0.146206   -0.108370   -0.106244   -0.077489
         A2 V    -0.043352   -0.075256   -0.060493   -0.059169   -0.054356
         A3 V    -0.051009   -0.005027   -0.023060   -0.010436   -0.005005
         A4 V    -0.005406   -0.011337   -0.023730
  ---- Residuals of Orbitals --- 
 Alpha          0.3594E-12  0.9012E-11  0.1462E-10  0.3327E-12
virtual         0.2705E-10  0.1507E-08  0.1649E-09  0.1192E-11  0.1280E-10
                0.1423E-11  0.9491E-10  0.6758E-10  0.2412E-11  0.1070E-12
                0.1291E-09  0.1231E-10  0.1153E-07  0.1880E-09  0.6584E-08
                0.1420E-09  0.2984E-10  0.1657E-09
 
   SCF   Iteration =           28
   Final Energy    =   -20.9602829576732     
 
 
  CHISQ    =   0.0010205241
 
  Poisson It,Dist =           86  9.993472517008168E-005
  HFEX  =   -1.99342388451363     
 
  Number of OEP Cycles    =   93
  Total OEP Energy (a.u.) =    -16.8804511
  Delta E          (a.u.) =     -0.0000160
  Norm of delta Veff =   8.271348834091384E-005
 
 Initializing start point of RANFQ
 
  18901 points have been accepted
 out of 102400 trials.
 
  ---- Orbital EigenValues ---- 
 Alpha   A1      -1.209463   -0.760344   -0.621301   -0.547748
virtual  A1 V    -0.219654   -0.146193   -0.108367   -0.106241   -0.077487
         A2 V    -0.043348   -0.075256   -0.060492   -0.059169   -0.054356
         A3 V    -0.051009   -0.005027   -0.023058   -0.010437   -0.005005
         A4 V    -0.005406   -0.011337   -0.023728
  ---- Residuals of Orbitals --- 
 Alpha          0.5257E-13  0.1625E-11  0.2298E-11  0.7241E-13
virtual         0.6019E-11  0.3203E-10  0.2388E-11  0.3024E-10  0.1091E-10
                0.1152E-11  0.3225E-09  0.1931E-09  0.9386E-11  0.1702E-12
                0.6835E-11  0.2168E-09  0.9389E-09  0.1160E-09  0.1364E-10
                0.1151E-09  0.9454E-10  0.1149E-07
 
   SCF   Iteration =           28
   Final Energy    =   -20.9582587705134     
 
 
  CHISQ    =   0.0010322423
 
  Poisson It,Dist =          100  1.040260627483392E-004
  HFEX  =   -1.99328080913418     
 
  Number of OEP Cycles    =   94
  Total OEP Energy (a.u.) =    -16.8804779
  Delta E          (a.u.) =     -0.0000268
  Norm of delta Veff =   8.212710519639778E-005
 
 Initializing start point of RANFQ
 
  18877 points have been accepted
 out of 102400 trials.
 
  ---- Orbital EigenValues ---- 
 Alpha   A1      -1.209380   -0.760282   -0.621238   -0.547683
virtual  A1 V    -0.219641   -0.146180   -0.108364   -0.106237   -0.077485
         A2 V    -0.043345   -0.075256   -0.060492   -0.059169   -0.054356
         A3 V    -0.051009   -0.005027   -0.023054   -0.010437   -0.005005
         A4 V    -0.005406   -0.011337   -0.023727
  ---- Residuals of Orbitals --- 
 Alpha          0.5184E-12  0.8143E-14  0.6198E-13  0.5604E-12
virtual         0.1530E-10  0.2201E-09  0.2698E-09  0.2045E-11  0.1892E-08
                0.1212E-11  0.2821E-09  0.3228E-10  0.1040E-12  0.3972E-12
                0.3986E-11  0.7487E-10  0.3306E-07  0.9542E-08  0.8869E-11
                0.2443E-09  0.4780E-09  0.1903E-09
 
   SCF   Iteration =           28
   Final Energy    =   -20.9560931579330     
 
 
  CHISQ    =   0.0010022377
 
  Poisson It,Dist =          100  1.045478881906945E-004
  HFEX  =   -1.99314595448070     
 
  Number of OEP Cycles    =   95
  Total OEP Energy (a.u.) =    -16.8805000
  Delta E          (a.u.) =     -0.0000221
  Norm of delta Veff =   8.157960285563419E-005
 
 Initializing start point of RANFQ
 
  18872 points have been accepted
 out of 102400 trials.
 
  ---- Orbital EigenValues ---- 
 Alpha   A1      -1.209298   -0.760221   -0.621177   -0.547618
virtual  A1 V    -0.219628   -0.146167   -0.108360   -0.106234   -0.077483
         A2 V    -0.043341   -0.075257   -0.060491   -0.059169   -0.054356
         A3 V    -0.051009   -0.005027   -0.023052   -0.010438   -0.005005
         A4 V    -0.005406   -0.011337   -0.023725
  ---- Residuals of Orbitals --- 
 Alpha          0.5212E-12  0.2733E-11  0.2342E-10  0.5795E-11
virtual         0.1067E-09  0.2561E-09  0.1904E-10  0.1340E-09  0.6514E-11
                0.1284E-10  0.3690E-10  0.2158E-10  0.1485E-12  0.1422E-12
                0.1532E-11  0.9878E-11  0.1153E-08  0.4573E-10  0.1807E-10
                0.1964E-08  0.2088E-08  0.1474E-07
 
   SCF   Iteration =           24
   Final Energy    =   -20.9540238776224     
 
 
  CHISQ    =   0.0010277936
 
  Poisson It,Dist =          100  9.985650090020062E-005
  HFEX  =   -1.99301327794730     
 
  Number of OEP Cycles    =   96
  Total OEP Energy (a.u.) =    -16.8805205
  Delta E          (a.u.) =     -0.0000205
  Norm of delta Veff =   8.105364755281595E-005
 
 Initializing start point of RANFQ
 
  18894 points have been accepted
 out of 102400 trials.
 
  ---- Orbital EigenValues ---- 
 Alpha   A1      -1.209217   -0.760160   -0.621115   -0.547554
virtual  A1 V    -0.219614   -0.146155   -0.108357   -0.106231   -0.077481
         A2 V    -0.043337   -0.075257   -0.060491   -0.059170   -0.054356
         A3 V    -0.051009   -0.005027   -0.023050   -0.010439   -0.005005
         A4 V    -0.005406   -0.011337   -0.023723
  ---- Residuals of Orbitals --- 
 Alpha          0.1555E-14  0.1595E-12  0.9948E-11  0.1267E-13
virtual         0.2656E-09  0.5411E-11  0.9590E-09  0.2974E-10  0.1419E-09
                0.2596E-11  0.7026E-09  0.2728E-10  0.8407E-13  0.2991E-11
                0.3204E-11  0.1943E-09  0.7383E-09  0.2736E-09  0.8301E-11
                0.2792E-09  0.9939E-11  0.1581E-09
 
   SCF   Iteration =           29
   Final Energy    =   -20.9519909739675     
 
 
  CHISQ    =   0.0010151732
 
  Poisson It,Dist =           98  9.792256363716994E-005
  HFEX  =   -1.99287422852101     
 
  Number of OEP Cycles    =   97
  Total OEP Energy (a.u.) =    -16.8805392
  Delta E          (a.u.) =     -0.0000188
  Norm of delta Veff =   8.048711150672839E-005
 
 Initializing start point of RANFQ
 
  18853 points have been accepted
 out of 102400 trials.
 
  ---- Orbital EigenValues ---- 
 Alpha   A1      -1.209135   -0.760100   -0.621054   -0.547490
virtual  A1 V    -0.219601   -0.146142   -0.108354   -0.106227   -0.077478
         A2 V    -0.043333   -0.075257   -0.060491   -0.059170   -0.054357
         A3 V    -0.051009   -0.005027   -0.023047   -0.010439   -0.005005
         A4 V    -0.005406   -0.011337   -0.023721
  ---- Residuals of Orbitals --- 
 Alpha          0.1370E-11  0.6547E-11  0.1668E-11  0.1577E-10
virtual         0.4236E-09  0.2063E-11  0.2304E-09  0.1124E-10  0.3292E-11
                0.2331E-11  0.5627E-08  0.3512E-10  0.1574E-11  0.1877E-11
                0.1908E-11  0.9432E-11  0.2206E-08  0.3207E-08  0.3871E-10
                0.5166E-09  0.2067E-09  0.2036E-08
 
   SCF   Iteration =           29
   Final Energy    =   -20.9498848439715     
 
 
  CHISQ    =   0.0010144221
 
  Poisson It,Dist =           87  9.997417171602752E-005
  HFEX  =   -1.99274600377505     
 
  Number of OEP Cycles    =   98
  Total OEP Energy (a.u.) =    -16.8805534
  Delta E          (a.u.) =     -0.0000141
  Norm of delta Veff =   7.996779609808215E-005
 
 Initializing start point of RANFQ
 
  18906 points have been accepted
 out of 102400 trials.
 
  ---- Orbital EigenValues ---- 
 Alpha   A1      -1.209055   -0.760040   -0.620994   -0.547426
virtual  A1 V    -0.219588   -0.146129   -0.108351   -0.106224   -0.077476
         A2 V    -0.043330   -0.075258   -0.060490   -0.059170   -0.054357
         A3 V    -0.051009   -0.005027   -0.023045   -0.010440   -0.005005
         A4 V    -0.005406   -0.011337   -0.023719
  ---- Residuals of Orbitals --- 
 Alpha          0.1231E-13  0.6725E-12  0.1082E-13  0.1363E-13
virtual         0.1443E-10  0.1884E-10  0.2569E-10  0.1950E-10  0.1107E-08
                0.2212E-11  0.5796E-09  0.2241E-10  0.1081E-11  0.1405E-11
                0.5348E-10  0.6818E-11  0.1488E-07  0.1499E-08  0.9439E-11
                0.8571E-10  0.3885E-07  0.5980E-09
 
   SCF   Iteration =           32
   Final Energy    =   -20.9479093724364     
 
 
  CHISQ    =   0.0010186960
 
  Poisson It,Dist =           98  9.976727742567038E-005
  HFEX  =   -1.99260163074970     
 
  Number of OEP Cycles    =   99
  Total OEP Energy (a.u.) =    -16.8805767
  Delta E          (a.u.) =     -0.0000233
  Norm of delta Veff =   7.938051126030470E-005
 
 Initializing start point of RANFQ
 
  18852 points have been accepted
 out of 102400 trials.
 
  ---- Orbital EigenValues ---- 
 Alpha   A1      -1.208975   -0.759980   -0.620934   -0.547363
virtual  A1 V    -0.219575   -0.146117   -0.108347   -0.106221   -0.077474
         A2 V    -0.043326   -0.075258   -0.060490   -0.059171   -0.054357
         A3 V    -0.051009   -0.005027   -0.023043   -0.010440   -0.005005
         A4 V    -0.005406   -0.011337   -0.023717
  ---- Residuals of Orbitals --- 
 Alpha          0.7418E-13  0.2340E-10  0.8343E-14  0.5950E-11
virtual         0.2089E-10  0.5235E-11  0.5005E-09  0.7815E-11  0.2272E-10
                0.2596E-11  0.1336E-09  0.1518E-10  0.1068E-10  0.1475E-12
                0.2346E-11  0.1669E-10  0.7788E-09  0.7129E-09  0.1053E-10
                0.1220E-08  0.4146E-10  0.1537E-09
 
   SCF   Iteration =           28
   Final Energy    =   -20.9457561357900     
 
 
  CHISQ    =   0.0010012630
 
  Poisson It,Dist =           93  9.798446651558491E-005
  HFEX  =   -1.99247743328122     
 
  Number of OEP Cycles    =  100
  Total OEP Energy (a.u.) =    -16.8805938
  Delta E          (a.u.) =     -0.0000171
  Norm of delta Veff =   7.888061182411296E-005
 
 Initializing start point of RANFQ
 
  18948 points have been accepted
 out of 102400 trials.
 
  ---- Orbital EigenValues ---- 
 Alpha   A1      -1.208895   -0.759921   -0.620874   -0.547301
virtual  A1 V    -0.219562   -0.146104   -0.108344   -0.106218   -0.077472
         A2 V    -0.043322   -0.075258   -0.060490   -0.059171   -0.054357
         A3 V    -0.051009   -0.005027   -0.023041   -0.010441   -0.005005
         A4 V    -0.005406   -0.011337   -0.023715
  ---- Residuals of Orbitals --- 
 Alpha          0.4476E-13  0.3565E-10  0.3071E-15  0.2714E-11
virtual         0.1464E-11  0.7732E-11  0.3918E-09  0.1982E-10  0.2179E-09
                0.3658E-09  0.7273E-09  0.1916E-10  0.7968E-11  0.8247E-11
                0.2093E-10  0.4925E-09  0.4637E-08  0.9503E-09  0.5193E-10
                0.1821E-09  0.8099E-11  0.2188E-09
 
   SCF   Iteration =           33
   Final Energy    =   -20.9438270641385     
 
 
  CHISQ    =   0.0010105815
 
  Poisson It,Dist =           98  9.945865142635431E-005
  HFEX  =   -1.99234316230028     
 
  Number of OEP Cycles    =  101
  Total OEP Energy (a.u.) =    -16.8806138
  Delta E          (a.u.) =     -0.0000200
  Norm of delta Veff =   7.834897982174688E-005
 
 Initializing start point of RANFQ
 
  18670 points have been accepted
 out of 102400 trials.
 
  ---- Orbital EigenValues ---- 
 Alpha   A1      -1.208817   -0.759863   -0.620815   -0.547238
virtual  A1 V    -0.219549   -0.146092   -0.108341   -0.106215   -0.077470
         A2 V    -0.043319   -0.075258   -0.060489   -0.059171   -0.054357
         A3 V    -0.051009   -0.005027   -0.023039   -0.010442   -0.005006
         A4 V    -0.005406   -0.011337   -0.023713
  ---- Residuals of Orbitals --- 
 Alpha          0.1338E-12  0.4837E-10  0.3012E-14  0.1304E-11
virtual         0.1166E-09  0.2813E-11  0.2095E-10  0.3458E-11  0.8855E-10
                0.3597E-10  0.3409E-11  0.8132E-09  0.1214E-13  0.6493E-12
                0.1516E-11  0.6698E-11  0.6438E-09  0.1962E-09  0.2411E-10
                0.9260E-09  0.8080E-11  0.1278E-09
 
   SCF   Iteration =           26
   Final Energy    =   -20.9417937728111     
 
 
  CHISQ    =   0.0010076885
 
  Poisson It,Dist =           96  9.673154567730954E-005
  HFEX  =   -1.99221657562343     
 
  Number of OEP Cycles    =  102
  Total OEP Energy (a.u.) =    -16.8806323
  Delta E          (a.u.) =     -0.0000185
  Norm of delta Veff =   7.783571631277966E-005
 
 Initializing start point of RANFQ
 
  19006 points have been accepted
 out of 102400 trials.
 
  ---- Orbital EigenValues ---- 
 Alpha   A1      -1.208738   -0.759804   -0.620756   -0.547177
virtual  A1 V    -0.219536   -0.146080   -0.108338   -0.106211   -0.077467
         A2 V    -0.043315   -0.075259   -0.060489   -0.059171   -0.054357
         A3 V    -0.051009   -0.005027   -0.023036   -0.010442   -0.005006
         A4 V    -0.005406   -0.011337   -0.023711
  ---- Residuals of Orbitals --- 
 Alpha          0.9213E-16  0.3423E-12  0.5522E-12  0.1017E-11
virtual         0.9007E-09  0.6677E-10  0.2308E-09  0.2109E-10  0.1613E-10
                0.3579E-10  0.5585E-11  0.1258E-10  0.7216E-12  0.4170E-12
                0.1448E-11  0.1228E-10  0.7203E-09  0.9495E-08  0.1232E-09
                0.4913E-10  0.8019E-11  0.1660E-09
 
   SCF   Iteration =           29
   Final Energy    =   -20.9398444407174     
 
 
  CHISQ    =   0.0010311299
 
  Poisson It,Dist =          100  1.032303491982919E-004
  HFEX  =   -1.99208662785960     
 
  Number of OEP Cycles    =  103
  Total OEP Energy (a.u.) =    -16.8806532
  Delta E          (a.u.) =     -0.0000209
  Norm of delta Veff =   7.730315839844895E-005
 
 Initializing start point of RANFQ
 
  18890 points have been accepted
 out of 102400 trials.
 
  ---- Orbital EigenValues ---- 
 Alpha   A1      -1.208660   -0.759746   -0.620698   -0.547116
virtual  A1 V    -0.219523   -0.146068   -0.108335   -0.106208   -0.077465
         A2 V    -0.043312   -0.075259   -0.060489   -0.059172   -0.054358
         A3 V    -0.051010   -0.005027   -0.023034   -0.010443   -0.005006
         A4 V    -0.005406   -0.011337   -0.023709
  ---- Residuals of Orbitals --- 
 Alpha          0.6513E-15  0.2618E-12  0.3791E-13  0.3358E-11
virtual         0.5089E-08  0.8119E-08  0.1015E-10  0.1746E-09  0.4716E-11
                0.4853E-10  0.1708E-09  0.1706E-10  0.3689E-13  0.8641E-13
                0.1257E-11  0.9593E-11  0.3181E-08  0.4739E-10  0.4399E-10
                0.5345E-10  0.7843E-11  0.1523E-09
 
   SCF   Iteration =           25
   Final Energy    =   -20.9378615676737     
 
 
  CHISQ    =   0.0009974944
 
  Poisson It,Dist =           94  9.989741822392004E-005
  HFEX  =   -1.99196408463979     
 
  Number of OEP Cycles    =  104
  Total OEP Energy (a.u.) =    -16.8806678
  Delta E          (a.u.) =     -0.0000146
  Norm of delta Veff =   7.682576605252879E-005
 
 Initializing start point of RANFQ
 
  18930 points have been accepted
 out of 102400 trials.
 
  ---- Orbital EigenValues ---- 
 Alpha   A1      -1.208583   -0.759689   -0.620640   -0.547055
virtual  A1 V    -0.219511   -0.146055   -0.108332   -0.106205   -0.077463
         A2 V    -0.043308   -0.075259   -0.060488   -0.059172   -0.054358
         A3 V    -0.051010   -0.005027   -0.023032   -0.010444   -0.005006
         A4 V    -0.005406   -0.011337   -0.023708
  ---- Residuals of Orbitals --- 
 Alpha          0.8157E-17  0.7302E-16  0.1523E-14  0.3440E-10
virtual         0.3828E-10  0.3284E-10  0.3427E-09  0.2758E-10  0.5413E-10
                0.2736E-10  0.1223E-08  0.7462E-08  0.3067E-13  0.1660E-11
                0.5088E-12  0.7343E-10  0.2235E-08  0.3391E-10  0.1008E-10
                0.5328E-10  0.1122E-09  0.2093E-08
 
   SCF   Iteration =           26
   Final Energy    =   -20.9359667018955     
 
 
  CHISQ    =   0.0010054806
 
  Poisson It,Dist =           89  9.891753695967588E-005
  HFEX  =   -1.99183115193703     
 
  Number of OEP Cycles    =  105
  Total OEP Energy (a.u.) =    -16.8806820
  Delta E          (a.u.) =     -0.0000142
  Norm of delta Veff =   7.628509590851842E-005
 
 Initializing start point of RANFQ
 
  19070 points have been accepted
 out of 102400 trials.
 
  ---- Orbital EigenValues ---- 
 Alpha   A1      -1.208506   -0.759632   -0.620583   -0.546995
virtual  A1 V    -0.219498   -0.146043   -0.108329   -0.106202   -0.077461
         A2 V    -0.043305   -0.075260   -0.060488   -0.059172   -0.054358
         A3 V    -0.051010   -0.005027   -0.023030   -0.010444   -0.005006
         A4 V    -0.005406   -0.011338   -0.023706
  ---- Residuals of Orbitals --- 
 Alpha          0.1139E-14  0.2654E-12  0.9772E-11  0.9347E-11
virtual         0.8241E-11  0.1527E-09  0.8343E-10  0.3896E-11  0.1299E-09
                0.1631E-09  0.7881E-08  0.2706E-10  0.4064E-13  0.9422E-13
                0.8161E-11  0.1136E-09  0.6064E-09  0.4612E-10  0.9922E-11
                0.4255E-10  0.3664E-10  0.3283E-08
 
   SCF   Iteration =           24
   Final Energy    =   -20.9339708652975     
 
 
  CHISQ    =   0.0010025316
 
  Poisson It,Dist =          100  1.015061363010928E-004
  HFEX  =   -1.99170536978027     
 
  Number of OEP Cycles    =  106
  Total OEP Energy (a.u.) =    -16.8807044
  Delta E          (a.u.) =     -0.0000225
  Norm of delta Veff =   7.576282127851304E-005
 
 Initializing start point of RANFQ
 
  18787 points have been accepted
 out of 102400 trials.
 
  ---- Orbital EigenValues ---- 
 Alpha   A1      -1.208430   -0.759575   -0.620526   -0.546935
virtual  A1 V    -0.219486   -0.146031   -0.108326   -0.106199   -0.077459
         A2 V    -0.043301   -0.075260   -0.060488   -0.059172   -0.054358
         A3 V    -0.051010   -0.005027   -0.023028   -0.010445   -0.005006
         A4 V    -0.005406   -0.011338   -0.023704
  ---- Residuals of Orbitals --- 
 Alpha          0.6512E-17  0.3715E-11  0.1574E-12  0.3745E-12
virtual         0.1289E-09  0.2316E-10  0.5788E-09  0.2945E-11  0.8699E-09
                0.9330E-08  0.3108E-10  0.1549E-10  0.3167E-12  0.1372E-12
                0.1138E-11  0.3089E-10  0.2469E-08  0.5496E-10  0.9681E-11
                0.3504E-09  0.1258E-10  0.1511E-09
 
   SCF   Iteration =           27
   Final Energy    =   -20.9320377452627     
 
 
  CHISQ    =   0.0009946039
 
  Poisson It,Dist =           96  9.838147017559004E-005
  HFEX  =   -1.99157643695489     
 
  Number of OEP Cycles    =  107
  Total OEP Energy (a.u.) =    -16.8807188
  Delta E          (a.u.) =     -0.0000144
  Norm of delta Veff =   7.525051489047683E-005
 
 Initializing start point of RANFQ
 
  19029 points have been accepted
 out of 102400 trials.
 
  ---- Orbital EigenValues ---- 
 Alpha   A1      -1.208354   -0.759519   -0.620469   -0.546875
virtual  A1 V    -0.219473   -0.146020   -0.108323   -0.106196   -0.077457
         A2 V    -0.043298   -0.075260   -0.060487   -0.059173   -0.054358
         A3 V    -0.051010   -0.005027   -0.023026   -0.010445   -0.005006
         A4 V    -0.005406   -0.011338   -0.023702
  ---- Residuals of Orbitals --- 
 Alpha          0.4786E-17  0.1600E-10  0.1197E-12  0.1462E-11
virtual         0.2807E-09  0.8929E-09  0.7503E-11  0.4011E-11  0.1133E-08
                0.2259E-09  0.1083E-10  0.6613E-11  0.1444E-12  0.1422E-11
                0.2743E-10  0.1582E-08  0.1667E-08  0.1520E-09  0.8903E-11
                0.1337E-09  0.6654E-10  0.7569E-09
 
   SCF   Iteration =           27
   Final Energy    =   -20.9300942372131     
 
 
  CHISQ    =   0.0010286144
 
  Poisson It,Dist =           96  9.511941627293632E-005
  HFEX  =   -1.99145774358961     
 
  Number of OEP Cycles    =  108
  Total OEP Energy (a.u.) =    -16.8807353
  Delta E          (a.u.) =     -0.0000165
  Norm of delta Veff =   7.476658193443976E-005
 
 Initializing start point of RANFQ
 
  18551 points have been accepted
 out of 102400 trials.
 
  ---- Orbital EigenValues ---- 
 Alpha   A1      -1.208279   -0.759463   -0.620413   -0.546816
virtual  A1 V    -0.219461   -0.146008   -0.108320   -0.106193   -0.077455
         A2 V    -0.043294   -0.075261   -0.060487   -0.059173   -0.054358
         A3 V    -0.051010   -0.005027   -0.023023   -0.010446   -0.005006
         A4 V    -0.005406   -0.011338   -0.023700
  ---- Residuals of Orbitals --- 
 Alpha          0.3414E-17  0.3201E-12  0.5003E-11  0.2455E-12
virtual         0.6725E-11  0.1174E-10  0.2627E-11  0.1089E-09  0.7980E-12
                0.1003E-09  0.2202E-10  0.4749E-11  0.7256E-13  0.2174E-09
                0.3362E-11  0.2238E-10  0.1939E-07  0.8680E-10  0.8391E-11
                0.3300E-09  0.1735E-10  0.1650E-08
 
   SCF   Iteration =           30
   Final Energy    =   -20.9282556236685     
 
 
  CHISQ    =   0.0010112268
 
  Poisson It,Dist =           91  9.999337624509186E-005
  HFEX  =   -1.99132638587227     
 
  Number of OEP Cycles    =  109
  Total OEP Energy (a.u.) =    -16.8807499
  Delta E          (a.u.) =     -0.0000146
  Norm of delta Veff =   7.421734746977802E-005
 
 Initializing start point of RANFQ
 
  18617 points have been accepted
 out of 102400 trials.
 
  ---- Orbital EigenValues ---- 
 Alpha   A1      -1.208205   -0.759407   -0.620357   -0.546758
virtual  A1 V    -0.219449   -0.145996   -0.108317   -0.106190   -0.077453
         A2 V    -0.043291   -0.075261   -0.060487   -0.059173   -0.054358
         A3 V    -0.051010   -0.005027   -0.023022   -0.010447   -0.005006
         A4 V    -0.005406   -0.011338   -0.023698
  ---- Residuals of Orbitals --- 
 Alpha          0.3272E-17  0.2873E-13  0.2350E-12  0.8482E-14
virtual         0.1883E-12  0.9197E-08  0.2640E-11  0.5309E-10  0.5770E-08
                0.8858E-10  0.7963E-12  0.7833E-11  0.4932E-12  0.1905E-11
                0.2730E-12  0.1069E-09  0.9693E-08  0.5788E-10  0.7833E-11
                0.1309E-09  0.3097E-09  0.6508E-09
 
   SCF   Iteration =           28
   Final Energy    =   -20.9262824289246     
 
 
  CHISQ    =   0.0010006975
 
  Poisson It,Dist =           99  9.899225072305482E-005
  HFEX  =   -1.99120231362718     
 
  Number of OEP Cycles    =  110
  Total OEP Energy (a.u.) =    -16.8807703
  Delta E          (a.u.) =     -0.0000203
  Norm of delta Veff =   7.371232593904377E-005
 
 Initializing start point of RANFQ
 
  18829 points have been accepted
 out of 102400 trials.
 
  ---- Orbital EigenValues ---- 
 Alpha   A1      -1.208131   -0.759352   -0.620302   -0.546700
virtual  A1 V    -0.219437   -0.145984   -0.108314   -0.106187   -0.077451
         A2 V    -0.043288   -0.075261   -0.060486   -0.059174   -0.054359
         A3 V    -0.051010   -0.005027   -0.023020   -0.010447   -0.005006
         A4 V    -0.005406   -0.011338   -0.023697
  ---- Residuals of Orbitals --- 
 Alpha          0.4255E-17  0.1929E-11  0.7939E-11  0.2741E-10
virtual         0.4648E-10  0.1642E-10  0.3586E-11  0.7543E-11  0.5763E-10
                0.6293E-09  0.3129E-10  0.2935E-11  0.1030E-10  0.1458E-11
                0.1324E-11  0.3465E-09  0.1335E-08  0.9842E-09  0.1467E-08
                0.2889E-10  0.2574E-09  0.1201E-08
 
   SCF   Iteration =           29
   Final Energy    =   -20.9243883169912     
 
 
  CHISQ    =   0.0010169316
 
  Poisson It,Dist =           90  9.701996837121569E-005
  HFEX  =   -1.99108637706666     
 
  Number of OEP Cycles    =  111
  Total OEP Energy (a.u.) =    -16.8807820
  Delta E          (a.u.) =     -0.0000117
  Norm of delta Veff =   7.324923480558535E-005
 
 Initializing start point of RANFQ
 
  18751 points have been accepted
 out of 102400 trials.
 
  ---- Orbital EigenValues ---- 
 Alpha   A1      -1.208057   -0.759297   -0.620247   -0.546642
virtual  A1 V    -0.219425   -0.145973   -0.108311   -0.106184   -0.077449
         A2 V    -0.043284   -0.075262   -0.060486   -0.059174   -0.054359
         A3 V    -0.051010   -0.005027   -0.023018   -0.010448   -0.005006
         A4 V    -0.005406   -0.011338   -0.023695
  ---- Residuals of Orbitals --- 
 Alpha          0.5024E-17  0.7322E-14  0.3056E-11  0.1761E-11
virtual         0.1470E-10  0.1052E-09  0.3908E-10  0.4626E-10  0.2334E-09
                0.3156E-11  0.3326E-10  0.3519E-11  0.6720E-11  0.3120E-12
                0.3615E-08  0.5976E-10  0.1005E-07  0.5809E-09  0.5105E-09
                0.2652E-10  0.2487E-09  0.3323E-09
 
   SCF   Iteration =           28
   Final Energy    =   -20.9225979727021     
 
 
  CHISQ    =   0.0010065786
 
  Poisson It,Dist =           86  9.663041018103309E-005
  HFEX  =   -1.99096126410929     
 
  Number of OEP Cycles    =  112
  Total OEP Energy (a.u.) =    -16.8807939
  Delta E          (a.u.) =     -0.0000120
  Norm of delta Veff =   7.274031236766395E-005
 
 Initializing start point of RANFQ
 
  18826 points have been accepted
 out of 102400 trials.
 
  ---- Orbital EigenValues ---- 
 Alpha   A1      -1.207984   -0.759243   -0.620193   -0.546585
virtual  A1 V    -0.219413   -0.145962   -0.108308   -0.106181   -0.077447
         A2 V    -0.043281   -0.075262   -0.060486   -0.059174   -0.054359
         A3 V    -0.051010   -0.005027   -0.023010   -0.010449   -0.005006
         A4 V    -0.005406   -0.011338   -0.023698
  ---- Residuals of Orbitals --- 
 Alpha          0.4615E-17  0.2131E-14  0.5914E-11  0.1815E-11
virtual         0.5450E-11  0.1747E-10  0.4731E-10  0.3098E-09  0.2848E-10
                0.1467E-11  0.7848E-12  0.1320E-10  0.5366E-13  0.2543E-11
                0.8440E-11  0.7310E-11  0.6957E-09  0.8289E-07  0.6625E-11
                0.1177E-08  0.7161E-10  0.6519E-07
 
   SCF   Iteration =           28
   Final Energy    =   -20.9207061044938     
 
 
  CHISQ    =   0.0010093927
 
  Poisson It,Dist =          100  9.589298867397404E-005
  HFEX  =   -1.99084687082092     
 
  Number of OEP Cycles    =  113
  Total OEP Energy (a.u.) =    -16.8808152
  Delta E          (a.u.) =     -0.0000213
  Norm of delta Veff =   7.227117900058322E-005
 
 Initializing start point of RANFQ
 
  18798 points have been accepted
 out of 102400 trials.
 
  ---- Orbital EigenValues ---- 
 Alpha   A1      -1.207911   -0.759189   -0.620139   -0.546528
virtual  A1 V    -0.219401   -0.145950   -0.108306   -0.106178   -0.077445
         A2 V    -0.043278   -0.075262   -0.060485   -0.059174   -0.054359
         A3 V    -0.051010   -0.005027   -0.023010   -0.010449   -0.005006
         A4 V    -0.005406   -0.011338   -0.023695
  ---- Residuals of Orbitals --- 
 Alpha          0.4797E-17  0.1882E-13  0.6454E-11  0.1547E-11
virtual         0.2794E-11  0.1284E-10  0.1226E-10  0.2346E-09  0.1900E-09
                0.5250E-09  0.4461E-11  0.2106E-10  0.5992E-13  0.2661E-12
                0.2764E-10  0.2389E-10  0.8645E-09  0.2297E-09  0.1505E-10
                0.3187E-09  0.8218E-10  0.4906E-08
 
   SCF   Iteration =           28
   Final Energy    =   -20.9189344604156     
 
 
  CHISQ    =   0.0010185011
 
  Poisson It,Dist =           88  9.831610353686707E-005
  HFEX  =   -1.99072325503437     
 
  Number of OEP Cycles    =  114
  Total OEP Energy (a.u.) =    -16.8808245
  Delta E          (a.u.) =     -0.0000092
  Norm of delta Veff =   7.177304099026526E-005
 
 Initializing start point of RANFQ
 
  18937 points have been accepted
 out of 102400 trials.
 
  ---- Orbital EigenValues ---- 
 Alpha   A1      -1.207839   -0.759135   -0.620085   -0.546472
virtual  A1 V    -0.219389   -0.145939   -0.108303   -0.106176   -0.077443
         A2 V    -0.043274   -0.075262   -0.060485   -0.059175   -0.054359
         A3 V    -0.051010   -0.005027   -0.023008   -0.010450   -0.005006
         A4 V    -0.005406   -0.011338   -0.023693
  ---- Residuals of Orbitals --- 
 Alpha          0.1051E-16  0.1306E-14  0.1891E-11  0.1219E-11
virtual         0.9298E-11  0.4999E-12  0.2929E-11  0.9395E-12  0.7118E-11
                0.8071E-11  0.2245E-09  0.6446E-10  0.1638E-12  0.2285E-12
                0.1376E-09  0.1892E-09  0.4477E-09  0.7475E-10  0.6393E-11
                0.1149E-10  0.3193E-09  0.2127E-09
 
   SCF   Iteration =           21
   Final Energy    =   -20.9170663724068     
 
 
  CHISQ    =   0.0009985570
 
  Poisson It,Dist =           79  9.773947800888266E-005
  HFEX  =   -1.99061101643983     
 
  Number of OEP Cycles    =  115
  Total OEP Energy (a.u.) =    -16.8808344
  Delta E          (a.u.) =     -0.0000100
  Norm of delta Veff =   7.133137178181945E-005
 
 Initializing start point of RANFQ
 
  18885 points have been accepted
 out of 102400 trials.
 
  ---- Orbital EigenValues ---- 
 Alpha   A1      -1.207767   -0.759082   -0.620032   -0.546416
virtual  A1 V    -0.219377   -0.145928   -0.108300   -0.106173   -0.077441
         A2 V    -0.043271   -0.075263   -0.060485   -0.059175   -0.054359
         A3 V    -0.051010   -0.005027   -0.023006   -0.010450   -0.005006
         A4 V    -0.005406   -0.011338   -0.023692
  ---- Residuals of Orbitals --- 
 Alpha          0.1167E-16  0.4488E-13  0.1430E-11  0.1060E-13
virtual         0.1751E-10  0.3499E-09  0.6094E-12  0.5516E-11  0.3892E-10
                0.5369E-11  0.4180E-10  0.2112E-09  0.2113E-11  0.1320E-12
                0.7444E-11  0.3707E-10  0.1088E-08  0.6843E-09  0.6761E-11
                0.1196E-10  0.3744E-09  0.3818E-09
 
   SCF   Iteration =           24
   Final Energy    =   -20.9153302825384     
 
 
  CHISQ    =   0.0009952792
 
  Poisson It,Dist =           98  9.927026292717388E-005
  HFEX  =   -1.99048246668977     
 
  Number of OEP Cycles    =  116
  Total OEP Energy (a.u.) =    -16.8808562
  Delta E          (a.u.) =     -0.0000218
  Norm of delta Veff =   7.081074750428421E-005
 
 Initializing start point of RANFQ
 
  18705 points have been accepted
 out of 102400 trials.
 
  ---- Orbital EigenValues ---- 
 Alpha   A1      -1.207696   -0.759029   -0.619979   -0.546361
virtual  A1 V    -0.219366   -0.145916   -0.108297   -0.106170   -0.077439
         A2 V    -0.043268   -0.075263   -0.060485   -0.059175   -0.054359
         A3 V    -0.051010   -0.005027   -0.023004   -0.010451   -0.005006
         A4 V    -0.005406   -0.011338   -0.023690
  ---- Residuals of Orbitals --- 
 Alpha          0.2413E-16  0.1152E-14  0.5569E-12  0.8140E-13
virtual         0.5362E-09  0.1382E-09  0.7535E-12  0.1189E-11  0.4524E-10
                0.2248E-09  0.8067E-10  0.1238E-08  0.2714E-11  0.1822E-12
                0.2783E-10  0.7283E-10  0.8575E-09  0.3248E-10  0.3660E-10
                0.1400E-10  0.2433E-10  0.1278E-09
 
   SCF   Iteration =           24
   Final Energy    =   -20.9134077540103     
 
 
  CHISQ    =   0.0010159688
 
  Poisson It,Dist =           95  9.983817648475054E-005
  HFEX  =   -1.99037395166185     
 
  Number of OEP Cycles    =  117
  Total OEP Energy (a.u.) =    -16.8808714
  Delta E          (a.u.) =     -0.0000152
  Norm of delta Veff =   7.037252294739505E-005
 
 Initializing start point of RANFQ
 
  18885 points have been accepted
 out of 102400 trials.
 
  ---- Orbital EigenValues ---- 
 Alpha   A1      -1.207626   -0.758976   -0.619926   -0.546306
virtual  A1 V    -0.219354   -0.145905   -0.108294   -0.106167   -0.077437
         A2 V    -0.043265   -0.075263   -0.060484   -0.059175   -0.054360
         A3 V    -0.051010   -0.005027   -0.023002   -0.010451   -0.005006
         A4 V    -0.005406   -0.011338   -0.023688
  ---- Residuals of Orbitals --- 
 Alpha          0.2240E-14  0.4143E-11  0.2986E-15  0.6370E-12
virtual         0.1436E-10  0.8796E-11  0.4039E-11  0.7344E-11  0.2345E-11
                0.1536E-09  0.1484E-09  0.1020E-09  0.1519E-12  0.1129E-12
                0.4775E-11  0.5592E-11  0.1712E-08  0.5919E-10  0.1095E-10
                0.1015E-10  0.1222E-09  0.2740E-08
 
   SCF   Iteration =           27
   Final Energy    =   -20.9117153504938     
 
 
  CHISQ    =   0.0010213213
 
  Poisson It,Dist =           89  9.968013170034965E-005
  HFEX  =   -1.99026406144584     
 
  Number of OEP Cycles    =  118
  Total OEP Energy (a.u.) =    -16.8808825
  Delta E          (a.u.) =     -0.0000111
  Norm of delta Veff =   6.992758626511397E-005
 
 Initializing start point of RANFQ
 
  18798 points have been accepted
 out of 102400 trials.
 
  ---- Orbital EigenValues ---- 
 Alpha   A1      -1.207555   -0.758924   -0.619874   -0.546251
virtual  A1 V    -0.219343   -0.145894   -0.108292   -0.106164   -0.077435
         A2 V    -0.043261   -0.075264   -0.060484   -0.059176   -0.054360
         A3 V    -0.051010   -0.005027   -0.023000   -0.010451   -0.005006
         A4 V    -0.005406   -0.011338   -0.023686
  ---- Residuals of Orbitals --- 
 Alpha          0.9775E-16  0.4092E-10  0.6304E-15  0.1017E-13
virtual         0.4156E-09  0.9606E-11  0.3047E-09  0.2107E-11  0.5532E-11
                0.1150E-10  0.1426E-10  0.4639E-10  0.1379E-12  0.8779E-14
                0.8261E-12  0.3682E-10  0.3737E-09  0.1279E-09  0.6490E-10
                0.1653E-10  0.5221E-11  0.1575E-08
 
   SCF   Iteration =           30
   Final Energy    =   -20.9100105455141     
 
 
  CHISQ    =   0.0010221584
 
  Poisson It,Dist =          100  1.021676435445372E-004
  HFEX  =   -1.99014092239008     
 
  Number of OEP Cycles    =  119
  Total OEP Energy (a.u.) =    -16.8809010
  Delta E          (a.u.) =     -0.0000185
  Norm of delta Veff =   6.943565509344103E-005
 
 Initializing start point of RANFQ
 
  18813 points have been accepted
 out of 102400 trials.
 
  ---- Orbital EigenValues ---- 
 Alpha   A1      -1.207486   -0.758872   -0.619822   -0.546197
virtual  A1 V    -0.219331   -0.145884   -0.108289   -0.106161   -0.077433
         A2 V    -0.043258   -0.075264   -0.060484   -0.059176   -0.054360
         A3 V    -0.051010   -0.005027   -0.022999   -0.010452   -0.005006
         A4 V    -0.005406   -0.011338   -0.023684
  ---- Residuals of Orbitals --- 
 Alpha          0.2362E-15  0.3543E-11  0.3460E-15  0.3938E-12
virtual         0.2261E-11  0.2011E-11  0.1920E-11  0.3265E-09  0.6313E-10
                0.3716E-08  0.4254E-10  0.2545E-11  0.6129E-13  0.1185E-12
                0.1748E-11  0.8009E-11  0.6314E-09  0.2600E-08  0.7755E-10
                0.1435E-10  0.3359E-09  0.4214E-09
 
   SCF   Iteration =           32
   Final Energy    =   -20.9081622781996     
 
 
  CHISQ    =   0.0010359872
 
  Poisson It,Dist =           76  9.970091501335672E-005
  HFEX  =   -1.99001871451694     
 
  Number of OEP Cycles    =  120
  Total OEP Energy (a.u.) =    -16.8809036
  Delta E          (a.u.) =     -0.0000026
  Norm of delta Veff =   6.893375177752131E-005
 
 Initializing start point of RANFQ
 
  18983 points have been accepted
 out of 102400 trials.
 
  ---- Orbital EigenValues ---- 
 Alpha   A1      -1.207416   -0.758821   -0.619771   -0.546143
virtual  A1 V    -0.219320   -0.145873   -0.108286   -0.106159   -0.077431
         A2 V    -0.043255   -0.075264   -0.060483   -0.059176   -0.054360
         A3 V    -0.051010   -0.005027   -0.022996   -0.010453   -0.005006
         A4 V    -0.005406   -0.011338   -0.023683
  ---- Residuals of Orbitals --- 
 Alpha          0.3281E-14  0.1623E-11  0.2906E-13  0.6901E-14
virtual         0.9330E-10  0.2031E-11  0.5447E-12  0.1397E-11  0.2121E-11
                0.5452E-10  0.1434E-10  0.2366E-09  0.7841E-12  0.2058E-13
                0.3477E-12  0.2619E-10  0.3253E-09  0.1132E-09  0.9586E-10
                0.9881E-11  0.1129E-08  0.9068E-10
 
   SCF   Iteration =           26
   Final Energy    =   -20.9063387503843     
 
 
  CHISQ    =   0.0009997085
 
  Poisson It,Dist =          100  9.626258226152069E-005
  HFEX  =   -1.98991125114239     
 
  Number of OEP Cycles    =  121
  Total OEP Energy (a.u.) =    -16.8809259
  Delta E          (a.u.) =     -0.0000223
  Norm of delta Veff =   6.849532941940746E-005
 
 Initializing start point of RANFQ
 
  19031 points have been accepted
 out of 102400 trials.
 
  ---- Orbital EigenValues ---- 
 Alpha   A1      -1.207348   -0.758769   -0.619720   -0.546089
virtual  A1 V    -0.219308   -0.145862   -0.108284   -0.106156   -0.077429
         A2 V    -0.043252   -0.075264   -0.060483   -0.059176   -0.054360
         A3 V    -0.051010   -0.005027   -0.022995   -0.010453   -0.005006
         A4 V    -0.005406   -0.011338   -0.023681
  ---- Residuals of Orbitals --- 
 Alpha          0.2073E-15  0.8203E-11  0.1482E-11  0.9075E-14
virtual         0.6661E-10  0.1294E-11  0.1769E-09  0.1571E-10  0.1046E-10
                0.5141E-10  0.1001E-11  0.1052E-09  0.1715E-11  0.5752E-13
                0.7920E-12  0.4550E-09  0.3164E-09  0.1318E-08  0.8119E-11
                0.5849E-11  0.1214E-09  0.5538E-09
 
   SCF   Iteration =           29
   Final Energy    =   -20.9046595176091     
 
 
  CHISQ    =   0.0010287086
 
  Poisson It,Dist =           88  9.768100855362103E-005
  HFEX  =   -1.98980084565389     
 
  Number of OEP Cycles    =  122
  Total OEP Energy (a.u.) =    -16.8809340
  Delta E          (a.u.) =     -0.0000081
  Norm of delta Veff =   6.804521426068152E-005
 
 Initializing start point of RANFQ
 
  18813 points have been accepted
 out of 102400 trials.
 
  ---- Orbital EigenValues ---- 
 Alpha   A1      -1.207279   -0.758719   -0.619670   -0.546036
virtual  A1 V    -0.219297   -0.145851   -0.108281   -0.106153   -0.077428
         A2 V    -0.043249   -0.075265   -0.060483   -0.059177   -0.054360
         A3 V    -0.051010   -0.005027   -0.022993   -0.010454   -0.005006
         A4 V    -0.005406   -0.011338   -0.023680
  ---- Residuals of Orbitals --- 
 Alpha          0.1214E-13  0.1192E-10  0.5130E-14  0.8570E-13
virtual         0.2978E-09  0.8703E-12  0.1401E-10  0.4835E-11  0.3118E-12
                0.1497E-09  0.7122E-11  0.2296E-11  0.8793E-12  0.5257E-13
                0.8168E-10  0.2076E-10  0.6652E-09  0.3530E-10  0.8304E-11
                0.8167E-11  0.7780E-11  0.1309E-09
 
   SCF   Iteration =           29
   Final Energy    =   -20.9029662976936     
 
 
  CHISQ    =   0.0010111684
 
  Poisson It,Dist =           88  9.899194921763303E-005
  HFEX  =   -1.98969282613863     
 
  Number of OEP Cycles    =  123
  Total OEP Energy (a.u.) =    -16.8809481
  Delta E          (a.u.) =     -0.0000141
  Norm of delta Veff =   6.761225907383154E-005
 
 Initializing start point of RANFQ
 
  18812 points have been accepted
 out of 102400 trials.
 
  ---- Orbital EigenValues ---- 
 Alpha   A1      -1.207212   -0.758668   -0.619619   -0.545984
virtual  A1 V    -0.219286   -0.145841   -0.108278   -0.106151   -0.077426
         A2 V    -0.043246   -0.075265   -0.060482   -0.059177   -0.054360
         A3 V    -0.051010   -0.005027   -0.022991   -0.010454   -0.005006
         A4 V    -0.005406   -0.011339   -0.023678
  ---- Residuals of Orbitals --- 
 Alpha          0.3032E-15  0.2089E-11  0.5482E-12  0.6029E-11
virtual         0.2038E-12  0.6620E-12  0.5489E-11  0.4598E-10  0.6268E-12
                0.2154E-10  0.7713E-11  0.1910E-09  0.1127E-12  0.2732E-12
                0.6062E-10  0.8165E-11  0.3141E-09  0.6102E-07  0.6911E-11
                0.5529E-11  0.1234E-10  0.5421E-09
 
   SCF   Iteration =           26
   Final Energy    =   -20.9012999436139     
 
 
  CHISQ    =   0.0010373869
 
  Poisson It,Dist =           96  9.910005223921301E-005
  HFEX  =   -1.98958352749970     
 
  Number of OEP Cycles    =  124
  Total OEP Energy (a.u.) =    -16.8809620
  Delta E          (a.u.) =     -0.0000139
  Norm of delta Veff =   6.716650633887117E-005
 
 Initializing start point of RANFQ
 
  18922 points have been accepted
 out of 102400 trials.
 
  ---- Orbital EigenValues ---- 
 Alpha   A1      -1.207144   -0.758618   -0.619570   -0.545931
virtual  A1 V    -0.219275   -0.145830   -0.108275   -0.106148   -0.077424
         A2 V    -0.043243   -0.075265   -0.060482   -0.059177   -0.054360
         A3 V    -0.051010   -0.005027   -0.022989   -0.010455   -0.005006
         A4 V    -0.005406   -0.011339   -0.023677
  ---- Residuals of Orbitals --- 
 Alpha          0.2179E-14  0.7450E-11  0.2897E-11  0.8187E-14
virtual         0.7020E-11  0.5988E-12  0.3554E-09  0.1642E-11  0.1218E-11
                0.2416E-10  0.9887E-11  0.5511E-11  0.8467E-13  0.3174E-13
                0.3375E-12  0.1247E-10  0.5056E-09  0.5892E-10  0.8616E-11
                0.1057E-10  0.6718E-09  0.2596E-09
 
   SCF   Iteration =           32
   Final Energy    =   -20.8996175414040     
 
 
  CHISQ    =   0.0010066052
 
  Poisson It,Dist =           90  9.995925516993253E-005
  HFEX  =   -1.98945655818448     
 
  Number of OEP Cycles    =  125
  Total OEP Energy (a.u.) =    -16.8809727
  Delta E          (a.u.) =     -0.0000107
  Norm of delta Veff =   6.666370220477472E-005
 
 Initializing start point of RANFQ
 
  18896 points have been accepted
 out of 102400 trials.
 
  ---- Orbital EigenValues ---- 
 Alpha   A1      -1.207077   -0.758568   -0.619520   -0.545880
virtual  A1 V    -0.219264   -0.145820   -0.108273   -0.106145   -0.077422
         A2 V    -0.043240   -0.075266   -0.060482   -0.059177   -0.054361
         A3 V    -0.051010   -0.005027   -0.022987   -0.010455   -0.005006
         A4 V    -0.005406   -0.011339   -0.023675
  ---- Residuals of Orbitals --- 
 Alpha          0.1014E-13  0.3282E-13  0.1135E-12  0.2568E-13
virtual         0.6207E-11  0.7253E-12  0.3596E-09  0.3402E-10  0.1466E-11
                0.5591E-11  0.4295E-10  0.1266E-09  0.2245E-12  0.8494E-13
                0.3576E-10  0.5585E-08  0.3797E-08  0.9681E-11  0.1762E-10
                0.4856E-11  0.4550E-11  0.3542E-09
 
   SCF   Iteration =           25
   Final Energy    =   -20.8977592623780     
 
 
  CHISQ    =   0.0009960102
 
  Poisson It,Dist =           84  9.887507345410878E-005
  HFEX  =   -1.98935851010898     
 
  Number of OEP Cycles    =  126
  Total OEP Energy (a.u.) =    -16.8809829
  Delta E          (a.u.) =     -0.0000102
  Norm of delta Veff =   6.625516635989776E-005
 
 Initializing start point of RANFQ
 
  18927 points have been accepted
 out of 102400 trials.
 
  ---- Orbital EigenValues ---- 
 Alpha   A1      -1.207011   -0.758519   -0.619471   -0.545828
virtual  A1 V    -0.219253   -0.145809   -0.108270   -0.106143   -0.077420
         A2 V    -0.043237   -0.075266   -0.060482   -0.059178   -0.054361
         A3 V    -0.051010   -0.005027   -0.022985   -0.010456   -0.005006
         A4 V    -0.005406   -0.011339   -0.023673
  ---- Residuals of Orbitals --- 
 Alpha          0.1563E-13  0.1171E-10  0.1203E-10  0.8870E-14
virtual         0.5055E-12  0.9488E-12  0.2829E-08  0.1536E-10  0.7959E-12
                0.1592E-10  0.5193E-11  0.2817E-11  0.4145E-11  0.3202E-12
                0.3135E-11  0.5572E-11  0.4347E-09  0.6528E-10  0.2596E-09
                0.1686E-10  0.9395E-10  0.9344E-10
 
   SCF   Iteration =           29
   Final Energy    =   -20.8962083360750     
 
 
  CHISQ    =   0.0010188585
 
  Poisson It,Dist =           97  9.983039914450606E-005
  HFEX  =   -1.98924547628376     
 
  Number of OEP Cycles    =  127
  Total OEP Energy (a.u.) =    -16.8809994
  Delta E          (a.u.) =     -0.0000165
  Norm of delta Veff =   6.579995197912763E-005
 
 Initializing start point of RANFQ
 
  18884 points have been accepted
 out of 102400 trials.
 
  ---- Orbital EigenValues ---- 
 Alpha   A1      -1.206945   -0.758470   -0.619422   -0.545777
virtual  A1 V    -0.219242   -0.145799   -0.108268   -0.106140   -0.077418
         A2 V    -0.043234   -0.075266   -0.060481   -0.059178   -0.054361
         A3 V    -0.051010   -0.005027   -0.022984   -0.010457   -0.005006
         A4 V    -0.005406   -0.011339   -0.023672
  ---- Residuals of Orbitals --- 
 Alpha          0.5236E-14  0.1264E-12  0.5811E-11  0.1171E-12
virtual         0.3632E-10  0.8760E-12  0.1052E-10  0.6093E-10  0.6235E-12
                0.3868E-11  0.7387E-10  0.1621E-10  0.6984E-13  0.1155E-11
                0.1894E-11  0.3833E-10  0.5570E-09  0.1284E-09  0.6914E-11
                0.6152E-11  0.1794E-09  0.1596E-09
 
   SCF   Iteration =           28
   Final Energy    =   -20.8944944103030     
 
 
  CHISQ    =   0.0010338950
 
  Poisson It,Dist =           98  9.395798091821744E-005
  HFEX  =   -1.98913804937969     
 
  Number of OEP Cycles    =  128
  Total OEP Energy (a.u.) =    -16.8810120
  Delta E          (a.u.) =     -0.0000126
  Norm of delta Veff =   6.535760223034035E-005
 
 Initializing start point of RANFQ
 
  18923 points have been accepted
 out of 102400 trials.
 
  ---- Orbital EigenValues ---- 
 Alpha   A1      -1.206879   -0.758421   -0.619374   -0.545726
virtual  A1 V    -0.219232   -0.145789   -0.108265   -0.106137   -0.077417
         A2 V    -0.043231   -0.075266   -0.060481   -0.059178   -0.054361
         A3 V    -0.051010   -0.005027   -0.022982   -0.010457   -0.005006
         A4 V    -0.005405   -0.011339   -0.023670
  ---- Residuals of Orbitals --- 
 Alpha          0.7740E-14  0.1016E-13  0.2502E-15  0.1674E-12
virtual         0.7447E-11  0.8402E-12  0.3414E-09  0.1585E-11  0.1830E-10
                0.4314E-09  0.4582E-09  0.5804E-09  0.6143E-13  0.4561E-12
                0.2979E-11  0.3029E-10  0.1787E-07  0.2040E-10  0.1010E-10
                0.5467E-09  0.3831E-11  0.1479E-09
 
   SCF   Iteration =           32
   Final Energy    =   -20.8928512860189     
 
 
  CHISQ    =   0.0010241385
 
  Poisson It,Dist =           76  9.896053744364176E-005
  HFEX  =   -1.98902583005018     
 
  Number of OEP Cycles    =  129
  Total OEP Energy (a.u.) =    -16.8810140
  Delta E          (a.u.) =     -0.0000020
  Norm of delta Veff =   6.491442961758457E-005
 
 Initializing start point of RANFQ
 
  19080 points have been accepted
 out of 102400 trials.
 
  ---- Orbital EigenValues ---- 
 Alpha   A1      -1.206814   -0.758372   -0.619326   -0.545676
virtual  A1 V    -0.219221   -0.145779   -0.108263   -0.106135   -0.077415
         A2 V    -0.043228   -0.075267   -0.060481   -0.059178   -0.054361
         A3 V    -0.051010   -0.005027   -0.022980   -0.010458   -0.005006
         A4 V    -0.005405   -0.011339   -0.023669
  ---- Residuals of Orbitals --- 
 Alpha          0.3193E-15  0.6362E-12  0.2957E-12  0.1818E-10
virtual         0.7429E-10  0.1116E-11  0.5895E-11  0.1012E-11  0.3465E-11
                0.3354E-08  0.4187E-11  0.2135E-09  0.6156E-13  0.5523E-11
                0.2165E-10  0.6002E-11  0.2919E-07  0.2270E-09  0.9396E-11
                0.6409E-09  0.3167E-11  0.1021E-08
 
   SCF   Iteration =           25
   Final Energy    =   -20.8911652726819     
 
 
  CHISQ    =   0.0010361289
 
  Poisson It,Dist =           83  9.705431683849306E-005
  HFEX  =   -1.98893050063780     
 
  Number of OEP Cycles    =  130
  Total OEP Energy (a.u.) =    -16.8810277
  Delta E          (a.u.) =     -0.0000138
  Norm of delta Veff =   6.453383158673051E-005
 
 Initializing start point of RANFQ
 
  18913 points have been accepted
 out of 102400 trials.
 
  ---- Orbital EigenValues ---- 
 Alpha   A1      -1.206750   -0.758324   -0.619278   -0.545626
virtual  A1 V    -0.219210   -0.145769   -0.108260   -0.106132   -0.077413
         A2 V    -0.043225   -0.075267   -0.060480   -0.059178   -0.054361
         A3 V    -0.051010   -0.005027   -0.022978   -0.010458   -0.005006
         A4 V    -0.005405   -0.011339   -0.023667
  ---- Residuals of Orbitals --- 
 Alpha          0.4354E-14  0.1928E-11  0.4372E-11  0.2002E-11
virtual         0.4070E-07  0.1078E-11  0.2243E-10  0.1983E-10  0.2642E-08
                0.4350E-10  0.1452E-10  0.1989E-10  0.5881E-13  0.5594E-12
                0.7287E-10  0.3899E-10  0.4692E-09  0.1292E-10  0.1056E-08
                0.1981E-08  0.1454E-10  0.1991E-09
 
   SCF   Iteration =           28
   Final Energy    =   -20.8896606873217     
 
 
  CHISQ    =   0.0010417185
 
  Poisson It,Dist =           93  9.964066406033338E-005
  HFEX  =   -1.98882200913889     
 
  Number of OEP Cycles    =  131
  Total OEP Energy (a.u.) =    -16.8810415
  Delta E          (a.u.) =     -0.0000137
  Norm of delta Veff =   6.406773581489591E-005
 
 Initializing start point of RANFQ
 
  18792 points have been accepted
 out of 102400 trials.
 
  ---- Orbital EigenValues ---- 
 Alpha   A1      -1.206686   -0.758276   -0.619231   -0.545577
virtual  A1 V    -0.219200   -0.145758   -0.108258   -0.106130   -0.077411
         A2 V    -0.043222   -0.075267   -0.060480   -0.059179   -0.054361
         A3 V    -0.051010   -0.005027   -0.022976   -0.010459   -0.005006
         A4 V    -0.005405   -0.011339   -0.023666
  ---- Residuals of Orbitals --- 
 Alpha          0.2419E-12  0.1375E-11  0.3099E-12  0.5063E-12
virtual         0.2275E-10  0.3920E-11  0.2760E-09  0.4365E-12  0.4328E-07
                0.8973E-11  0.3843E-10  0.3887E-10  0.4773E-13  0.1353E-12
                0.1344E-09  0.5787E-11  0.2209E-09  0.3098E-10  0.1204E-10
                0.3761E-08  0.2094E-08  0.5616E-09
 
   SCF   Iteration =           34
   Final Energy    =   -20.8880077163591     
 
 
  CHISQ    =   0.0009917590
 
  Poisson It,Dist =           99  9.860875704283465E-005
  HFEX  =   -1.98871164359531     
 
  Number of OEP Cycles    =  132
  Total OEP Energy (a.u.) =    -16.8810568
  Delta E          (a.u.) =     -0.0000153
  Norm of delta Veff =   6.363534146493747E-005
 
 Initializing start point of RANFQ
 
  18803 points have been accepted
 out of 102400 trials.
 
  ---- Orbital EigenValues ---- 
 Alpha   A1      -1.206622   -0.758229   -0.619184   -0.545527
virtual  A1 V    -0.219189   -0.145749   -0.108255   -0.106127   -0.077410
         A2 V    -0.043219   -0.075268   -0.060480   -0.059179   -0.054361
         A3 V    -0.051010   -0.005027   -0.022975   -0.010459   -0.005006
         A4 V    -0.005405   -0.011339   -0.023664
  ---- Residuals of Orbitals --- 
 Alpha          0.2904E-13  0.1922E-14  0.1540E-10  0.9487E-13
virtual         0.2536E-09  0.1357E-11  0.5408E-10  0.5998E-12  0.7064E-10
                0.3198E-10  0.1834E-11  0.1807E-09  0.5730E-13  0.7183E-12
                0.2482E-10  0.5747E-11  0.5445E-09  0.8009E-11  0.3383E-10
                0.5084E-09  0.1509E-10  0.1042E-08
 
   SCF   Iteration =           18
   Final Energy    =   -20.8863398644381     
 
 
  CHISQ    =   0.0010334705
 
  Poisson It,Dist =           63  9.856358725482815E-005
  HFEX  =   -1.98862154426724     
 
  Number of OEP Cycles    =  133
  Total OEP Energy (a.u.) =    -16.8810519
  Delta E          (a.u.) =      0.0000049
  Norm of delta Veff =   6.327328061068606E-005
 
 Initializing start point of RANFQ
 
  18822 points have been accepted
 out of 102400 trials.
 
  ---- Orbital EigenValues ---- 
 Alpha   A1      -1.206558   -0.758182   -0.619138   -0.545478
virtual  A1 V    -0.219179   -0.145739   -0.108253   -0.106125   -0.077408
         A2 V    -0.043216   -0.075268   -0.060480   -0.059179   -0.054362
         A3 V    -0.051010   -0.005027   -0.022973   -0.010460   -0.005006
         A4 V    -0.005405   -0.011339   -0.023662
  ---- Residuals of Orbitals --- 
 Alpha          0.4098E-12  0.4809E-16  0.8786E-12  0.6521E-13
virtual         0.6149E-11  0.9716E-10  0.7811E-09  0.2997E-10  0.7852E-12
                0.4105E-11  0.8555E-12  0.2470E-10  0.8457E-13  0.1461E-12
                0.3635E-10  0.6799E-11  0.2905E-09  0.6168E-11  0.3860E-09
                0.6201E-08  0.1291E-10  0.1030E-09
 
   SCF   Iteration =           27
   Final Energy    =   -20.8849137665373     
 
 
  CHISQ    =   0.0010247415
 
  Poisson It,Dist =           82  9.895749343678787E-005
  HFEX  =   -1.98850797265351     
 
  Number of OEP Cycles    =  134
  Total OEP Energy (a.u.) =    -16.8810658
  Delta E          (a.u.) =     -0.0000139
  Norm of delta Veff =   6.279966909246917E-005
 
 Initializing start point of RANFQ
 
  18750 points have been accepted
 out of 102400 trials.
 
  ---- Orbital EigenValues ---- 
 Alpha   A1      -1.206496   -0.758135   -0.619092   -0.545430
virtual  A1 V    -0.219169   -0.145729   -0.108250   -0.106122   -0.077406
         A2 V    -0.043213   -0.075268   -0.060479   -0.059179   -0.054362
         A3 V    -0.051010   -0.005027   -0.022972   -0.010460   -0.005006
         A4 V    -0.005406   -0.011339   -0.023661
  ---- Residuals of Orbitals --- 
 Alpha          0.4914E-15  0.3343E-16  0.6682E-11  0.3338E-13
virtual         0.1038E-09  0.8249E-12  0.6342E-11  0.2384E-11  0.8958E-12
                0.1935E-11  0.7917E-12  0.2213E-10  0.9556E-13  0.1560E-11
                0.1915E-10  0.1562E-10  0.2927E-09  0.1098E-09  0.1082E-10
                0.1638E-08  0.4637E-10  0.1083E-08
 
   SCF   Iteration =           30
   Final Energy    =   -20.8832230944963     
 
 
  CHISQ    =   0.0010395376
 
  Poisson It,Dist =           93  9.984778272282509E-005
  HFEX  =   -1.98839661193769     
 
  Number of OEP Cycles    =  135
  Total OEP Energy (a.u.) =    -16.8810827
  Delta E          (a.u.) =     -0.0000169
  Norm of delta Veff =   6.235428253924372E-005
 
 Initializing start point of RANFQ
 
  18768 points have been accepted
 out of 102400 trials.
 
  ---- Orbital EigenValues ---- 
 Alpha   A1      -1.206433   -0.758088   -0.619046   -0.545382
virtual  A1 V    -0.219158   -0.145719   -0.108248   -0.106120   -0.077404
         A2 V    -0.043210   -0.075268   -0.060479   -0.059180   -0.054362
         A3 V    -0.051010   -0.005027   -0.022970   -0.010461   -0.005006
         A4 V    -0.005406   -0.011339   -0.023659
  ---- Residuals of Orbitals --- 
 Alpha          0.2884E-14  0.1110E-15  0.2647E-10  0.1634E-12
virtual         0.2369E-10  0.1207E-11  0.1020E-09  0.3013E-11  0.1803E-11
                0.8768E-11  0.7433E-12  0.1310E-08  0.1566E-11  0.4818E-12
                0.1925E-09  0.5659E-11  0.2644E-09  0.3290E-09  0.7953E-11
                0.3715E-09  0.2691E-11  0.8558E-10
 
   SCF   Iteration =           24
   Final Energy    =   -20.8815529311255     
 
 
  CHISQ    =   0.0010092358
 
  Poisson It,Dist =           88  9.947977224851787E-005
  HFEX  =   -1.98830408701668     
 
  Number of OEP Cycles    =  136
  Total OEP Energy (a.u.) =    -16.8810934
  Delta E          (a.u.) =     -0.0000106
  Norm of delta Veff =   6.197799144408188E-005
 
 Initializing start point of RANFQ
 
  18883 points have been accepted
 out of 102400 trials.
 
  ---- Orbital EigenValues ---- 
 Alpha   A1      -1.206371   -0.758042   -0.619000   -0.545334
virtual  A1 V    -0.219148   -0.145709   -0.108245   -0.106117   -0.077403
         A2 V    -0.043207   -0.075269   -0.060479   -0.059180   -0.054362
         A3 V    -0.051010   -0.005027   -0.022968   -0.010461   -0.005006
         A4 V    -0.005406   -0.011339   -0.023658
  ---- Residuals of Orbitals --- 
 Alpha          0.1779E-14  0.1058E-11  0.1449E-11  0.1311E-13
virtual         0.5654E-10  0.3287E-12  0.7039E-08  0.4164E-11  0.9225E-08
                0.1598E-10  0.4989E-11  0.3211E-10  0.1749E-11  0.2108E-12
                0.3560E-08  0.6433E-11  0.1298E-08  0.5507E-10  0.1414E-09
                0.2777E-09  0.3321E-11  0.3608E-09
 
   SCF   Iteration =           28
   Final Energy    =   -20.8800952914752     
 
 
  CHISQ    =   0.0010227174
 
  Poisson It,Dist =           89  9.476019262690672E-005
  HFEX  =   -1.98820559934356     
 
  Number of OEP Cycles    =  137
  Total OEP Energy (a.u.) =    -16.8811024
  Delta E          (a.u.) =     -0.0000090
  Norm of delta Veff =   6.156608518500465E-005
 
 Initializing start point of RANFQ
 
  18771 points have been accepted
 out of 102400 trials.
 
  ---- Orbital EigenValues ---- 
 Alpha   A1      -1.206309   -0.757996   -0.618955   -0.545287
virtual  A1 V    -0.219138   -0.145700   -0.108243   -0.106115   -0.077401
         A2 V    -0.043205   -0.075269   -0.060478   -0.059180   -0.054362
         A3 V    -0.051010   -0.005027   -0.022966   -0.010462   -0.005006
         A4 V    -0.005406   -0.011339   -0.023656
  ---- Residuals of Orbitals --- 
 Alpha          0.5168E-14  0.1110E-10  0.2763E-11  0.1626E-12
virtual         0.4945E-10  0.2470E-11  0.9565E-08  0.2820E-11  0.4930E-10
                0.3560E-11  0.6616E-12  0.6911E-12  0.6402E-11  0.1885E-12
                0.3418E-09  0.8097E-11  0.8893E-09  0.2737E-10  0.8535E-11
                0.1017E-08  0.1172E-10  0.9136E-09
 
   SCF   Iteration =           30
   Final Energy    =   -20.8785752323633     
 
 
  CHISQ    =   0.0010000414
 
  Poisson It,Dist =           87  9.839074489661391E-005
  HFEX  =   -1.98809942030714     
 
  Number of OEP Cycles    =  138
  Total OEP Energy (a.u.) =    -16.8811110
  Delta E          (a.u.) =     -0.0000087
  Norm of delta Veff =   6.115215284107182E-005
 
 Initializing start point of RANFQ
 
  18701 points have been accepted
 out of 102400 trials.
 
  ---- Orbital EigenValues ---- 
 Alpha   A1      -1.206248   -0.757951   -0.618910   -0.545240
virtual  A1 V    -0.219128   -0.145690   -0.108241   -0.106113   -0.077399
         A2 V    -0.043202   -0.075269   -0.060478   -0.059180   -0.054362
         A3 V    -0.051010   -0.005027   -0.022965   -0.010462   -0.005006
         A4 V    -0.005406   -0.011339   -0.023655
  ---- Residuals of Orbitals --- 
 Alpha          0.7083E-12  0.7601E-11  0.2493E-11  0.7113E-11
virtual         0.3962E-10  0.9305E-12  0.8782E-10  0.2269E-10  0.1256E-09
                0.6998E-10  0.2512E-11  0.1178E-11  0.2001E-12  0.1665E-12
                0.5888E-11  0.1204E-09  0.2446E-09  0.5763E-10  0.1200E-10
                0.8357E-09  0.5972E-11  0.7379E-10
 
   SCF   Iteration =           19
   Final Energy    =   -20.8769839081230     
 
 
  CHISQ    =   0.0009928969
 
  Poisson It,Dist =           85  9.682451211767903E-005
  HFEX  =   -1.98800689210099     
 
  Number of OEP Cycles    =  139
  Total OEP Energy (a.u.) =    -16.8811197
  Delta E          (a.u.) =     -0.0000086
  Norm of delta Veff =   6.077286313107687E-005
 
 Initializing start point of RANFQ
 
  18987 points have been accepted
 out of 102400 trials.
 
  ---- Orbital EigenValues ---- 
 Alpha   A1      -1.206187   -0.757905   -0.618866   -0.545193
virtual  A1 V    -0.219118   -0.145681   -0.108238   -0.106110   -0.077398
         A2 V    -0.043199   -0.075270   -0.060478   -0.059181   -0.054362
         A3 V    -0.051010   -0.005027   -0.022963   -0.010463   -0.005006
         A4 V    -0.005406   -0.011339   -0.023653
  ---- Residuals of Orbitals --- 
 Alpha          0.3527E-13  0.1511E-10  0.1224E-10  0.3329E-13
virtual         0.5081E-09  0.3691E-12  0.1861E-10  0.2428E-11  0.6545E-09
                0.7126E-10  0.1389E-07  0.3944E-09  0.9691E-13  0.2618E-12
                0.2893E-10  0.9056E-11  0.4157E-09  0.1664E-09  0.1919E-10
                0.2107E-09  0.6353E-10  0.2533E-09
 
   SCF   Iteration =           29
   Final Energy    =   -20.8755307034584     
 
 
  CHISQ    =   0.0010450473
 
  Poisson It,Dist =           92  9.680002124296857E-005
  HFEX  =   -1.98790360146514     
 
  Number of OEP Cycles    =  140
  Total OEP Energy (a.u.) =    -16.8811306
  Delta E          (a.u.) =     -0.0000109
  Norm of delta Veff =   6.035261890301681E-005
 
 Initializing start point of RANFQ
 
  18946 points have been accepted
 out of 102400 trials.
 
  ---- Orbital EigenValues ---- 
 Alpha   A1      -1.206127   -0.757860   -0.618822   -0.545147
virtual  A1 V    -0.219108   -0.145671   -0.108236   -0.106108   -0.077396
         A2 V    -0.043196   -0.075270   -0.060478   -0.059181   -0.054362
         A3 V    -0.051010   -0.005027   -0.022960   -0.010463   -0.005006
         A4 V    -0.005406   -0.011339   -0.023653
  ---- Residuals of Orbitals --- 
 Alpha          0.8756E-13  0.4647E-13  0.5802E-11  0.2378E-12
virtual         0.4482E-11  0.1121E-11  0.8107E-11  0.1931E-11  0.6003E-11
                0.1615E-09  0.2280E-08  0.4060E-11  0.3646E-13  0.4522E-13
                0.1761E-11  0.2778E-10  0.2472E-09  0.1437E-09  0.1335E-09
                0.4645E-09  0.2542E-10  0.4850E-06
 
   SCF   Iteration =           25
   Final Energy    =   -20.8739719617393     
 
 
  CHISQ    =   0.0010439884
 
  Poisson It,Dist =           80  9.912914789246141E-005
  HFEX  =   -1.98780678638242     
 
  Number of OEP Cycles    =  141
  Total OEP Energy (a.u.) =    -16.8811355
  Delta E          (a.u.) =     -0.0000049
  Norm of delta Veff =   5.995258012482965E-005
 
 Initializing start point of RANFQ
 
  18965 points have been accepted
 out of 102400 trials.
 
  ---- Orbital EigenValues ---- 
 Alpha   A1      -1.206067   -0.757816   -0.618778   -0.545101
virtual  A1 V    -0.219098   -0.145662   -0.108234   -0.106105   -0.077394
         A2 V    -0.043194   -0.075270   -0.060477   -0.059181   -0.054363
         A3 V    -0.051010   -0.005027   -0.022959   -0.010464   -0.005006
         A4 V    -0.005406   -0.011339   -0.023651
  ---- Residuals of Orbitals --- 
 Alpha          0.1174E-11  0.3441E-12  0.3881E-12  0.5110E-11
virtual         0.6430E-12  0.3616E-10  0.2223E-09  0.3266E-06  0.1524E-11
                0.4387E-10  0.1682E-11  0.3975E-08  0.1883E-12  0.5694E-10
                0.1622E-11  0.1184E-10  0.1188E-09  0.1031E-10  0.1679E-10
                0.9328E-10  0.3886E-11  0.4564E-08
 
   SCF   Iteration =           32
   Final Energy    =   -20.8724848085261     
 
 
  CHISQ    =   0.0010406447
 
  Poisson It,Dist =           97  9.855675394730088E-005
  HFEX  =   -1.98770116654659     
 
  Number of OEP Cycles    =  142
  Total OEP Energy (a.u.) =    -16.8811506
  Delta E          (a.u.) =     -0.0000151
  Norm of delta Veff =   5.953502398601917E-005
 
 Initializing start point of RANFQ
 
  18949 points have been accepted
 out of 102400 trials.
 
  ---- Orbital EigenValues ---- 
 Alpha   A1      -1.206008   -0.757771   -0.618734   -0.545055
virtual  A1 V    -0.219088   -0.145653   -0.108232   -0.106103   -0.077393
         A2 V    -0.043191   -0.075270   -0.060477   -0.059181   -0.054363
         A3 V    -0.051010   -0.005027   -0.022958   -0.010464   -0.005006
         A4 V    -0.005406   -0.011339   -0.023650
  ---- Residuals of Orbitals --- 
 Alpha          0.6135E-12  0.1023E-12  0.7251E-13  0.1127E-11
virtual         0.9944E-11  0.3081E-10  0.1924E-11  0.4240E-07  0.4229E-11
                0.8956E-11  0.2875E-10  0.2880E-12  0.7386E-13  0.6954E-08
                0.2409E-11  0.6440E-11  0.1443E-09  0.1089E-09  0.1319E-10
                0.6228E-10  0.3205E-11  0.7693E-09
 
   SCF   Iteration =           24
   Final Energy    =   -20.8709008134173     
 
 
  CHISQ    =   0.0010187732
 
  Poisson It,Dist =           92  9.987107223876898E-005
  HFEX  =   -1.98760555749924     
 
  Number of OEP Cycles    =  143
  Total OEP Energy (a.u.) =    -16.8811584
  Delta E          (a.u.) =     -0.0000078
  Norm of delta Veff =   5.914237379843254E-005
 
 Initializing start point of RANFQ
 
  19024 points have been accepted
 out of 102400 trials.
 
  ---- Orbital EigenValues ---- 
 Alpha   A1      -1.205948   -0.757727   -0.618691   -0.545010
virtual  A1 V    -0.219079   -0.145644   -0.108229   -0.106101   -0.077391
         A2 V    -0.043188   -0.075271   -0.060477   -0.059181   -0.054363
         A3 V    -0.051010   -0.005027   -0.022957   -0.010465   -0.005006
         A4 V    -0.005406   -0.011339   -0.023647
  ---- Residuals of Orbitals --- 
 Alpha          0.2556E-11  0.1582E-13  0.1084E-12  0.3502E-12
virtual         0.4954E-10  0.8096E-12  0.9446E-09  0.1074E-07  0.1328E-09
                0.1323E-09  0.9069E-11  0.1071E-09  0.1056E-11  0.7817E-11
                0.2488E-11  0.1534E-10  0.4960E-09  0.2770E-10  0.1367E-10
                0.1054E-10  0.3663E-11  0.6551E-09
 
   SCF   Iteration =           26
   Final Energy    =   -20.8694345025034     
 
 
  CHISQ    =   0.0010333723
 
  Poisson It,Dist =           70  9.666410919016476E-005
  HFEX  =   -1.98750944575367     
 
  Number of OEP Cycles    =  144
  Total OEP Energy (a.u.) =    -16.8811578
  Delta E          (a.u.) =      0.0000007
  Norm of delta Veff =   5.875052960284388E-005
 
 Initializing start point of RANFQ
 
  18852 points have been accepted
 out of 102400 trials.
 
  ---- Orbital EigenValues ---- 
 Alpha   A1      -1.205890   -0.757683   -0.618648   -0.544965
virtual  A1 V    -0.219069   -0.145634   -0.108227   -0.106099   -0.077390
         A2 V    -0.043185   -0.075271   -0.060477   -0.059182   -0.054363
         A3 V    -0.051010   -0.005027   -0.022956   -0.010465   -0.005006
         A4 V    -0.005406   -0.011339   -0.023646
  ---- Residuals of Orbitals --- 
 Alpha          0.2467E-12  0.5292E-12  0.2944E-11  0.7512E-14
virtual         0.9931E-10  0.3070E-08  0.8890E-10  0.3201E-09  0.6412E-10
                0.3135E-10  0.8902E-11  0.7549E-11  0.3502E-12  0.1675E-10
                0.1970E-11  0.4894E-09  0.1276E-08  0.2206E-09  0.6995E-11
                0.1156E-09  0.1465E-11  0.3979E-08
 
   SCF   Iteration =           27
   Final Energy    =   -20.8679723331249     
 
 
  CHISQ    =   0.0010541751
 
  Poisson It,Dist =           79  9.817175856394565E-005
  HFEX  =   -1.98741556267679     
 
  Number of OEP Cycles    =  145
  Total OEP Energy (a.u.) =    -16.8811688
  Delta E          (a.u.) =     -0.0000110
  Norm of delta Veff =   5.836904695483664E-005
 
 Initializing start point of RANFQ
 
  18833 points have been accepted
 out of 102400 trials.
 
  ---- Orbital EigenValues ---- 
 Alpha   A1      -1.205831   -0.757640   -0.618606   -0.544921
virtual  A1 V    -0.219059   -0.145625   -0.108225   -0.106096   -0.077388
         A2 V    -0.043183   -0.075271   -0.060476   -0.059182   -0.054363
         A3 V    -0.051010   -0.005027   -0.022955   -0.010466   -0.005006
         A4 V    -0.005407   -0.011339   -0.023644
  ---- Residuals of Orbitals --- 
 Alpha          0.1205E-14  0.2479E-13  0.5970E-12  0.7353E-14
virtual         0.1132E-09  0.1191E-08  0.1216E-11  0.2100E-08  0.1064E-09
                0.1552E-10  0.1311E-09  0.1139E-10  0.6668E-13  0.1120E-10
                0.1109E-10  0.1381E-10  0.1635E-07  0.5598E-11  0.9573E-11
                0.1818E-10  0.4631E-11  0.6784E-09
 
   SCF   Iteration =           25
   Final Energy    =   -20.8665250716163     
 
 
  CHISQ    =   0.0010389768
 
  Poisson It,Dist =           76  9.729238091791649E-005
  HFEX  =   -1.98731711783544     
 
  Number of OEP Cycles    =  146
  Total OEP Energy (a.u.) =    -16.8811753
  Delta E          (a.u.) =     -0.0000065
  Norm of delta Veff =   5.796545272535508E-005
 
 Initializing start point of RANFQ
 
  19069 points have been accepted
 out of 102400 trials.
 
  ---- Orbital EigenValues ---- 
 Alpha   A1      -1.205773   -0.757597   -0.618563   -0.544876
virtual  A1 V    -0.219050   -0.145616   -0.108223   -0.106094   -0.077386
         A2 V    -0.043180   -0.075271   -0.060476   -0.059182   -0.054363
         A3 V    -0.051010   -0.005027   -0.022953   -0.010466   -0.005006
         A4 V    -0.005407   -0.011339   -0.023643
  ---- Residuals of Orbitals --- 
 Alpha          0.3514E-11  0.8362E-12  0.3078E-12  0.8860E-14
virtual         0.1055E-09  0.2100E-10  0.3587E-11  0.7551E-08  0.9629E-10
                0.8066E-11  0.8914E-11  0.1244E-10  0.4972E-13  0.3943E-09
                0.1094E-11  0.5849E-11  0.6282E-09  0.7445E-11  0.3423E-10
                0.8110E-11  0.3006E-10  0.2956E-08
 
   SCF   Iteration =           23
   Final Energy    =   -20.8650354866776     
 
 
  CHISQ    =   0.0010557259
 
  Poisson It,Dist =           95  9.595294952386256E-005
  HFEX  =   -1.98722670700726     
 
  Number of OEP Cycles    =  147
  Total OEP Energy (a.u.) =    -16.8811923
  Delta E          (a.u.) =     -0.0000171
  Norm of delta Veff =   5.759410183795993E-005
 
 Initializing start point of RANFQ
 
  19177 points have been accepted
 out of 102400 trials.
 
  ---- Orbital EigenValues ---- 
 Alpha   A1      -1.205716   -0.757554   -0.618522   -0.544833
virtual  A1 V    -0.219040   -0.145607   -0.108220   -0.106092   -0.077385
         A2 V    -0.043178   -0.075272   -0.060476   -0.059182   -0.054363
         A3 V    -0.051010   -0.005027   -0.022952   -0.010467   -0.005006
         A4 V    -0.005407   -0.011339   -0.023641
  ---- Residuals of Orbitals --- 
 Alpha          0.1332E-11  0.8934E-14  0.6518E-11  0.2059E-13
virtual         0.2327E-10  0.7723E-12  0.2215E-10  0.1433E-09  0.4133E-10
                0.4963E-12  0.1072E-10  0.1574E-09  0.5600E-11  0.7637E-10
                0.1483E-09  0.1322E-10  0.1109E-08  0.9397E-11  0.7072E-11
                0.6018E-11  0.4469E-10  0.2735E-08
 
   SCF   Iteration =           20
   Final Energy    =   -20.8636257728414     
 
 
  CHISQ    =   0.0010420231
 
  Poisson It,Dist =           93  9.740637034389458E-005
  HFEX  =   -1.98714003071887     
 
  Number of OEP Cycles    =  148
  Total OEP Energy (a.u.) =    -16.8811993
  Delta E          (a.u.) =     -0.0000070
  Norm of delta Veff =   5.723924747149771E-005
 
 Initializing start point of RANFQ
 
  18868 points have been accepted
 out of 102400 trials.
 
  ---- Orbital EigenValues ---- 
 Alpha   A1      -1.205659   -0.757511   -0.618480   -0.544789
virtual  A1 V    -0.219031   -0.145598   -0.108218   -0.106090   -0.077383
         A2 V    -0.043175   -0.075272   -0.060476   -0.059182   -0.054363
         A3 V    -0.051010   -0.005027   -0.022950   -0.010467   -0.005006
         A4 V    -0.005407   -0.011339   -0.023640
  ---- Residuals of Orbitals --- 
 Alpha          0.9914E-13  0.9980E-13  0.8772E-11  0.3208E-13
virtual         0.3651E-09  0.1103E-09  0.3344E-10  0.8880E-10  0.1505E-11
                0.1554E-10  0.2364E-10  0.2473E-08  0.4437E-13  0.3214E-10
                0.7860E-12  0.3633E-10  0.5220E-08  0.5683E-11  0.2953E-09
                0.1105E-10  0.5165E-11  0.6015E-09
 
   SCF   Iteration =           23
   Final Energy    =   -20.8622687238771     
 
 
  CHISQ    =   0.0010288253
 
  Poisson It,Dist =           85  9.866547543834694E-005
  HFEX  =   -1.98703863241940     
 
  Number of OEP Cycles    =  149
  Total OEP Energy (a.u.) =    -16.8812052
  Delta E          (a.u.) =     -0.0000058
  Norm of delta Veff =   5.683311868803308E-005
 
 Initializing start point of RANFQ
 
  18930 points have been accepted
 out of 102400 trials.
 
  ---- Orbital EigenValues ---- 
 Alpha   A1      -1.205602   -0.757469   -0.618439   -0.544746
virtual  A1 V    -0.219022   -0.145590   -0.108216   -0.106087   -0.077382
         A2 V    -0.043172   -0.075272   -0.060475   -0.059183   -0.054363
         A3 V    -0.051010   -0.005027   -0.022949   -0.010468   -0.005006
         A4 V    -0.005407   -0.011339   -0.023638
  ---- Residuals of Orbitals --- 
 Alpha          0.1310E-11  0.2030E-12  0.1361E-10  0.8719E-11
virtual         0.5204E-10  0.9951E-10  0.9873E-10  0.1153E-09  0.3259E-09
                0.7948E-09  0.5866E-10  0.3548E-10  0.1953E-12  0.3039E-09
                0.2801E-10  0.5975E-11  0.3281E-08  0.5512E-11  0.2420E-10
                0.4177E-10  0.1255E-08  0.2567E-09
 
   SCF   Iteration =           23
   Final Energy    =   -20.8607612691335     
 
 
  CHISQ    =   0.0010164620
 
  Poisson It,Dist =           86  9.598582921426276E-005
  HFEX  =   -1.98695001313410     
 
  Number of OEP Cycles    =  150
  Total OEP Energy (a.u.) =    -16.8812133
  Delta E          (a.u.) =     -0.0000081
  Norm of delta Veff =   5.647484597564858E-005
 
 Initializing start point of RANFQ
 
  18643 points have been accepted
 out of 102400 trials.
 
  ---- Orbital EigenValues ---- 
 Alpha   A1      -1.205546   -0.757427   -0.618398   -0.544703
virtual  A1 V    -0.219012   -0.145581   -0.108214   -0.106085   -0.077380
         A2 V    -0.043170   -0.075272   -0.060475   -0.059183   -0.054364
         A3 V    -0.051010   -0.005027   -0.022947   -0.010468   -0.005006
         A4 V    -0.005407   -0.011339   -0.023637
  ---- Residuals of Orbitals --- 
 Alpha          0.3442E-12  0.1840E-10  0.1124E-12  0.9778E-13
virtual         0.1730E-10  0.1157E-08  0.3976E-10  0.1093E-08  0.1102E-09
                0.1278E-10  0.5790E-12  0.1325E-08  0.1149E-12  0.1626E-10
                0.4777E-11  0.1816E-10  0.5115E-09  0.6525E-11  0.4063E-10
                0.5034E-11  0.3160E-10  0.3304E-08
 
   SCF   Iteration =           22
   Final Energy    =   -20.8593899662142     
 
 
  CHISQ    =   0.0010341624
 
  Poisson It,Dist =           77  9.855861404460883E-005
  HFEX  =   -1.98685752219538     
 
  Number of OEP Cycles    =  151
  Total OEP Energy (a.u.) =    -16.8812162
  Delta E          (a.u.) =     -0.0000029
  Norm of delta Veff =   5.610369380349084E-005
 
 Initializing start point of RANFQ
 
  18991 points have been accepted
 out of 102400 trials.
 
  ---- Orbital EigenValues ---- 
 Alpha   A1      -1.205490   -0.757385   -0.618357   -0.544660
virtual  A1 V    -0.219003   -0.145572   -0.108212   -0.106083   -0.077379
         A2 V    -0.043167   -0.075273   -0.060475   -0.059183   -0.054364
         A3 V    -0.051010   -0.005027   -0.022946   -0.010469   -0.005006
         A4 V    -0.005407   -0.011339   -0.023636
  ---- Residuals of Orbitals --- 
 Alpha          0.1790E-14  0.7583E-11  0.1765E-11  0.5869E-11
virtual         0.2072E-10  0.3232E-10  0.2307E-10  0.5837E-12  0.1619E-08
                0.1815E-09  0.3474E-11  0.9922E-11  0.6000E-13  0.3632E-12
                0.1227E-10  0.6194E-11  0.7350E-09  0.2988E-09  0.1984E-10
                0.2540E-10  0.1106E-10  0.2114E-08
 
   SCF   Iteration =           26
   Final Energy    =   -20.8579858209791     
 
 
  CHISQ    =   0.0010437499
 
  Poisson It,Dist =           86  9.681664021819533E-005
  HFEX  =   -1.98676231852878     
 
  Number of OEP Cycles    =  152
  Total OEP Energy (a.u.) =    -16.8812261
  Delta E          (a.u.) =     -0.0000099
  Norm of delta Veff =   5.570562449743741E-005
 
 Initializing start point of RANFQ
 
  18762 points have been accepted
 out of 102400 trials.
 
  ---- Orbital EigenValues ---- 
 Alpha   A1      -1.205434   -0.757344   -0.618317   -0.544618
virtual  A1 V    -0.218994   -0.145563   -0.108210   -0.106081   -0.077377
         A2 V    -0.043165   -0.075273   -0.060475   -0.059183   -0.054364
         A3 V    -0.051010   -0.005027   -0.022944   -0.010469   -0.005006
         A4 V    -0.005407   -0.011339   -0.023634
  ---- Residuals of Orbitals --- 
 Alpha          0.8950E-12  0.1442E-11  0.1026E-10  0.1152E-12
virtual         0.9874E-11  0.9365E-10  0.2379E-12  0.1954E-11  0.2073E-09
                0.6491E-09  0.1069E-11  0.2189E-10  0.7156E-13  0.8213E-13
                0.3870E-11  0.5546E-09  0.3411E-07  0.1696E-08  0.7248E-11
                0.2534E-10  0.6005E-10  0.5567E-09
 
   SCF   Iteration =           27
   Final Energy    =   -20.8565429407361     
 
 
  CHISQ    =   0.0010170672
 
  Poisson It,Dist =           91  9.907507898119900E-005
  HFEX  =   -1.98667150340643     
 
  Number of OEP Cycles    =  153
  Total OEP Energy (a.u.) =    -16.8812372
  Delta E          (a.u.) =     -0.0000112
  Norm of delta Veff =   5.534459314861162E-005
 
 Initializing start point of RANFQ
 
  18819 points have been accepted
 out of 102400 trials.
 
  ---- Orbital EigenValues ---- 
 Alpha   A1      -1.205379   -0.757302   -0.618277   -0.544576
virtual  A1 V    -0.218985   -0.145555   -0.108207   -0.106079   -0.077376
         A2 V    -0.043162   -0.075273   -0.060474   -0.059183   -0.054364
         A3 V    -0.051010   -0.005027   -0.022943   -0.010470   -0.005006
         A4 V    -0.005407   -0.011339   -0.023633
  ---- Residuals of Orbitals --- 
 Alpha          0.8800E-13  0.9157E-13  0.2312E-10  0.1764E-12
virtual         0.7752E-10  0.2316E-09  0.6244E-10  0.7299E-08  0.6258E-09
                0.5609E-09  0.1117E-09  0.7728E-11  0.2840E-12  0.7543E-13
                0.3326E-10  0.1651E-08  0.2340E-09  0.1260E-10  0.1157E-10
                0.3009E-11  0.7562E-10  0.7404E-08
 
   SCF   Iteration =           21
   Final Energy    =   -20.8551569105345     
 
 
  CHISQ    =   0.0010227075
 
  Poisson It,Dist =           87  9.701844283738464E-005
  HFEX  =   -1.98658397333873     
 
  Number of OEP Cycles    =  154
  Total OEP Energy (a.u.) =    -16.8812428
  Delta E          (a.u.) =     -0.0000055
  Norm of delta Veff =   5.497172863452995E-005
 
 Initializing start point of RANFQ
 
  19008 points have been accepted
 out of 102400 trials.
 
  ---- Orbital EigenValues ---- 
 Alpha   A1      -1.205324   -0.757261   -0.618237   -0.544535
virtual  A1 V    -0.218976   -0.145546   -0.108205   -0.106077   -0.077374
         A2 V    -0.043160   -0.075273   -0.060474   -0.059184   -0.054364
         A3 V    -0.051010   -0.005027   -0.022941   -0.010470   -0.005006
         A4 V    -0.005407   -0.011339   -0.023632
  ---- Residuals of Orbitals --- 
 Alpha          0.1419E-14  0.2710E-11  0.2669E-10  0.4672E-14
virtual         0.2294E-09  0.5698E-09  0.1637E-09  0.7643E-11  0.2257E-11
                0.2189E-09  0.3984E-12  0.1250E-08  0.4063E-11  0.5089E-12
                0.1763E-11  0.5875E-11  0.5182E-09  0.1419E-10  0.9921E-10
                0.7571E-11  0.7807E-11  0.1815E-08
 
   SCF   Iteration =           27
   Final Energy    =   -20.8538013661866     
 
 
  CHISQ    =   0.0010585014
 
  Poisson It,Dist =           72  9.929658666353528E-005
  HFEX  =   -1.98649018253270     
 
  Number of OEP Cycles    =  155
  Total OEP Energy (a.u.) =    -16.8812429
  Delta E          (a.u.) =     -0.0000002
  Norm of delta Veff =   5.459098644913956E-005
 
 Initializing start point of RANFQ
 
  18863 points have been accepted
 out of 102400 trials.
 
  ---- Orbital EigenValues ---- 
 Alpha   A1      -1.205269   -0.757221   -0.618198   -0.544493
virtual  A1 V    -0.218967   -0.145538   -0.108203   -0.106075   -0.077373
         A2 V    -0.043157   -0.075274   -0.060474   -0.059184   -0.054364
         A3 V    -0.051010   -0.005027   -0.022940   -0.010470   -0.005006
         A4 V    -0.005407   -0.011339   -0.023630
  ---- Residuals of Orbitals --- 
 Alpha          0.5385E-12  0.6999E-10  0.3577E-12  0.6960E-14
virtual         0.1010E-10  0.9822E-09  0.7647E-12  0.1891E-10  0.1095E-11
                0.1942E-09  0.4031E-12  0.4403E-11  0.3399E-12  0.2057E-10
                0.1722E-11  0.6433E-09  0.5379E-07  0.5826E-09  0.3688E-10
                0.3102E-11  0.1391E-10  0.2739E-09
 
   SCF   Iteration =           26
   Final Energy    =   -20.8523967061130     
 
 
  CHISQ    =   0.0010230515
 
  Poisson It,Dist =           95  9.972658436188085E-005
  HFEX  =   -1.98640704723301     
 
  Number of OEP Cycles    =  156
  Total OEP Energy (a.u.) =    -16.8812587
  Delta E          (a.u.) =     -0.0000158
  Norm of delta Veff =   5.425567221231068E-005
 
 Initializing start point of RANFQ
 
  18908 points have been accepted
 out of 102400 trials.
 
  ---- Orbital EigenValues ---- 
 Alpha   A1      -1.205215   -0.757180   -0.618159   -0.544452
virtual  A1 V    -0.218958   -0.145529   -0.108201   -0.106072   -0.077371
         A2 V    -0.043155   -0.075274   -0.060474   -0.059184   -0.054364
         A3 V    -0.051010   -0.005027   -0.022938   -0.010471   -0.005006
         A4 V    -0.005407   -0.011339   -0.023629
  ---- Residuals of Orbitals --- 
 Alpha          0.3120E-12  0.1140E-13  0.5023E-14  0.4596E-11
virtual         0.1912E-11  0.3326E-10  0.1868E-10  0.1005E-10  0.8699E-10
                0.7039E-11  0.4587E-12  0.1403E-09  0.8685E-13  0.9353E-13
                0.8862E-12  0.2660E-10  0.5535E-09  0.5928E-11  0.4967E-10
                0.7519E-11  0.2172E-09  0.5363E-08
 
   SCF   Iteration =           25
   Final Energy    =   -20.8510943259688     
 
 
  CHISQ    =   0.0010610288
 
  Poisson It,Dist =           74  9.969994807804002E-005
  HFEX  =   -1.98631427207762     
 
  Number of OEP Cycles    =  157
  Total OEP Energy (a.u.) =    -16.8812576
  Delta E          (a.u.) =      0.0000011
  Norm of delta Veff =   5.387319944571878E-005
 
 Initializing start point of RANFQ
 
  18943 points have been accepted
 out of 102400 trials.
 
  ---- Orbital EigenValues ---- 
 Alpha   A1      -1.205162   -0.757140   -0.618120   -0.544412
virtual  A1 V    -0.218949   -0.145521   -0.108199   -0.106070   -0.077370
         A2 V    -0.043152   -0.075274   -0.060473   -0.059184   -0.054364
         A3 V    -0.051010   -0.005028   -0.022937   -0.010471   -0.005006
         A4 V    -0.005407   -0.011339   -0.023628
  ---- Residuals of Orbitals --- 
 Alpha          0.6393E-13  0.2114E-13  0.3120E-11  0.4503E-12
virtual         0.1638E-10  0.1919E-09  0.7988E-11  0.1108E-10  0.6670E-09
                0.3743E-09  0.2415E-11  0.8609E-11  0.6393E-13  0.9061E-12
                0.1504E-10  0.1200E-10  0.1212E-08  0.1024E-10  0.8543E-11
                0.1906E-11  0.6758E-11  0.1697E-09
 
   SCF   Iteration =           24
   Final Energy    =   -20.8496975311176     
 
 
  CHISQ    =   0.0010128602
 
  Poisson It,Dist =           91  9.856227556723202E-005
  HFEX  =   -1.98623256424529     
 
  Number of OEP Cycles    =  158
  Total OEP Energy (a.u.) =    -16.8812702
  Delta E          (a.u.) =     -0.0000126
  Norm of delta Veff =   5.354318742264401E-005
 
 Initializing start point of RANFQ
 
  18963 points have been accepted
 out of 102400 trials.
 
  ---- Orbital EigenValues ---- 
 Alpha   A1      -1.205108   -0.757101   -0.618081   -0.544371
virtual  A1 V    -0.218940   -0.145513   -0.108197   -0.106068   -0.077368
         A2 V    -0.043150   -0.075274   -0.060473   -0.059184   -0.054364
         A3 V    -0.051011   -0.005028   -0.022935   -0.010472   -0.005006
         A4 V    -0.005407   -0.011339   -0.023627
  ---- Residuals of Orbitals --- 
 Alpha          0.5097E-13  0.3343E-11  0.3710E-11  0.5633E-12
virtual         0.7405E-10  0.4403E-10  0.9735E-12  0.1804E-10  0.3675E-10
                0.1884E-11  0.2109E-11  0.2689E-09  0.5333E-13  0.1685E-10
                0.9494E-12  0.1710E-10  0.1898E-09  0.1982E-09  0.4297E-10
                0.2018E-11  0.1485E-09  0.5223E-07
 
   SCF   Iteration =           25
   Final Energy    =   -20.8484199801770     
 
 
  CHISQ    =   0.0010432664
 
  Poisson It,Dist =           86  9.857434890219770E-005
  HFEX  =   -1.98614288740335     
 
  Number of OEP Cycles    =  159
  Total OEP Energy (a.u.) =    -16.8812756
  Delta E          (a.u.) =     -0.0000054
  Norm of delta Veff =   5.319101918960279E-005
 
 Initializing start point of RANFQ
 
  18855 points have been accepted
 out of 102400 trials.
 
  ---- Orbital EigenValues ---- 
 Alpha   A1      -1.205055   -0.757061   -0.618043   -0.544331
virtual  A1 V    -0.218932   -0.145504   -0.108195   -0.106066   -0.077367
         A2 V    -0.043147   -0.075275   -0.060473   -0.059185   -0.054364
         A3 V    -0.051011   -0.005028   -0.022934   -0.010472   -0.005006
         A4 V    -0.005407   -0.011339   -0.023626
  ---- Residuals of Orbitals --- 
 Alpha          0.1655E-12  0.5932E-11  0.5826E-11  0.4925E-12
virtual         0.7015E-12  0.8509E-10  0.5265E-09  0.2193E-11  0.1253E-11
                0.6369E-10  0.6098E-12  0.5644E-09  0.4260E-13  0.5571E-11
                0.5002E-11  0.4893E-08  0.2456E-09  0.3784E-11  0.1349E-09
                0.6027E-10  0.2053E-08  0.2246E-08
 
   SCF   Iteration =           29
   Final Energy    =   -20.8470632228314     
 
 
  CHISQ    =   0.0010259901
 
  Poisson It,Dist =           70  9.861584077835486E-005
  HFEX  =   -1.98605695015311     
 
  Number of OEP Cycles    =  160
  Total OEP Energy (a.u.) =    -16.8812747
  Delta E          (a.u.) =      0.0000010
  Norm of delta Veff =   5.284635279502939E-005
 
 Initializing start point of RANFQ
 
  18886 points have been accepted
 out of 102400 trials.
 
  ---- Orbital EigenValues ---- 
 Alpha   A1      -1.205003   -0.757022   -0.618005   -0.544292
virtual  A1 V    -0.218923   -0.145496   -0.108193   -0.106064   -0.077365
         A2 V    -0.043145   -0.075275   -0.060473   -0.059185   -0.054365
         A3 V    -0.051011   -0.005028   -0.022933   -0.010473   -0.005006
         A4 V    -0.005407   -0.011339   -0.023625
  ---- Residuals of Orbitals --- 
 Alpha          0.1369E-11  0.1070E-10  0.7074E-12  0.4487E-14
virtual         0.1206E-10  0.1332E-08  0.1686E-11  0.4254E-11  0.4319E-10
                0.3477E-09  0.1119E-11  0.1354E-08  0.4077E-13  0.1288E-12
                0.1215E-11  0.1886E-10  0.2142E-09  0.3044E-11  0.5918E-09
                0.1211E-11  0.5374E-12  0.5136E-09
 
   SCF   Iteration =           23
   Final Energy    =   -20.8457559725067     
 
 
  CHISQ    =   0.0010624258
 
  Poisson It,Dist =           74  9.997618122992447E-005
  HFEX  =   -1.98597286801194     
 
  Number of OEP Cycles    =  161
  Total OEP Energy (a.u.) =    -16.8812818
  Delta E          (a.u.) =     -0.0000071
  Norm of delta Veff =   5.250152774983207E-005
 
 Initializing start point of RANFQ
 
  18723 points have been accepted
 out of 102400 trials.
 
  ---- Orbital EigenValues ---- 
 Alpha   A1      -1.204950   -0.756983   -0.617968   -0.544252
virtual  A1 V    -0.218914   -0.145488   -0.108191   -0.106062   -0.077364
         A2 V    -0.043143   -0.075275   -0.060472   -0.059185   -0.054365
         A3 V    -0.051011   -0.005028   -0.022931   -0.010473   -0.005006
         A4 V    -0.005407   -0.011339   -0.023623
  ---- Residuals of Orbitals --- 
 Alpha          0.2809E-13  0.4914E-11  0.3099E-11  0.9155E-13
virtual         0.6851E-09  0.1696E-09  0.1826E-11  0.1227E-11  0.6198E-08
                0.3286E-09  0.8367E-12  0.3279E-11  0.1198E-12  0.1038E-12
                0.6326E-12  0.6663E-11  0.5294E-08  0.5888E-10  0.6164E-09
                0.7535E-12  0.1233E-11  0.2047E-08
 
   SCF   Iteration =           20
   Final Energy    =   -20.8444621767850     
 
 
  CHISQ    =   0.0010414114
 
  Poisson It,Dist =           94  9.938330527493381E-005
  HFEX  =   -1.98589309196383     
 
  Number of OEP Cycles    =  162
  Total OEP Energy (a.u.) =    -16.8812956
  Delta E          (a.u.) =     -0.0000138
  Norm of delta Veff =   5.216530084226272E-005
 
 Initializing start point of RANFQ
 
  18954 points have been accepted
 out of 102400 trials.
 
  ---- Orbital EigenValues ---- 
 Alpha   A1      -1.204898   -0.756944   -0.617930   -0.544213
virtual  A1 V    -0.218906   -0.145480   -0.108189   -0.106060   -0.077362
         A2 V    -0.043140   -0.075275   -0.060472   -0.059185   -0.054365
         A3 V    -0.051011   -0.005028   -0.022930   -0.010474   -0.005006
         A4 V    -0.005407   -0.011339   -0.023622
  ---- Residuals of Orbitals --- 
 Alpha          0.1105E-13  0.3105E-11  0.1341E-13  0.4665E-11
virtual         0.2355E-10  0.1740E-08  0.4593E-10  0.5100E-12  0.1066E-08
                0.7331E-11  0.7206E-12  0.1232E-09  0.4188E-13  0.2945E-11
                0.2053E-11  0.4433E-10  0.1726E-09  0.5144E-10  0.2116E-10
                0.6531E-12  0.2201E-11  0.6597E-10
 
   SCF   Iteration =           27
   Final Energy    =   -20.8432071250258     
 
 
  CHISQ    =   0.0010595491
 
  Poisson It,Dist =           68  9.903667548681955E-005
  HFEX  =   -1.98580438690402     
 
  Number of OEP Cycles    =  163
  Total OEP Energy (a.u.) =    -16.8812913
  Delta E          (a.u.) =      0.0000043
  Norm of delta Veff =   5.180955956710881E-005
 
 Initializing start point of RANFQ
 
  18906 points have been accepted
 out of 102400 trials.
 
  ---- Orbital EigenValues ---- 
 Alpha   A1      -1.204847   -0.756905   -0.617893   -0.544174
virtual  A1 V    -0.218897   -0.145472   -0.108187   -0.106058   -0.077361
         A2 V    -0.043138   -0.075276   -0.060472   -0.059185   -0.054365
         A3 V    -0.051011   -0.005028   -0.022929   -0.010474   -0.005006
         A4 V    -0.005407   -0.011339   -0.023621
  ---- Residuals of Orbitals --- 
 Alpha          0.2104E-11  0.5275E-13  0.1745E-11  0.2948E-11
virtual         0.7548E-10  0.2994E-09  0.4358E-11  0.1237E-10  0.5907E-10
                0.1583E-10  0.1332E-11  0.1760E-10  0.4281E-13  0.8285E-13
                0.1845E-11  0.5931E-11  0.4548E-09  0.6140E-10  0.3217E-10
                0.1157E-11  0.5522E-12  0.8285E-09
 
   SCF   Iteration =           20
   Final Energy    =   -20.8418863272897     
 
 
  CHISQ    =   0.0010503629
 
  Poisson It,Dist =           87  9.747967955957243E-005
  HFEX  =   -1.98572271311604     
 
  Number of OEP Cycles    =  164
  Total OEP Energy (a.u.) =    -16.8813033
  Delta E          (a.u.) =     -0.0000120
  Norm of delta Veff =   5.146973930393675E-005
 
 Initializing start point of RANFQ
 
  19012 points have been accepted
 out of 102400 trials.
 
  ---- Orbital EigenValues ---- 
 Alpha   A1      -1.204796   -0.756867   -0.617856   -0.544136
virtual  A1 V    -0.218889   -0.145464   -0.108185   -0.106056   -0.077360
         A2 V    -0.043136   -0.075276   -0.060472   -0.059186   -0.054365
         A3 V    -0.051011   -0.005028   -0.022927   -0.010474   -0.005006
         A4 V    -0.005407   -0.011339   -0.023619
  ---- Residuals of Orbitals --- 
 Alpha          0.1240E-12  0.1899E-14  0.5313E-12  0.4541E-11
virtual         0.3626E-10  0.1331E-08  0.5019E-10  0.2410E-11  0.2459E-11
                0.2219E-10  0.1077E-11  0.4475E-09  0.5183E-13  0.3405E-11
                0.2325E-10  0.8960E-11  0.5460E-08  0.1217E-08  0.1881E-08
                0.7229E-12  0.5803E-12  0.6773E-10
 
   SCF   Iteration =           29
   Final Energy    =   -20.8406144522313     
 
 
  CHISQ    =   0.0010524256
 
  Poisson It,Dist =           88  9.560337152993689E-005
  HFEX  =   -1.98563372059450     
 
  Number of OEP Cycles    =  165
  Total OEP Energy (a.u.) =    -16.8813116
  Delta E          (a.u.) =     -0.0000083
  Norm of delta Veff =   5.110407871095129E-005
 
 Initializing start point of RANFQ
 
  18888 points have been accepted
 out of 102400 trials.
 
  ---- Orbital EigenValues ---- 
 Alpha   A1      -1.204745   -0.756829   -0.617820   -0.544097
virtual  A1 V    -0.218880   -0.145456   -0.108183   -0.106054   -0.077358
         A2 V    -0.043133   -0.075276   -0.060471   -0.059186   -0.054365
         A3 V    -0.051011   -0.005028   -0.022926   -0.010475   -0.005006
         A4 V    -0.005407   -0.011339   -0.023618
  ---- Residuals of Orbitals --- 
 Alpha          0.4681E-13  0.1361E-11  0.1397E-14  0.2023E-12
virtual         0.3052E-10  0.3352E-10  0.2808E-10  0.1315E-11  0.9138E-10
                0.1893E-09  0.5175E-12  0.5093E-10  0.2382E-12  0.2914E-11
                0.1169E-08  0.6787E-10  0.4256E-09  0.2897E-11  0.1399E-10
                0.8085E-12  0.4732E-11  0.7328E-09
 
   SCF   Iteration =           25
   Final Energy    =   -20.8392765772988     
 
 
  CHISQ    =   0.0010402835
 
  Poisson It,Dist =           79  9.857671461644006E-005
  HFEX  =   -1.98555641310636     
 
  Number of OEP Cycles    =  166
  Total OEP Energy (a.u.) =    -16.8813152
  Delta E          (a.u.) =     -0.0000036
  Norm of delta Veff =   5.079011674385490E-005
 
 Initializing start point of RANFQ
 
  18764 points have been accepted
 out of 102400 trials.
 
  ---- Orbital EigenValues ---- 
 Alpha   A1      -1.204694   -0.756791   -0.617784   -0.544060
virtual  A1 V    -0.218872   -0.145448   -0.108181   -0.106053   -0.077357
         A2 V    -0.043131   -0.075276   -0.060471   -0.059186   -0.054365
         A3 V    -0.051011   -0.005028   -0.022925   -0.010475   -0.005006
         A4 V    -0.005407   -0.011339   -0.023617
  ---- Residuals of Orbitals --- 
 Alpha          0.2933E-15  0.2518E-10  0.1984E-13  0.5447E-11
virtual         0.7640E-10  0.1720E-10  0.2138E-09  0.9274E-12  0.4260E-11
                0.3379E-10  0.7951E-11  0.5953E-10  0.5014E-11  0.4401E-12
                0.8217E-11  0.3141E-10  0.1796E-08  0.2463E-11  0.1366E-09
                0.1708E-11  0.5410E-10  0.1099E-09
 
   SCF   Iteration =           29
   Final Energy    =   -20.8380756796348     
 
 
  CHISQ    =   0.0010619918
 
  Poisson It,Dist =           79  9.887336687049470E-005
  HFEX  =   -1.98547157040481     
 
  Number of OEP Cycles    =  167
  Total OEP Energy (a.u.) =    -16.8813198
  Delta E          (a.u.) =     -0.0000046
  Norm of delta Veff =   5.044308114963436E-005
 
 Initializing start point of RANFQ
 
  18785 points have been accepted
 out of 102400 trials.
 
  ---- Orbital EigenValues ---- 
 Alpha   A1      -1.204644   -0.756754   -0.617748   -0.544022
virtual  A1 V    -0.218864   -0.145441   -0.108180   -0.106051   -0.077355
         A2 V    -0.043129   -0.075277   -0.060471   -0.059186   -0.054365
         A3 V    -0.051011   -0.005028   -0.022924   -0.010476   -0.005006
         A4 V    -0.005407   -0.011339   -0.023616
  ---- Residuals of Orbitals --- 
 Alpha          0.2936E-13  0.1075E-14  0.2967E-11  0.1458E-13
virtual         0.1042E-09  0.1216E-11  0.2074E-08  0.3599E-11  0.1104E-09
                0.2894E-10  0.1290E-08  0.3192E-08  0.2392E-11  0.4357E-13
                0.3003E-10  0.7855E-11  0.1643E-09  0.4134E-11  0.1137E-09
                0.1562E-11  0.1724E-10  0.5314E-08
 
   SCF   Iteration =           24
   Final Energy    =   -20.8367939444246     
 
 
  CHISQ    =   0.0010026619
 
  Poisson It,Dist =           77  9.552789317042757E-005
  HFEX  =   -1.98538817748339     
 
  Number of OEP Cycles    =  168
  Total OEP Energy (a.u.) =    -16.8813244
  Delta E          (a.u.) =     -0.0000046
  Norm of delta Veff =   5.009886541254700E-005
 
 Initializing start point of RANFQ
 
  18932 points have been accepted
 out of 102400 trials.
 
  ---- Orbital EigenValues ---- 
 Alpha   A1      -1.204594   -0.756716   -0.617712   -0.543985
virtual  A1 V    -0.218855   -0.145433   -0.108178   -0.106049   -0.077354
         A2 V    -0.043126   -0.075277   -0.060471   -0.059186   -0.054365
         A3 V    -0.051011   -0.005028   -0.022922   -0.010476   -0.005006
         A4 V    -0.005407   -0.011339   -0.023615
  ---- Residuals of Orbitals --- 
 Alpha          0.4246E-14  0.6805E-15  0.3633E-12  0.3064E-11
virtual         0.4135E-11  0.7646E-11  0.3053E-10  0.1640E-11  0.1428E-08
                0.8701E-10  0.4667E-11  0.4104E-09  0.1308E-12  0.4636E-12
                0.1584E-11  0.2822E-10  0.1625E-09  0.2309E-11  0.7995E-11
                0.1151E-10  0.3504E-09  0.1758E-09
 
   SCF   Iteration =           22
   Final Energy    =   -20.8355223658222     
 
 
  CHISQ    =   0.0010608469
 
  Poisson It,Dist =           74  9.808245212546683E-005
  HFEX  =   -1.98531113259511     
 
  Number of OEP Cycles    =  169
  Total OEP Energy (a.u.) =    -16.8813287
  Delta E          (a.u.) =     -0.0000043
  Norm of delta Veff =   4.979304503553864E-005
 
 Initializing start point of RANFQ
 
  18910 points have been accepted
 out of 102400 trials.
 
  ---- Orbital EigenValues ---- 
 Alpha   A1      -1.204545   -0.756679   -0.617676   -0.543948
virtual  A1 V    -0.218847   -0.145425   -0.108176   -0.106047   -0.077353
         A2 V    -0.043124   -0.075277   -0.060471   -0.059186   -0.054365
         A3 V    -0.051011   -0.005028   -0.022921   -0.010477   -0.005006
         A4 V    -0.005407   -0.011339   -0.023613
  ---- Residuals of Orbitals --- 
 Alpha          0.5572E-11  0.3724E-16  0.1410E-12  0.9696E-12
virtual         0.7890E-09  0.9877E-09  0.7825E-11  0.3172E-12  0.1247E-11
                0.6687E-10  0.1227E-09  0.1329E-10  0.5695E-13  0.2139E-12
                0.1337E-10  0.4785E-10  0.3944E-07  0.1867E-10  0.7454E-11
                0.6086E-11  0.7194E-11  0.6185E-09
 
   SCF   Iteration =           26
   Final Energy    =   -20.8343320893445     
 
 
  CHISQ    =   0.0010530469
 
  Poisson It,Dist =           89  9.731187342707202E-005
  HFEX  =   -1.98522926247227     
 
  Number of OEP Cycles    =  170
  Total OEP Energy (a.u.) =    -16.8813379
  Delta E          (a.u.) =     -0.0000092
  Norm of delta Veff =   4.945351456968682E-005
 
 Initializing start point of RANFQ
 
  18813 points have been accepted
 out of 102400 trials.
 
  ---- Orbital EigenValues ---- 
 Alpha   A1      -1.204495   -0.756643   -0.617641   -0.543911
virtual  A1 V    -0.218839   -0.145418   -0.108174   -0.106045   -0.077351
         A2 V    -0.043122   -0.075277   -0.060470   -0.059187   -0.054366
         A3 V    -0.051011   -0.005028   -0.022920   -0.010477   -0.005006
         A4 V    -0.005407   -0.011339   -0.023612
  ---- Residuals of Orbitals --- 
 Alpha          0.2551E-13  0.3172E-16  0.2051E-15  0.3961E-14
virtual         0.5414E-10  0.2447E-09  0.6058E-09  0.2902E-12  0.3428E-10
                0.5894E-09  0.1960E-10  0.4743E-07  0.3390E-12  0.6028E-12
                0.9544E-11  0.1861E-10  0.2340E-09  0.2360E-10  0.6880E-11
                0.5879E-12  0.1757E-10  0.1239E-09
 
   SCF   Iteration =           26
   Final Energy    =   -20.8330793210427     
 
 
  CHISQ    =   0.0010452658
 
  Poisson It,Dist =           75  9.973589475116607E-005
  HFEX  =   -1.98514845141000     
 
  Number of OEP Cycles    =  171
  Total OEP Energy (a.u.) =    -16.8813391
  Delta E          (a.u.) =     -0.0000012
  Norm of delta Veff =   4.913014211791712E-005
 
 Initializing start point of RANFQ
 
  19064 points have been accepted
 out of 102400 trials.
 
  ---- Orbital EigenValues ---- 
 Alpha   A1      -1.204447   -0.756606   -0.617606   -0.543874
virtual  A1 V    -0.218831   -0.145410   -0.108172   -0.106043   -0.077350
         A2 V    -0.043120   -0.075278   -0.060470   -0.059187   -0.054366
         A3 V    -0.051011   -0.005028   -0.022919   -0.010477   -0.005006
         A4 V    -0.005407   -0.011339   -0.023611
  ---- Residuals of Orbitals --- 
 Alpha          0.9508E-12  0.7476E-16  0.1624E-15  0.5162E-11
virtual         0.5568E-09  0.1126E-09  0.3065E-10  0.1046E-11  0.3221E-09
                0.2132E-11  0.5006E-11  0.2374E-08  0.6603E-13  0.1997E-12
                0.1249E-10  0.7107E-11  0.2850E-09  0.6045E-11  0.3687E-10
                0.2151E-09  0.1025E-09  0.2225E-09
 
   SCF   Iteration =           26
   Final Energy    =   -20.8318544917486     
 
 
  CHISQ    =   0.0010687554
 
  Poisson It,Dist =           69  9.963027065211376E-005
  HFEX  =   -1.98507243632129     
 
  Number of OEP Cycles    =  172
  Total OEP Energy (a.u.) =    -16.8813407
  Delta E          (a.u.) =     -0.0000015
  Norm of delta Veff =   4.881306388434869E-005
 
 Initializing start point of RANFQ
 
  18577 points have been accepted
 out of 102400 trials.
 
  ---- Orbital EigenValues ---- 
 Alpha   A1      -1.204398   -0.756570   -0.617572   -0.543838
virtual  A1 V    -0.218823   -0.145402   -0.108170   -0.106041   -0.077349
         A2 V    -0.043117   -0.075278   -0.060470   -0.059187   -0.054366
         A3 V    -0.051011   -0.005028   -0.022917   -0.010478   -0.005006
         A4 V    -0.005407   -0.011339   -0.023610
  ---- Residuals of Orbitals --- 
 Alpha          0.4330E-13  0.7322E-16  0.7862E-14  0.1923E-11
virtual         0.1255E-10  0.1533E-10  0.9159E-10  0.4287E-12  0.9381E-10
                0.1318E-10  0.9613E-12  0.3263E-09  0.2042E-12  0.3559E-11
                0.2283E-10  0.2543E-10  0.1145E-08  0.2913E-11  0.9581E-11
                0.4605E-11  0.2334E-08  0.3800E-07
 
   SCF   Iteration =           23
   Final Energy    =   -20.8306795412611     
 
 
  CHISQ    =   0.0010168651
 
  Poisson It,Dist =           90  9.814989262147370E-005
  HFEX  =   -1.98499634359028     
 
  Number of OEP Cycles    =  173
  Total OEP Energy (a.u.) =    -16.8813530
  Delta E          (a.u.) =     -0.0000124
  Norm of delta Veff =   4.850385752012712E-005
 
 Initializing start point of RANFQ
 
  18896 points have been accepted
 out of 102400 trials.
 
  ---- Orbital EigenValues ---- 
 Alpha   A1      -1.204350   -0.756534   -0.617537   -0.543802
virtual  A1 V    -0.218815   -0.145395   -0.108169   -0.106039   -0.077347
         A2 V    -0.043115   -0.075278   -0.060470   -0.059187   -0.054366
         A3 V    -0.051011   -0.005028   -0.022916   -0.010478   -0.005006
         A4 V    -0.005407   -0.011339   -0.023609
  ---- Residuals of Orbitals --- 
 Alpha          0.1414E-11  0.7025E-16  0.1917E-15  0.1216E-11
virtual         0.6357E-11  0.3675E-11  0.1927E-11  0.6119E-12  0.3234E-08
                0.2921E-09  0.3566E-10  0.3447E-08  0.3809E-11  0.1805E-12
                0.3328E-09  0.1266E-10  0.1141E-08  0.1491E-09  0.4466E-10
                0.2788E-10  0.6899E-10  0.4011E-08
 
   SCF   Iteration =           26
   Final Energy    =   -20.8294958991880     
 
 
  CHISQ    =   0.0010249362
 
  Poisson It,Dist =           66  9.908939497654682E-005
  HFEX  =   -1.98491076514931     
 
  Number of OEP Cycles    =  174
  Total OEP Energy (a.u.) =    -16.8813478
  Delta E          (a.u.) =      0.0000052
  Norm of delta Veff =   4.815498760846322E-005
 
 Initializing start point of RANFQ
 
  18963 points have been accepted
 out of 102400 trials.
 
  ---- Orbital EigenValues ---- 
 Alpha   A1      -1.204302   -0.756498   -0.617503   -0.543767
virtual  A1 V    -0.218807   -0.145388   -0.108167   -0.106038   -0.077346
         A2 V    -0.043113   -0.075278   -0.060469   -0.059187   -0.054366
         A3 V    -0.051011   -0.005028   -0.022915   -0.010479   -0.005006
         A4 V    -0.005407   -0.011340   -0.023608
  ---- Residuals of Orbitals --- 
 Alpha          0.1248E-11  0.4634E-16  0.2791E-13  0.7437E-11
virtual         0.2926E-08  0.1541E-10  0.7341E-12  0.6399E-12  0.8690E-09
                0.4899E-11  0.2314E-11  0.9703E-09  0.2177E-11  0.4177E-12
                0.2115E-09  0.1931E-10  0.8934E-08  0.1217E-10  0.7596E-11
                0.1091E-08  0.1742E-11  0.7338E-10
 
   SCF   Iteration =           21
   Final Energy    =   -20.8282296370183     
 
 
  CHISQ    =   0.0010523594
 
  Poisson It,Dist =           75  9.859127415807490E-005
  HFEX  =   -1.98484108220506     
 
  Number of OEP Cycles    =  175
  Total OEP Energy (a.u.) =    -16.8813570
  Delta E          (a.u.) =     -0.0000092
  Norm of delta Veff =   4.788272665509741E-005
 
 Initializing start point of RANFQ
 
  18684 points have been accepted
 out of 102400 trials.
 
  ---- Orbital EigenValues ---- 
 Alpha   A1      -1.204254   -0.756462   -0.617470   -0.543731
virtual  A1 V    -0.218799   -0.145380   -0.108165   -0.106036   -0.077345
         A2 V    -0.043111   -0.075279   -0.060469   -0.059187   -0.054366
         A3 V    -0.051011   -0.005028   -0.022914   -0.010479   -0.005006
         A4 V    -0.005407   -0.011340   -0.023606
  ---- Residuals of Orbitals --- 
 Alpha          0.2274E-12  0.1712E-15  0.3434E-11  0.3801E-12
virtual         0.3624E-08  0.1442E-08  0.7420E-12  0.6180E-11  0.2876E-10
                0.1689E-11  0.1937E-11  0.1045E-08  0.1699E-12  0.4553E-12
                0.3309E-10  0.2227E-09  0.2160E-09  0.7662E-10  0.7153E-11
                0.3030E-11  0.7965E-12  0.5620E-10
 
   SCF   Iteration =           23
   Final Energy    =   -20.8271226373656     
 
 
  CHISQ    =   0.0010283308
 
  Poisson It,Dist =           91  9.802305321236368E-005
  HFEX  =   -1.98476300563429     
 
  Number of OEP Cycles    =  176
  Total OEP Energy (a.u.) =    -16.8813677
  Delta E          (a.u.) =     -0.0000108
  Norm of delta Veff =   4.755625772398188E-005
 
 Initializing start point of RANFQ
 
  18833 points have been accepted
 out of 102400 trials.
 
  ---- Orbital EigenValues ---- 
 Alpha   A1      -1.204207   -0.756427   -0.617436   -0.543696
virtual  A1 V    -0.218791   -0.145373   -0.108163   -0.106034   -0.077343
         A2 V    -0.043109   -0.075279   -0.060469   -0.059188   -0.054366
         A3 V    -0.051011   -0.005028   -0.022913   -0.010479   -0.005006
         A4 V    -0.005407   -0.011340   -0.023605
  ---- Residuals of Orbitals --- 
 Alpha          0.1992E-12  0.4332E-14  0.2939E-13  0.1739E-11
virtual         0.4709E-10  0.1800E-08  0.1861E-09  0.2362E-11  0.2944E-09
                0.1824E-10  0.1830E-11  0.2859E-09  0.8256E-13  0.4195E-13
                0.1436E-09  0.1772E-10  0.3874E-09  0.1250E-10  0.1333E-10
                0.1924E-10  0.5432E-11  0.2310E-09
 
   SCF   Iteration =           24
   Final Energy    =   -20.8259283056313     
 
 
  CHISQ    =   0.0010354568
 
  Poisson It,Dist =           76  9.914472562738523E-005
  HFEX  =   -1.98469039818397     
 
  Number of OEP Cycles    =  177
  Total OEP Energy (a.u.) =    -16.8813670
  Delta E          (a.u.) =      0.0000007
  Norm of delta Veff =   4.726176748808662E-005
 
 Initializing start point of RANFQ
 
  18952 points have been accepted
 out of 102400 trials.
 
  ---- Orbital EigenValues ---- 
 Alpha   A1      -1.204160   -0.756392   -0.617403   -0.543661
virtual  A1 V    -0.218784   -0.145366   -0.108161   -0.106032   -0.077342
         A2 V    -0.043107   -0.075279   -0.060469   -0.059188   -0.054366
         A3 V    -0.051011   -0.005028   -0.022911   -0.010480   -0.005006
         A4 V    -0.005407   -0.011340   -0.023604
  ---- Residuals of Orbitals --- 
 Alpha          0.1729E-15  0.5388E-14  0.3513E-10  0.1078E-10
virtual         0.1578E-10  0.5162E-11  0.2616E-12  0.3722E-11  0.1993E-10
                0.3083E-09  0.1412E-09  0.5178E-10  0.8013E-12  0.4006E-13
                0.5066E-10  0.1154E-10  0.2450E-08  0.8657E-11  0.7388E-11
                0.3814E-11  0.3004E-10  0.1544E-08
 
   SCF   Iteration =           21
   Final Energy    =   -20.8248102550420     
 
 
  CHISQ    =   0.0010232089
 
  Poisson It,Dist =           88  9.750294284121193E-005
  HFEX  =   -1.98460646645539     
 
  Number of OEP Cycles    =  178
  Total OEP Energy (a.u.) =    -16.8813750
  Delta E          (a.u.) =     -0.0000080
  Norm of delta Veff =   4.691307009471675E-005
 
 Initializing start point of RANFQ
 
  18736 points have been accepted
 out of 102400 trials.
 
  ---- Orbital EigenValues ---- 
 Alpha   A1      -1.204114   -0.756357   -0.617370   -0.543627
virtual  A1 V    -0.218776   -0.145358   -0.108160   -0.106031   -0.077341
         A2 V    -0.043104   -0.075279   -0.060468   -0.059188   -0.054366
         A3 V    -0.051011   -0.005028   -0.022910   -0.010480   -0.005006
         A4 V    -0.005407   -0.011340   -0.023603
  ---- Residuals of Orbitals --- 
 Alpha          0.3379E-17  0.1223E-13  0.1972E-14  0.6292E-14
virtual         0.8156E-12  0.2734E-10  0.1020E-10  0.6990E-12  0.1168E-10
                0.8386E-11  0.5435E-10  0.2887E-10  0.1537E-11  0.2266E-12
                0.1720E-08  0.6076E-11  0.1354E-07  0.1674E-10  0.9163E-11
                0.1378E-11  0.1142E-11  0.1331E-08
 
   SCF   Iteration =           30
   Final Energy    =   -20.8235539824707     
 
 
  CHISQ    =   0.0010298503
 
  Poisson It,Dist =           76  9.922668701652276E-005
  HFEX  =   -1.98452758647283     
 
  Number of OEP Cycles    =  179
  Total OEP Energy (a.u.) =    -16.8813759
  Delta E          (a.u.) =     -0.0000008
  Norm of delta Veff =   4.658973086391644E-005
 
 Initializing start point of RANFQ
 
  18972 points have been accepted
 out of 102400 trials.
 
  ---- Orbital EigenValues ---- 
 Alpha   A1      -1.204068   -0.756322   -0.617337   -0.543592
virtual  A1 V    -0.218768   -0.145351   -0.108158   -0.106029   -0.077340
         A2 V    -0.043102   -0.075279   -0.060468   -0.059188   -0.054366
         A3 V    -0.051011   -0.005028   -0.022909   -0.010481   -0.005006
         A4 V    -0.005407   -0.011340   -0.023602
  ---- Residuals of Orbitals --- 
 Alpha          0.1947E-15  0.1114E-11  0.6809E-12  0.1650E-12
virtual         0.2301E-10  0.6775E-10  0.2261E-09  0.3140E-12  0.2115E-09
                0.6035E-11  0.1097E-10  0.8183E-09  0.5633E-12  0.2755E-11
                0.6033E-09  0.1956E-10  0.1440E-07  0.7629E-10  0.3124E-10
                0.7475E-12  0.3983E-11  0.6728E-09
 
   SCF   Iteration =           25
   Final Energy    =   -20.8223651478909     
 
 
  CHISQ    =   0.0010513711
 
  Poisson It,Dist =           70  9.619799589280029E-005
  HFEX  =   -1.98445983541309     
 
  Number of OEP Cycles    =  180
  Total OEP Energy (a.u.) =    -16.8813769
  Delta E          (a.u.) =     -0.0000010
  Norm of delta Veff =   4.631760590815158E-005
 
 Initializing start point of RANFQ
 
  19090 points have been accepted
 out of 102400 trials.
 
  ---- Orbital EigenValues ---- 
 Alpha   A1      -1.204022   -0.756288   -0.617304   -0.543558
virtual  A1 V    -0.218761   -0.145344   -0.108156   -0.106027   -0.077338
         A2 V    -0.043100   -0.075280   -0.060468   -0.059188   -0.054366
         A3 V    -0.051011   -0.005028   -0.022908   -0.010481   -0.005006
         A4 V    -0.005407   -0.011340   -0.023601
  ---- Residuals of Orbitals --- 
 Alpha          0.1102E-15  0.9831E-14  0.9364E-12  0.4238E-14
virtual         0.1516E-09  0.1529E-09  0.3148E-09  0.8498E-10  0.1086E-11
                0.2951E-11  0.3233E-10  0.2956E-09  0.2598E-13  0.3699E-13
                0.1553E-09  0.7333E-10  0.7859E-09  0.1437E-11  0.7374E-11
                0.6683E-11  0.6637E-09  0.4111E-10
 
   SCF   Iteration =           20
   Final Energy    =   -20.8213009808450     
 
 
  CHISQ    =   0.0010339158
 
  Poisson It,Dist =           80  9.724712384652655E-005
  HFEX  =   -1.98439130334322     
 
  Number of OEP Cycles    =  181
  Total OEP Energy (a.u.) =    -16.8813838
  Delta E          (a.u.) =     -0.0000069
  Norm of delta Veff =   4.604018477982011E-005
 
 Initializing start point of RANFQ
 
  18978 points have been accepted
 out of 102400 trials.
 
  ---- Orbital EigenValues ---- 
 Alpha   A1      -1.203976   -0.756254   -0.617272   -0.543525
virtual  A1 V    -0.218753   -0.145337   -0.108155   -0.106025   -0.077337
         A2 V    -0.043098   -0.075280   -0.060468   -0.059188   -0.054367
         A3 V    -0.051011   -0.005028   -0.022907   -0.010481   -0.005006
         A4 V    -0.005407   -0.011340   -0.023600
  ---- Residuals of Orbitals --- 
 Alpha          0.7005E-13  0.6405E-12  0.1917E-11  0.4304E-14
virtual         0.3128E-09  0.1086E-10  0.7746E-09  0.8653E-12  0.1372E-10
                0.8735E-10  0.5646E-09  0.6532E-09  0.6843E-13  0.3732E-12
                0.2005E-10  0.1876E-10  0.4553E-09  0.9717E-11  0.1003E-10
                0.6800E-09  0.2108E-10  0.3916E-09
 
   SCF   Iteration =           25
   Final Energy    =   -20.8202250790709     
 
 
  CHISQ    =   0.0010741303
 
  Poisson It,Dist =           71  9.808947713762095E-005
  HFEX  =   -1.98431657035954     
 
  Number of OEP Cycles    =  182
  Total OEP Energy (a.u.) =    -16.8813844
  Delta E          (a.u.) =     -0.0000006
  Norm of delta Veff =   4.573559475646482E-005
 
 Initializing start point of RANFQ
 
  18889 points have been accepted
 out of 102400 trials.
 
  ---- Orbital EigenValues ---- 
 Alpha   A1      -1.203931   -0.756220   -0.617240   -0.543491
virtual  A1 V    -0.218746   -0.145330   -0.108153   -0.106024   -0.077336
         A2 V    -0.043096   -0.075280   -0.060468   -0.059189   -0.054367
         A3 V    -0.051011   -0.005028   -0.022905   -0.010482   -0.005006
         A4 V    -0.005407   -0.011340   -0.023599
  ---- Residuals of Orbitals --- 
 Alpha          0.2223E-13  0.2460E-12  0.1675E-11  0.9474E-11
virtual         0.6651E-10  0.1109E-09  0.3128E-10  0.4678E-11  0.1078E-09
                0.1013E-09  0.9600E-08  0.3995E-09  0.2773E-13  0.2443E-11
                0.7110E-09  0.3363E-10  0.1732E-05  0.3719E-12  0.3985E-10
                0.3995E-09  0.3030E-12  0.5814E-08
 
   SCF   Iteration =           27
   Final Energy    =   -20.8190890893940     
 
 
  CHISQ    =   0.0010229077
 
  Poisson It,Dist =           93  9.845946518000480E-005
  HFEX  =   -1.98424215823994     
 
  Number of OEP Cycles    =  183
  Total OEP Energy (a.u.) =    -16.8813963
  Delta E          (a.u.) =     -0.0000119
  Norm of delta Veff =   4.542033955370776E-005
 
 Initializing start point of RANFQ
 
  18798 points have been accepted
 out of 102400 trials.
 
  ---- Orbital EigenValues ---- 
 Alpha   A1      -1.203886   -0.756186   -0.617208   -0.543458
virtual  A1 V    -0.218738   -0.145323   -0.108151   -0.106022   -0.077335
         A2 V    -0.043094   -0.075280   -0.060467   -0.059189   -0.054367
         A3 V    -0.051011   -0.005028   -0.022904   -0.010482   -0.005006
         A4 V    -0.005407   -0.011340   -0.023598
  ---- Residuals of Orbitals --- 
 Alpha          0.7408E-12  0.2349E-11  0.2258E-10  0.3053E-11
virtual         0.9005E-10  0.6830E-09  0.1044E-10  0.2732E-11  0.2690E-09
                0.1224E-10  0.9172E-11  0.8923E-10  0.1276E-11  0.9616E-13
                0.1211E-10  0.1422E-10  0.1361E-08  0.1432E-08  0.7830E-11
                0.3095E-11  0.5642E-11  0.4125E-10
 
   SCF   Iteration =           20
   Final Energy    =   -20.8179447059518     
 
 
  CHISQ    =   0.0010316238
 
  Poisson It,Dist =           60  9.967499804999880E-005
  HFEX  =   -1.98417739124157     
 
  Number of OEP Cycles    =  184
  Total OEP Energy (a.u.) =    -16.8813895
  Delta E          (a.u.) =      0.0000067
  Norm of delta Veff =   4.515246543994002E-005
 
 Initializing start point of RANFQ
 
  18855 points have been accepted
 out of 102400 trials.
 
  ---- Orbital EigenValues ---- 
 Alpha   A1      -1.203841   -0.756153   -0.617177   -0.543425
virtual  A1 V    -0.218731   -0.145316   -0.108150   -0.106020   -0.077333
         A2 V    -0.043092   -0.075281   -0.060467   -0.059189   -0.054367
         A3 V    -0.051011   -0.005028   -0.022903   -0.010483   -0.005006
         A4 V    -0.005407   -0.011340   -0.023597
  ---- Residuals of Orbitals --- 
 Alpha          0.6114E-14  0.2014E-11  0.4388E-12  0.1249E-10
virtual         0.1242E-09  0.2002E-10  0.2565E-10  0.1536E-11  0.1403E-09
                0.9499E-10  0.1534E-10  0.1330E-08  0.2135E-12  0.2004E-11
                0.8667E-10  0.5809E-11  0.1815E-07  0.9178E-09  0.8459E-11
                0.5432E-11  0.1614E-12  0.3814E-09
 
   SCF   Iteration =           20
   Final Energy    =   -20.8169299020783     
 
 
  CHISQ    =   0.0010458866
 
  Poisson It,Dist =           81  9.897285489873027E-005
  HFEX  =   -1.98410408771725     
 
  Number of OEP Cycles    =  185
  Total OEP Energy (a.u.) =    -16.8813983
  Delta E          (a.u.) =     -0.0000087
  Norm of delta Veff =   4.485243833018329E-005
 
 Initializing start point of RANFQ
 
  18819 points have been accepted
 out of 102400 trials.
 
  ---- Orbital EigenValues ---- 
 Alpha   A1      -1.203796   -0.756119   -0.617145   -0.543392
virtual  A1 V    -0.218723   -0.145309   -0.108148   -0.106019   -0.077332
         A2 V    -0.043090   -0.075280   -0.060467   -0.059189   -0.054367
         A3 V    -0.051011   -0.005028   -0.022902   -0.010483   -0.005006
         A4 V    -0.005407   -0.011340   -0.023596
  ---- Residuals of Orbitals --- 
 Alpha          0.3608E-17  0.2648E-12  0.1336E-11  0.5656E-13
virtual         0.3556E-11  0.3928E-09  0.6257E-11  0.4242E-11  0.9944E-10
                0.6551E-10  0.2410E-08  0.1456E-09  0.3242E-12  0.4613E-13
                0.1155E-10  0.3187E-09  0.2713E-09  0.4163E-09  0.8296E-11
                0.4280E-11  0.1072E-06  0.1224E-09
 
   SCF   Iteration =           23
   Final Energy    =   -20.8158035013716     
 
 
  CHISQ    =   0.0010345365
 
  Poisson It,Dist =           69  9.935010518986879E-005
  HFEX  =   -1.98403180047990     
 
  Number of OEP Cycles    =  186
  Total OEP Energy (a.u.) =    -16.8813981
  Delta E          (a.u.) =      0.0000002
  Norm of delta Veff =   4.456810468172605E-005
 
 Initializing start point of RANFQ
 
  18925 points have been accepted
 out of 102400 trials.
 
  ---- Orbital EigenValues ---- 
 Alpha   A1      -1.203752   -0.756086   -0.617114   -0.543360
virtual  A1 V    -0.218716   -0.145302   -0.108146   -0.106017   -0.077331
         A2 V    -0.043088   -0.075281   -0.060467   -0.059189   -0.054367
         A3 V    -0.051011   -0.005028   -0.022901   -0.010483   -0.005006
         A4 V    -0.005407   -0.011340   -0.023594
  ---- Residuals of Orbitals --- 
 Alpha          0.8880E-14  0.1468E-11  0.1272E-10  0.5274E-13
virtual         0.1693E-10  0.4973E-10  0.7598E-11  0.1121E-10  0.1748E-10
                0.4868E-09  0.1754E-08  0.7659E-11  0.5107E-12  0.3853E-13
                0.2097E-10  0.1417E-10  0.4533E-09  0.1579E-08  0.8288E-11
                0.2193E-10  0.1658E-09  0.9593E-09
 
   SCF   Iteration =           23
   Final Energy    =   -20.8147052471153     
 
 
  CHISQ    =   0.0010425204
 
  Poisson It,Dist =           88  9.617807343975767E-005
  HFEX  =   -1.98395795809966     
 
  Number of OEP Cycles    =  187
  Total OEP Energy (a.u.) =    -16.8814074
  Delta E          (a.u.) =     -0.0000093
  Norm of delta Veff =   4.425553308212774E-005
 
 Initializing start point of RANFQ
 
  18975 points have been accepted
 out of 102400 trials.
 
  ---- Orbital EigenValues ---- 
 Alpha   A1      -1.203708   -0.756053   -0.617083   -0.543327
virtual  A1 V    -0.218709   -0.145296   -0.108145   -0.106015   -0.077330
         A2 V    -0.043086   -0.075281   -0.060467   -0.059189   -0.054367
         A3 V    -0.051011   -0.005028   -0.022900   -0.010484   -0.005006
         A4 V    -0.005407   -0.011340   -0.023593
  ---- Residuals of Orbitals --- 
 Alpha          0.2768E-12  0.7439E-11  0.4356E-11  0.7369E-13
virtual         0.1543E-09  0.4742E-10  0.2010E-10  0.1681E-10  0.2732E-09
                0.1795E-07  0.4438E-08  0.7801E-11  0.8755E-12  0.2775E-12
                0.1581E-10  0.3963E-09  0.8801E-09  0.3264E-09  0.9048E-11
                0.3705E-10  0.4034E-10  0.4635E-10
 
   SCF   Iteration =           26
   Final Energy    =   -20.8135774205043     
 
 
  CHISQ    =   0.0010392621
 
  Poisson It,Dist =           85  9.985021808426557E-005
  HFEX  =   -1.98388651039868     
 
  Number of OEP Cycles    =  188
  Total OEP Energy (a.u.) =    -16.8814125
  Delta E          (a.u.) =     -0.0000050
  Norm of delta Veff =   4.396777107896775E-005
 
 Initializing start point of RANFQ
 
  18823 points have been accepted
 out of 102400 trials.
 
  ---- Orbital EigenValues ---- 
 Alpha   A1      -1.203665   -0.756021   -0.617053   -0.543296
virtual  A1 V    -0.218702   -0.145289   -0.108143   -0.106014   -0.077329
         A2 V    -0.043084   -0.075282   -0.060466   -0.059190   -0.054367
         A3 V    -0.051011   -0.005028   -0.022899   -0.010484   -0.005006
         A4 V    -0.005407   -0.011340   -0.023592
  ---- Residuals of Orbitals --- 
 Alpha          0.5260E-12  0.2391E-12  0.6789E-12  0.1407E-12
virtual         0.1636E-10  0.2655E-11  0.3810E-11  0.1346E-10  0.2438E-12
                0.6127E-09  0.4626E-10  0.7528E-09  0.8415E-13  0.2185E-13
                0.7830E-11  0.1911E-09  0.2530E-09  0.3472E-11  0.2683E-08
                0.9080E-11  0.8312E-08  0.4408E-10
 
   SCF   Iteration =           21
   Final Energy    =   -20.8124880737752     
 
 
  CHISQ    =   0.0010233096
 
  Poisson It,Dist =           85  9.959916018363744E-005
  HFEX  =   -1.98382125380083     
 
  Number of OEP Cycles    =  189
  Total OEP Energy (a.u.) =    -16.8814167
  Delta E          (a.u.) =     -0.0000043
  Norm of delta Veff =   4.370633373229313E-005
 
 Initializing start point of RANFQ
 
  18859 points have been accepted
 out of 102400 trials.
 
  ---- Orbital EigenValues ---- 
 Alpha   A1      -1.203622   -0.755988   -0.617022   -0.543264
virtual  A1 V    -0.218695   -0.145282   -0.108141   -0.106012   -0.077327
         A2 V    -0.043082   -0.075282   -0.060466   -0.059190   -0.054367
         A3 V    -0.051011   -0.005028   -0.022898   -0.010484   -0.005006
         A4 V    -0.005407   -0.011340   -0.023591
  ---- Residuals of Orbitals --- 
 Alpha          0.5342E-12  0.1916E-11  0.7609E-12  0.6798E-14
virtual         0.3427E-12  0.3297E-10  0.1295E-11  0.3147E-11  0.2720E-10
                0.1430E-09  0.6529E-10  0.2700E-09  0.2200E-12  0.2799E-13
                0.8257E-12  0.8645E-11  0.3829E-09  0.9962E-12  0.2019E-10
                0.2379E-11  0.1281E-09  0.7625E-09
 
   SCF   Iteration =           26
   Final Energy    =   -20.8114706851010     
 
 
  CHISQ    =   0.0010635526
 
  Poisson It,Dist =           68  9.715701719726745E-005
  HFEX  =   -1.98374614145625     
 
  Number of OEP Cycles    =  190
  Total OEP Energy (a.u.) =    -16.8814126
  Delta E          (a.u.) =      0.0000041
  Norm of delta Veff =   4.339238776870362E-005
 
 Initializing start point of RANFQ
 
  18846 points have been accepted
 out of 102400 trials.
 
  ---- Orbital EigenValues ---- 
 Alpha   A1      -1.203579   -0.755956   -0.616992   -0.543232
virtual  A1 V    -0.218687   -0.145276   -0.108140   -0.106011   -0.077326
         A2 V    -0.043080   -0.075282   -0.060466   -0.059190   -0.054367
         A3 V    -0.051011   -0.005028   -0.022897   -0.010485   -0.005006
         A4 V    -0.005407   -0.011340   -0.023590
  ---- Residuals of Orbitals --- 
 Alpha          0.1133E-13  0.9396E-14  0.1008E-10  0.4364E-13
virtual         0.8913E-13  0.3937E-11  0.2234E-10  0.1679E-11  0.4116E-10
                0.4192E-09  0.7848E-10  0.3715E-11  0.4122E-13  0.3703E-13
                0.3501E-11  0.1494E-08  0.3765E-09  0.2019E-12  0.1398E-10
                0.2935E-11  0.1203E-09  0.1779E-09
 
   SCF   Iteration =           24
   Final Energy    =   -20.8103483627353     
 
 
  CHISQ    =   0.0010551399
 
  Poisson It,Dist =           69  9.797930753067803E-005
  HFEX  =   -1.98367593722512     
 
  Number of OEP Cycles    =  191
  Total OEP Energy (a.u.) =    -16.8814159
  Delta E          (a.u.) =     -0.0000033
  Norm of delta Veff =   4.310814729109194E-005
 
 Initializing start point of RANFQ
 
  18856 points have been accepted
 out of 102400 trials.
 
  ---- Orbital EigenValues ---- 
 Alpha   A1      -1.203536   -0.755924   -0.616962   -0.543201
virtual  A1 V    -0.218680   -0.145269   -0.108138   -0.106009   -0.077325
         A2 V    -0.043078   -0.075282   -0.060465   -0.059190   -0.054367
         A3 V    -0.051011   -0.005028   -0.022896   -0.010485   -0.005006
         A4 V    -0.005407   -0.011340   -0.023589
  ---- Residuals of Orbitals --- 
 Alpha          0.1559E-12  0.2569E-11  0.1187E-12  0.1484E-12
virtual         0.1450E-12  0.2294E-10  0.1275E-09  0.6566E-12  0.1120E-10
                0.1220E-11  0.1168E-09  0.1153E-06  0.1765E-12  0.1039E-12
                0.4523E-09  0.6689E-11  0.5778E-08  0.6783E-10  0.4816E-10
                0.1298E-09  0.8317E-11  0.8468E-07
 
   SCF   Iteration =           27
   Final Energy    =   -20.8092766517704     
 
 
  CHISQ    =   0.0010566548
 
  Poisson It,Dist =           74  9.865631702618244E-005
  HFEX  =   -1.98360091438175     
 
  Number of OEP Cycles    =  192
  Total OEP Energy (a.u.) =    -16.8814205
  Delta E          (a.u.) =     -0.0000046
  Norm of delta Veff =   4.279794620604994E-005
 
 Initializing start point of RANFQ
 
  18685 points have been accepted
 out of 102400 trials.
 
  ---- Orbital EigenValues ---- 
 Alpha   A1      -1.203494   -0.755892   -0.616933   -0.543170
virtual  A1 V    -0.218673   -0.145262   -0.108137   -0.106007   -0.077324
         A2 V    -0.043076   -0.075282   -0.060465   -0.059190   -0.054367
         A3 V    -0.051011   -0.005028   -0.022895   -0.010486   -0.005007
         A4 V    -0.005407   -0.011340   -0.023588
  ---- Residuals of Orbitals --- 
 Alpha          0.2011E-11  0.1615E-11  0.1395E-13  0.6996E-14
virtual         0.3718E-13  0.1626E-10  0.9711E-11  0.4244E-12  0.5030E-11
                0.2789E-10  0.5328E-10  0.1613E-07  0.8415E-14  0.1096E-12
                0.1557E-08  0.8012E-11  0.1540E-07  0.1105E-12  0.1031E-10
                0.6819E-12  0.1090E-09  0.1239E-08
 
   SCF   Iteration =           22
   Final Energy    =   -20.8081547964394     
 
 
  CHISQ    =   0.0010722654
 
  Poisson It,Dist =           71  9.837708343650168E-005
  HFEX  =   -1.98353932257125     
 
  Number of OEP Cycles    =  193
  Total OEP Energy (a.u.) =    -16.8814245
  Delta E          (a.u.) =     -0.0000040
  Norm of delta Veff =   4.254570721823321E-005
 
 Initializing start point of RANFQ
 
  18711 points have been accepted
 out of 102400 trials.
 
  ---- Orbital EigenValues ---- 
 Alpha   A1      -1.203452   -0.755861   -0.616903   -0.543139
virtual  A1 V    -0.218666   -0.145256   -0.108135   -0.106006   -0.077323
         A2 V    -0.043074   -0.075283   -0.060465   -0.059190   -0.054367
         A3 V    -0.051011   -0.005028   -0.022892   -0.010486   -0.005007
         A4 V    -0.005407   -0.011340   -0.023588
  ---- Residuals of Orbitals --- 
 Alpha          0.1675E-12  0.5694E-12  0.1633E-10  0.9407E-13
virtual         0.1154E-12  0.1814E-09  0.2539E-09  0.3360E-10  0.5534E-11
                0.1665E-09  0.4235E-08  0.8343E-08  0.4972E-13  0.4433E-12
                0.1977E-09  0.1216E-10  0.2218E-09  0.4987E-11  0.1824E-10
                0.8521E-12  0.2542E-09  0.2439E-07
 
   SCF   Iteration =           21
   Final Energy    =   -20.8071811479261     
 
 
  CHISQ    =   0.0010471679
 
  Poisson It,Dist =           62  9.928766563550963E-005
  HFEX  =   -1.98347930099696     
 
  Number of OEP Cycles    =  194
  Total OEP Energy (a.u.) =    -16.8814224
  Delta E          (a.u.) =      0.0000021
  Norm of delta Veff =   4.228997813883729E-005
 
 Initializing start point of RANFQ
 
  18909 points have been accepted
 out of 102400 trials.
 
  ---- Orbital EigenValues ---- 
 Alpha   A1      -1.203410   -0.755829   -0.616874   -0.543109
virtual  A1 V    -0.218659   -0.145249   -0.108134   -0.106004   -0.077322
         A2 V    -0.043072   -0.075283   -0.060465   -0.059191   -0.054368
         A3 V    -0.051011   -0.005028   -0.022891   -0.010486   -0.005007
         A4 V    -0.005407   -0.011340   -0.023588
  ---- Residuals of Orbitals --- 
 Alpha          0.1226E-16  0.2557E-13  0.1019E-11  0.2314E-10
virtual         0.7893E-12  0.3521E-11  0.4890E-08  0.3451E-11  0.5417E-09
                0.3902E-11  0.1954E-09  0.1733E-07  0.1091E-13  0.5674E-11
                0.8530E-10  0.1729E-10  0.4185E-09  0.4183E-11  0.2833E-09
                0.7988E-10  0.1912E-10  0.3132E-08
 
   SCF   Iteration =           22
   Final Energy    =   -20.8062346121256     
 
 
  CHISQ    =   0.0010528965
 
  Poisson It,Dist =           94  9.523392091442602E-005
  HFEX  =   -1.98340483364319     
 
  Number of OEP Cycles    =  195
  Total OEP Energy (a.u.) =    -16.8814356
  Delta E          (a.u.) =     -0.0000132
  Norm of delta Veff =   4.198988628572412E-005
 
 Initializing start point of RANFQ
 
  18849 points have been accepted
 out of 102400 trials.
 
  ---- Orbital EigenValues ---- 
 Alpha   A1      -1.203368   -0.755798   -0.616845   -0.543079
virtual  A1 V    -0.218653   -0.145243   -0.108132   -0.106003   -0.077321
         A2 V    -0.043070   -0.075283   -0.060465   -0.059191   -0.054368
         A3 V    -0.051011   -0.005028   -0.022890   -0.010487   -0.005006
         A4 V    -0.005407   -0.011340   -0.023587
  ---- Residuals of Orbitals --- 
 Alpha          0.1296E-15  0.1189E-10  0.2265E-10  0.5681E-14
virtual         0.4159E-12  0.6620E-12  0.7052E-08  0.9006E-11  0.2880E-09
                0.2010E-10  0.1670E-08  0.1306E-09  0.7861E-14  0.1468E-13
                0.5602E-09  0.1357E-08  0.6408E-09  0.2619E-12  0.4791E-11
                0.4884E-12  0.3560E-10  0.1492E-08
 
   SCF   Iteration =           21
   Final Energy    =   -20.8051136609500     
 
 
  CHISQ    =   0.0010444840
 
  Poisson It,Dist =           55  9.758584636083852E-005
  HFEX  =   -1.98334245745321     
 
  Number of OEP Cycles    =  196
  Total OEP Energy (a.u.) =    -16.8814261
  Delta E          (a.u.) =      0.0000095
  Norm of delta Veff =   4.174392897628491E-005
 
 Initializing start point of RANFQ
 
  19085 points have been accepted
 out of 102400 trials.
 
  ---- Orbital EigenValues ---- 
 Alpha   A1      -1.203327   -0.755767   -0.616816   -0.543049
virtual  A1 V    -0.218646   -0.145237   -0.108131   -0.106001   -0.077319
         A2 V    -0.043069   -0.075283   -0.060465   -0.059191   -0.054368
         A3 V    -0.051011   -0.005028   -0.022889   -0.010487   -0.005006
         A4 V    -0.005407   -0.011340   -0.023586
  ---- Residuals of Orbitals --- 
 Alpha          0.3995E-13  0.1506E-14  0.6571E-12  0.2249E-12
virtual         0.1558E-10  0.3540E-10  0.1176E-10  0.1105E-11  0.7231E-08
                0.3747E-09  0.1294E-08  0.2635E-10  0.5227E-12  0.2648E-13
                0.1047E-10  0.2834E-10  0.4014E-10  0.2311E-12  0.1865E-09
                0.1301E-11  0.9685E-12  0.4575E-09
 
   SCF   Iteration =           26
   Final Energy    =   -20.8041563950731     
 
 
  CHISQ    =   0.0010867535
 
  Poisson It,Dist =           75  9.942615891550294E-005
  HFEX  =   -1.98326761182514     
 
  Number of OEP Cycles    =  197
  Total OEP Energy (a.u.) =    -16.8814342
  Delta E          (a.u.) =     -0.0000081
  Norm of delta Veff =   4.144295330052580E-005
 
 Initializing start point of RANFQ
 
  18893 points have been accepted
 out of 102400 trials.
 
  ---- Orbital EigenValues ---- 
 Alpha   A1      -1.203286   -0.755736   -0.616788   -0.543019
virtual  A1 V    -0.218639   -0.145230   -0.108129   -0.106000   -0.077318
         A2 V    -0.043067   -0.075284   -0.060465   -0.059191   -0.054368
         A3 V    -0.051011   -0.005028   -0.022888   -0.010487   -0.005006
         A4 V    -0.005407   -0.011340   -0.023585
  ---- Residuals of Orbitals --- 
 Alpha          0.7258E-14  0.8590E-12  0.1229E-11  0.2920E-13
virtual         0.4678E-10  0.2060E-11  0.2094E-08  0.2675E-11  0.9935E-12
                0.4313E-10  0.8138E-09  0.2031E-10  0.3172E-12  0.3975E-12
                0.1504E-08  0.3979E-10  0.4075E-10  0.2173E-10  0.7011E-11
                0.7063E-11  0.4747E-11  0.4957E-09
 
   SCF   Iteration =           19
   Final Energy    =   -20.8030381169651     
 
 
  CHISQ    =   0.0010167141
 
  Poisson It,Dist =           77  9.847052003044950E-005
  HFEX  =   -1.98320959175836     
 
  Number of OEP Cycles    =  198
  Total OEP Energy (a.u.) =    -16.8814415
  Delta E          (a.u.) =     -0.0000073
  Norm of delta Veff =   4.119631737867390E-005
 
 Initializing start point of RANFQ
 
  18897 points have been accepted
 out of 102400 trials.
 
  ---- Orbital EigenValues ---- 
 Alpha   A1      -1.203245   -0.755706   -0.616759   -0.542989
virtual  A1 V    -0.218632   -0.145224   -0.108128   -0.105998   -0.077317
         A2 V    -0.043065   -0.075284   -0.060464   -0.059191   -0.054368
         A3 V    -0.051011   -0.005028   -0.022887   -0.010488   -0.005006
         A4 V    -0.005407   -0.011340   -0.023584
  ---- Residuals of Orbitals --- 
 Alpha          0.3410E-15  0.3808E-10  0.7767E-11  0.1626E-13
virtual         0.1811E-10  0.8471E-11  0.2034E-08  0.1354E-11  0.4019E-09
                0.1066E-09  0.2704E-08  0.6204E-09  0.2246E-12  0.2618E-11
                0.1398E-08  0.6024E-09  0.9327E-10  0.2215E-10  0.1096E-10
                0.1135E-10  0.1745E-12  0.2652E-09
 
   SCF   Iteration =           24
   Final Energy    =   -20.8021088526307     
 
 
  CHISQ    =   0.0010564675
 
  Poisson It,Dist =           65  9.866647221434190E-005
  HFEX  =   -1.98314268618708     
 
  Number of OEP Cycles    =  199
  Total OEP Energy (a.u.) =    -16.8814381
  Delta E          (a.u.) =      0.0000034
  Norm of delta Veff =   4.092808026259847E-005
 
 Initializing start point of RANFQ
 
  18845 points have been accepted
 out of 102400 trials.
 
  ---- Orbital EigenValues ---- 
 Alpha   A1      -1.203205   -0.755676   -0.616731   -0.542960
virtual  A1 V    -0.218625   -0.145218   -0.108126   -0.105997   -0.077316
         A2 V    -0.043063   -0.075284   -0.060464   -0.059191   -0.054368
         A3 V    -0.051011   -0.005028   -0.022886   -0.010488   -0.005006
         A4 V    -0.005407   -0.011340   -0.023583
  ---- Residuals of Orbitals --- 
 Alpha          0.2602E-15  0.3038E-12  0.5317E-15  0.4125E-12
virtual         0.5143E-09  0.1344E-09  0.1312E-09  0.6860E-12  0.3676E-09
                0.1047E-11  0.2876E-09  0.3669E-08  0.8069E-12  0.5288E-11
                0.5793E-11  0.2112E-10  0.2761E-09  0.8886E-11  0.6713E-10
                0.7591E-11  0.1424E-12  0.4490E-09
 
   SCF   Iteration =           20
   Final Energy    =   -20.8010999844816     
 
 
  CHISQ    =   0.0010575368
 
  Poisson It,Dist =           66  9.750491509692217E-005
  HFEX  =   -1.98307312108124     
 
  Number of OEP Cycles    =  200
  Total OEP Energy (a.u.) =    -16.8814393
  Delta E          (a.u.) =     -0.0000012
  Norm of delta Veff =   4.064269936624450E-005
 
 Initializing start point of RANFQ
 
  18978 points have been accepted
 out of 102400 trials.
 
  ---- Orbital EigenValues ---- 
 Alpha   A1      -1.203165   -0.755645   -0.616703   -0.542931
virtual  A1 V    -0.218619   -0.145212   -0.108125   -0.105995   -0.077315
         A2 V    -0.043061   -0.075284   -0.060464   -0.059191   -0.054368
         A3 V    -0.051011   -0.005028   -0.022885   -0.010488   -0.005006
         A4 V    -0.005407   -0.011340   -0.023582
  ---- Residuals of Orbitals --- 
 Alpha          0.2958E-13  0.1396E-11  0.3115E-12  0.2314E-10
virtual         0.3372E-10  0.1613E-11  0.1655E-09  0.6536E-12  0.3875E-09
                0.1303E-11  0.9126E-10  0.1604E-10  0.6233E-12  0.3631E-13
                0.3925E-10  0.1357E-10  0.1402E-09  0.8907E-09  0.6884E-11
                0.1048E-11  0.1795E-10  0.6175E-10
 
   SCF   Iteration =           23
   Final Energy    =   -20.8000565925722     
 
 
  CHISQ    =   0.0010505268
 
  Poisson It,Dist =           86  9.877448355774816E-005
  HFEX  =   -1.98301158520799     
 
  Number of OEP Cycles    =  201
  Total OEP Energy (a.u.) =    -16.8814496
  Delta E          (a.u.) =     -0.0000103
  Norm of delta Veff =   4.038257358321459E-005
 
 Initializing start point of RANFQ
 
  19208 points have been accepted
 out of 102400 trials.
 
  ---- Orbital EigenValues ---- 
 Alpha   A1      -1.203125   -0.755615   -0.616676   -0.542902
virtual  A1 V    -0.218612   -0.145206   -0.108123   -0.105994   -0.077314
         A2 V    -0.043059   -0.075284   -0.060464   -0.059192   -0.054368
         A3 V    -0.051011   -0.005028   -0.022884   -0.010489   -0.005006
         A4 V    -0.005407   -0.011340   -0.023581
  ---- Residuals of Orbitals --- 
 Alpha          0.9162E-12  0.7970E-12  0.3539E-11  0.6809E-12
virtual         0.7030E-13  0.3363E-09  0.9616E-11  0.4645E-12  0.2037E-10
                0.9180E-09  0.1604E-10  0.6979E-09  0.4814E-13  0.8099E-12
                0.1907E-09  0.1438E-10  0.1118E-09  0.2515E-10  0.6517E-11
                0.5665E-11  0.1233E-12  0.9530E-10
 
   SCF   Iteration =           21
   Final Energy    =   -20.7990928753819     
 
 
  CHISQ    =   0.0010623203
 
  Poisson It,Dist =           53  9.797933972257507E-005
  HFEX  =   -1.98295484730851     
 
  Number of OEP Cycles    =  202
  Total OEP Energy (a.u.) =    -16.8814405
  Delta E          (a.u.) =      0.0000090
  Norm of delta Veff =   4.016488382327553E-005
 
 Initializing start point of RANFQ
 
  18868 points have been accepted
 out of 102400 trials.
 
  ---- Orbital EigenValues ---- 
 Alpha   A1      -1.203086   -0.755586   -0.616648   -0.542874
virtual  A1 V    -0.218606   -0.145199   -0.108122   -0.105992   -0.077313
         A2 V    -0.043058   -0.075285   -0.060464   -0.059192   -0.054368
         A3 V    -0.051011   -0.005028   -0.022883   -0.010489   -0.005006
         A4 V    -0.005407   -0.011340   -0.023580
  ---- Residuals of Orbitals --- 
 Alpha          0.1166E-12  0.1576E-10  0.2042E-10  0.7790E-11
virtual         0.2325E-12  0.1894E-08  0.5595E-10  0.5961E-12  0.2870E-09
                0.1735E-07  0.7030E-10  0.1626E-10  0.5605E-13  0.9741E-12
                0.3579E-11  0.1820E-10  0.1166E-09  0.4019E-10  0.3732E-10
                0.9216E-12  0.5253E-12  0.1005E-09
 
   SCF   Iteration =           26
   Final Energy    =   -20.7982036475522     
 
 
  CHISQ    =   0.0010629877
 
  Poisson It,Dist =           86  9.862212515469819E-005
  HFEX  =   -1.98288902782164     
 
  Number of OEP Cycles    =  203
  Total OEP Energy (a.u.) =    -16.8814518
  Delta E          (a.u.) =     -0.0000112
  Norm of delta Veff =   3.989273690430360E-005
 
 Initializing start point of RANFQ
 
  18996 points have been accepted
 out of 102400 trials.
 
  ---- Orbital EigenValues ---- 
 Alpha   A1      -1.203046   -0.755556   -0.616621   -0.542845
virtual  A1 V    -0.218599   -0.145193   -0.108120   -0.105991   -0.077312
         A2 V    -0.043056   -0.075285   -0.060464   -0.059192   -0.054368
         A3 V    -0.051011   -0.005028   -0.022882   -0.010489   -0.005006
         A4 V    -0.005407   -0.011340   -0.023580
  ---- Residuals of Orbitals --- 
 Alpha          0.1051E-11  0.4614E-12  0.9905E-13  0.6873E-14
virtual         0.2802E-11  0.2582E-10  0.3293E-09  0.6030E-12  0.9517E-09
                0.7965E-10  0.1056E-10  0.2064E-09  0.3802E-12  0.4940E-13
                0.9543E-10  0.5507E-10  0.1326E-08  0.2073E-12  0.1622E-09
                0.1205E-11  0.1027E-12  0.3249E-09
 
   SCF   Iteration =           27
   Final Energy    =   -20.7971972268229     
 
 
  CHISQ    =   0.0010506524
 
  Poisson It,Dist =           78  9.774771813782011E-005
  HFEX  =   -1.98282524875498     
 
  Number of OEP Cycles    =  204
  Total OEP Energy (a.u.) =    -16.8814539
  Delta E          (a.u.) =     -0.0000021
  Norm of delta Veff =   3.962315280305046E-005
 
 Initializing start point of RANFQ
 
  18768 points have been accepted
 out of 102400 trials.
 
  ---- Orbital EigenValues ---- 
 Alpha   A1      -1.203007   -0.755527   -0.616594   -0.542817
virtual  A1 V    -0.218593   -0.145187   -0.108119   -0.105990   -0.077311
         A2 V    -0.043054   -0.075285   -0.060463   -0.059192   -0.054368
         A3 V    -0.051011   -0.005028   -0.022881   -0.010490   -0.005006
         A4 V    -0.005407   -0.011340   -0.023579
  ---- Residuals of Orbitals --- 
 Alpha          0.9493E-14  0.3289E-11  0.5811E-13  0.4332E-13
virtual         0.1984E-11  0.1690E-07  0.8672E-11  0.8566E-12  0.3440E-07
                0.1183E-10  0.1977E-10  0.7062E-09  0.3234E-12  0.6701E-12
                0.1735E-09  0.2227E-10  0.4259E-09  0.9220E-12  0.5877E-08
                0.4195E-11  0.1134E-12  0.1964E-09
 
   SCF   Iteration =           19
   Final Energy    =   -20.7962208436405     
 
 
  CHISQ    =   0.0010539047
 
  Poisson It,Dist =           68  9.923025472503592E-005
  HFEX  =   -1.98276147040303     
 
  Number of OEP Cycles    =  205
  Total OEP Energy (a.u.) =    -16.8814541
  Delta E          (a.u.) =     -0.0000003
  Norm of delta Veff =   3.936447383055001E-005
 
 Initializing start point of RANFQ
 
  18749 points have been accepted
 out of 102400 trials.
 
  ---- Orbital EigenValues ---- 
 Alpha   A1      -1.202968   -0.755498   -0.616567   -0.542789
virtual  A1 V    -0.218586   -0.145181   -0.108118   -0.105988   -0.077310
         A2 V    -0.043052   -0.075285   -0.060463   -0.059192   -0.054368
         A3 V    -0.051011   -0.005028   -0.022881   -0.010490   -0.005006
         A4 V    -0.005407   -0.011340   -0.023578
  ---- Residuals of Orbitals --- 
 Alpha          0.1453E-13  0.6001E-11  0.8246E-14  0.1481E-13
virtual         0.2276E-10  0.3412E-09  0.4872E-10  0.1858E-11  0.6742E-10
                0.2215E-08  0.2218E-11  0.3264E-08  0.4608E-12  0.5505E-10
                0.1948E-08  0.1323E-10  0.3119E-10  0.6644E-10  0.3260E-09
                0.1124E-11  0.5888E-11  0.6087E-08
 
   SCF   Iteration =           22
   Final Energy    =   -20.7952527566602     
 
 
  CHISQ    =   0.0010543609
 
  Poisson It,Dist =           81  9.602710708478858E-005
  HFEX  =   -1.98270415770329     
 
  Number of OEP Cycles    =  206
  Total OEP Energy (a.u.) =    -16.8814617
  Delta E          (a.u.) =     -0.0000076
  Norm of delta Veff =   3.912661646144250E-005
 
 Initializing start point of RANFQ
 
  18876 points have been accepted
 out of 102400 trials.
 
  ---- Orbital EigenValues ---- 
 Alpha   A1      -1.202930   -0.755468   -0.616541   -0.542761
virtual  A1 V    -0.218580   -0.145175   -0.108116   -0.105987   -0.077309
         A2 V    -0.043050   -0.075286   -0.060463   -0.059192   -0.054368
         A3 V    -0.051011   -0.005028   -0.022880   -0.010490   -0.005006
         A4 V    -0.005407   -0.011340   -0.023577
  ---- Residuals of Orbitals --- 
 Alpha          0.6352E-13  0.2145E-12  0.1734E-10  0.1122E-11
virtual         0.2847E-11  0.1294E-09  0.2759E-11  0.9048E-12  0.4586E-09
                0.9738E-09  0.1439E-10  0.3137E-09  0.1501E-13  0.3391E-14
                0.2279E-09  0.7192E-11  0.5796E-10  0.8852E-11  0.2367E-10
                0.1530E-11  0.5234E-12  0.1585E-10
 
   SCF   Iteration =           19
   Final Energy    =   -20.7943462326236     
 
 
  CHISQ    =   0.0010619016
 
  Poisson It,Dist =           59  9.654915699543971E-005
  HFEX  =   -1.98264727828278     
 
  Number of OEP Cycles    =  207
  Total OEP Energy (a.u.) =    -16.8814544
  Delta E          (a.u.) =      0.0000073
  Norm of delta Veff =   3.889676351614737E-005
 
 Initializing start point of RANFQ
 
  18657 points have been accepted
 out of 102400 trials.
 
  ---- Orbital EigenValues ---- 
 Alpha   A1      -1.202892   -0.755440   -0.616514   -0.542734
virtual  A1 V    -0.218573   -0.145170   -0.108115   -0.105985   -0.077307
         A2 V    -0.043049   -0.075286   -0.060463   -0.059192   -0.054369
         A3 V    -0.051011   -0.005028   -0.022879   -0.010491   -0.005006
         A4 V    -0.005407   -0.011340   -0.023576
  ---- Residuals of Orbitals --- 
 Alpha          0.2074E-14  0.1491E-13  0.7769E-12  0.4260E-12
virtual         0.3842E-11  0.7045E-11  0.7614E-10  0.2647E-09  0.7933E-10
                0.1624E-10  0.1666E-10  0.4314E-10  0.1796E-13  0.5323E-10
                0.3047E-10  0.1395E-09  0.4998E-10  0.1246E-11  0.6881E-11
                0.1039E-11  0.5175E-11  0.4981E-09
 
   SCF   Iteration =           27
   Final Energy    =   -20.7934628481957     
 
 
  CHISQ    =   0.0010336004
 
  Poisson It,Dist =           72  9.602381405286213E-005
  HFEX  =   -1.98257250526204     
 
  Number of OEP Cycles    =  208
  Total OEP Energy (a.u.) =    -16.8814584
  Delta E          (a.u.) =     -0.0000040
  Norm of delta Veff =   3.858695721301805E-005
 
 Initializing start point of RANFQ
 
  18873 points have been accepted
 out of 102400 trials.
 
  ---- Orbital EigenValues ---- 
 Alpha   A1      -1.202854   -0.755411   -0.616488   -0.542707
virtual  A1 V    -0.218567   -0.145164   -0.108113   -0.105984   -0.077306
         A2 V    -0.043047   -0.075286   -0.060463   -0.059193   -0.054369
         A3 V    -0.051011   -0.005028   -0.022878   -0.010491   -0.005006
         A4 V    -0.005407   -0.011340   -0.023575
  ---- Residuals of Orbitals --- 
 Alpha          0.3730E-13  0.1314E-11  0.1107E-11  0.5248E-11
virtual         0.9554E-13  0.1025E-09  0.2409E-11  0.2214E-09  0.1252E-08
                0.4872E-10  0.5135E-11  0.1870E-10  0.1707E-12  0.3309E-10
                0.1695E-10  0.2786E-10  0.1392E-10  0.3340E-11  0.1149E-10
                0.5463E-11  0.9342E-13  0.1128E-08
 
   SCF   Iteration =           25
   Final Energy    =   -20.7923729035203     
 
 
  CHISQ    =   0.0010586986
 
  Poisson It,Dist =           84  9.956152352415798E-005
  HFEX  =   -1.98251077536310     
 
  Number of OEP Cycles    =  209
  Total OEP Energy (a.u.) =    -16.8814688
  Delta E          (a.u.) =     -0.0000105
  Norm of delta Veff =   3.833197418317961E-005
 
 Initializing start point of RANFQ
 
  18937 points have been accepted
 out of 102400 trials.
 
  ---- Orbital EigenValues ---- 
 Alpha   A1      -1.202816   -0.755383   -0.616462   -0.542680
virtual  A1 V    -0.218561   -0.145158   -0.108112   -0.105983   -0.077305
         A2 V    -0.043045   -0.075286   -0.060463   -0.059193   -0.054369
         A3 V    -0.051011   -0.005028   -0.022877   -0.010491   -0.005006
         A4 V    -0.005407   -0.011340   -0.023574
  ---- Residuals of Orbitals --- 
 Alpha          0.2031E-11  0.4585E-13  0.4423E-12  0.1625E-10
virtual         0.5489E-13  0.1511E-11  0.3051E-10  0.3433E-10  0.6135E-11
                0.4527E-11  0.2155E-10  0.2518E-08  0.1590E-11  0.2068E-11
                0.2893E-10  0.5325E-11  0.2090E-08  0.3709E-11  0.1220E-10
                0.4266E-11  0.3365E-12  0.5836E-10
 
   SCF   Iteration =           25
   Final Energy    =   -20.7914233471947     
 
 
  CHISQ    =   0.0010825423
 
  Poisson It,Dist =           58  9.892752114363859E-005
  HFEX  =   -1.98245949987605     
 
  Number of OEP Cycles    =  210
  Total OEP Energy (a.u.) =    -16.8814618
  Delta E          (a.u.) =      0.0000070
  Norm of delta Veff =   3.812501285969789E-005
 
 Initializing start point of RANFQ
 
  18950 points have been accepted
 out of 102400 trials.
 
  ---- Orbital EigenValues ---- 
 Alpha   A1      -1.202778   -0.755354   -0.616436   -0.542653
virtual  A1 V    -0.218555   -0.145152   -0.108111   -0.105981   -0.077304
         A2 V    -0.043043   -0.075286   -0.060462   -0.059193   -0.054369
         A3 V    -0.051011   -0.005028   -0.022876   -0.010492   -0.005006
         A4 V    -0.005407   -0.011340   -0.023573
  ---- Residuals of Orbitals --- 
 Alpha          0.2987E-12  0.1481E-12  0.6660E-11  0.1079E-12
virtual         0.9937E-11  0.3273E-10  0.5301E-10  0.2952E-10  0.6913E-09
                0.5356E-11  0.1666E-09  0.1109E-10  0.1482E-12  0.9614E-10
                0.1485E-10  0.6726E-11  0.4650E-10  0.2142E-11  0.6910E-11
                0.2636E-11  0.3229E-11  0.6565E-09
 
   SCF   Iteration =           24
   Final Energy    =   -20.7906037182758     
 
 
  CHISQ    =   0.0010727743
 
  Poisson It,Dist =           73  9.748448389073226E-005
  HFEX  =   -1.98239606265612     
 
  Number of OEP Cycles    =  211
  Total OEP Energy (a.u.) =    -16.8814658
  Delta E          (a.u.) =     -0.0000040
  Norm of delta Veff =   3.786171276587195E-005
 
 Initializing start point of RANFQ
 
  18815 points have been accepted
 out of 102400 trials.
 
  ---- Orbital EigenValues ---- 
 Alpha   A1      -1.202741   -0.755326   -0.616411   -0.542626
virtual  A1 V    -0.218548   -0.145146   -0.108109   -0.105980   -0.077303
         A2 V    -0.043042   -0.075287   -0.060462   -0.059193   -0.054369
         A3 V    -0.051011   -0.005028   -0.022875   -0.010492   -0.005006
         A4 V    -0.005407   -0.011340   -0.023572
  ---- Residuals of Orbitals --- 
 Alpha          0.8426E-12  0.4030E-12  0.9329E-14  0.8824E-13
virtual         0.3973E-08  0.3043E-10  0.2217E-09  0.1590E-10  0.6770E-12
                0.2505E-09  0.1100E-10  0.7904E-10  0.5523E-13  0.1733E-10
                0.3626E-10  0.9284E-11  0.9955E-09  0.3259E-11  0.8434E-11
                0.1207E-11  0.9176E-13  0.4508E-09
 
   SCF   Iteration =           20
   Final Energy    =   -20.7896451436620     
 
 
  CHISQ    =   0.0010525675
 
  Poisson It,Dist =           73  9.579655724307628E-005
  HFEX  =   -1.98234245316099     
 
  Number of OEP Cycles    =  212
  Total OEP Energy (a.u.) =    -16.8814711
  Delta E          (a.u.) =     -0.0000053
  Norm of delta Veff =   3.764635555481016E-005
 
 Initializing start point of RANFQ
 
  18990 points have been accepted
 out of 102400 trials.
 
  ---- Orbital EigenValues ---- 
 Alpha   A1      -1.202704   -0.755298   -0.616385   -0.542600
virtual  A1 V    -0.218542   -0.145141   -0.108108   -0.105979   -0.077302
         A2 V    -0.043040   -0.075287   -0.060462   -0.059193   -0.054369
         A3 V    -0.051011   -0.005028   -0.022874   -0.010492   -0.005006
         A4 V    -0.005407   -0.011340   -0.023572
  ---- Residuals of Orbitals --- 
 Alpha          0.1208E-12  0.1280E-12  0.3041E-12  0.6385E-14
virtual         0.1728E-09  0.1736E-10  0.4738E-11  0.5430E-10  0.3092E-12
                0.4793E-10  0.2485E-12  0.1751E-10  0.5544E-13  0.1768E-09
                0.3541E-11  0.1613E-10  0.1198E-09  0.1332E-11  0.8566E-11
                0.1469E-12  0.7340E-12  0.3351E-10
 
   SCF   Iteration =           19
   Final Energy    =   -20.7887950825374     
 
 
  CHISQ    =   0.0010708459
 
  Poisson It,Dist =           63  9.915145289220993E-005
  HFEX  =   -1.98228299953846     
 
  Number of OEP Cycles    =  213
  Total OEP Energy (a.u.) =    -16.8814683
  Delta E          (a.u.) =      0.0000029
  Norm of delta Veff =   3.739997689952665E-005
 
 Initializing start point of RANFQ
 
  18691 points have been accepted
 out of 102400 trials.
 
  ---- Orbital EigenValues ---- 
 Alpha   A1      -1.202667   -0.755271   -0.616360   -0.542573
virtual  A1 V    -0.218536   -0.145135   -0.108107   -0.105977   -0.077301
         A2 V    -0.043038   -0.075287   -0.060462   -0.059193   -0.054369
         A3 V    -0.051011   -0.005028   -0.022873   -0.010493   -0.005006
         A4 V    -0.005407   -0.011340   -0.023571
  ---- Residuals of Orbitals --- 
 Alpha          0.3834E-16  0.5907E-12  0.1542E-11  0.7495E-13
virtual         0.3725E-09  0.4181E-10  0.3589E-10  0.8684E-10  0.1881E-11
                0.1411E-11  0.4111E-10  0.8859E-10  0.1306E-12  0.7369E-11
                0.1923E-11  0.8037E-10  0.2940E-10  0.1923E-11  0.6682E-11
                0.1291E-12  0.9803E-13  0.2855E-09
 
   SCF   Iteration =           20
   Final Energy    =   -20.7878860523525     
 
 
  CHISQ    =   0.0010363093
 
  Poisson It,Dist =           93  9.814614061580794E-005
  HFEX  =   -1.98222227811088     
 
  Number of OEP Cycles    =  214
  Total OEP Energy (a.u.) =    -16.8814785
  Delta E          (a.u.) =     -0.0000102
  Norm of delta Veff =   3.714699907572612E-005
 
 Initializing start point of RANFQ
 
  18687 points have been accepted
 out of 102400 trials.
 
  ---- Orbital EigenValues ---- 
 Alpha   A1      -1.202631   -0.755243   -0.616335   -0.542547
virtual  A1 V    -0.218530   -0.145129   -0.108105   -0.105976   -0.077300
         A2 V    -0.043037   -0.075287   -0.060462   -0.059193   -0.054369
         A3 V    -0.051011   -0.005028   -0.022873   -0.010493   -0.005006
         A4 V    -0.005407   -0.011340   -0.023570
  ---- Residuals of Orbitals --- 
 Alpha          0.8508E-13  0.7868E-12  0.7423E-12  0.2645E-11
virtual         0.4876E-10  0.5478E-10  0.1159E-09  0.2975E-10  0.5417E-12
                0.1444E-11  0.1939E-12  0.5852E-11  0.4339E-13  0.5006E-11
                0.5693E-12  0.5156E-10  0.1123E-09  0.5919E-11  0.7685E-11
                0.1058E-12  0.1179E-12  0.2814E-09
 
   SCF   Iteration =           19
   Final Energy    =   -20.7869537511871     
 
 
  CHISQ    =   0.0010438606
 
  Poisson It,Dist =           70  9.933560927278450E-005
  HFEX  =   -1.98216437880004     
 
  Number of OEP Cycles    =  215
  Total OEP Energy (a.u.) =    -16.8814759
  Delta E          (a.u.) =      0.0000025
  Norm of delta Veff =   3.691287693548269E-005
 
 Initializing start point of RANFQ
 
  18727 points have been accepted
 out of 102400 trials.
 
  ---- Orbital EigenValues ---- 
 Alpha   A1      -1.202594   -0.755216   -0.616310   -0.542522
virtual  A1 V    -0.218524   -0.145124   -0.108104   -0.105975   -0.077299
         A2 V    -0.043035   -0.075287   -0.060462   -0.059193   -0.054369
         A3 V    -0.051011   -0.005028   -0.022872   -0.010493   -0.005006
         A4 V    -0.005407   -0.011340   -0.023569
  ---- Residuals of Orbitals --- 
 Alpha          0.1179E-10  0.2841E-13  0.3626E-10  0.2014E-12
virtual         0.4516E-13  0.1657E-11  0.2277E-10  0.1056E-10  0.2591E-12
                0.7245E-12  0.1060E-11  0.5159E-08  0.6515E-12  0.2425E-11
                0.1193E-12  0.5277E-11  0.9098E-10  0.1173E-10  0.1392E-08
                0.1242E-11  0.9180E-13  0.1189E-10
 
   SCF   Iteration =           26
   Final Energy    =   -20.7860725238022     
 
 
  CHISQ    =   0.0010535163
 
  Poisson It,Dist =           60  9.969777253785700E-005
  HFEX  =   -1.98210550867512     
 
  Number of OEP Cycles    =  216
  Total OEP Energy (a.u.) =    -16.8814720
  Delta E          (a.u.) =      0.0000039
  Norm of delta Veff =   3.667493736141572E-005
 
 Initializing start point of RANFQ
 
  18926 points have been accepted
 out of 102400 trials.
 
  ---- Orbital EigenValues ---- 
 Alpha   A1      -1.202558   -0.755189   -0.616286   -0.542496
virtual  A1 V    -0.218518   -0.145118   -0.108103   -0.105973   -0.077298
         A2 V    -0.043033   -0.075288   -0.060461   -0.059194   -0.054369
         A3 V    -0.051011   -0.005028   -0.022871   -0.010494   -0.005006
         A4 V    -0.005407   -0.011340   -0.023568
  ---- Residuals of Orbitals --- 
 Alpha          0.3551E-12  0.4535E-12  0.3024E-10  0.5102E-14
virtual         0.9429E-13  0.3336E-11  0.3430E-10  0.2000E-11  0.1456E-11
                0.1442E-11  0.2434E-10  0.9284E-10  0.4751E-12  0.2079E-11
                0.5699E-13  0.5282E-11  0.8292E-09  0.1041E-12  0.6524E-10
                0.5100E-12  0.8964E-11  0.2385E-10
 
   SCF   Iteration =           21
   Final Energy    =   -20.7851816138813     
 
 
  CHISQ    =   0.0010494868
 
  Poisson It,Dist =           67  9.789487978523226E-005
  HFEX  =   -1.98205187704929     
 
  Number of OEP Cycles    =  217
  Total OEP Energy (a.u.) =    -16.8814767
  Delta E          (a.u.) =     -0.0000047
  Norm of delta Veff =   3.645349002343107E-005
 
 Initializing start point of RANFQ
 
  18762 points have been accepted
 out of 102400 trials.
 
  ---- Orbital EigenValues ---- 
 Alpha   A1      -1.202523   -0.755162   -0.616261   -0.542471
virtual  A1 V    -0.218512   -0.145113   -0.108102   -0.105972   -0.077297
         A2 V    -0.043032   -0.075288   -0.060461   -0.059194   -0.054369
         A3 V    -0.051011   -0.005028   -0.022870   -0.010494   -0.005006
         A4 V    -0.005407   -0.011340   -0.023567
  ---- Residuals of Orbitals --- 
 Alpha          0.2909E-11  0.1434E-10  0.8080E-11  0.1636E-11
virtual         0.3474E-13  0.3778E-12  0.7957E-11  0.1456E-06  0.1217E-10
                0.4911E-11  0.1928E-08  0.4094E-10  0.3930E-12  0.8545E-11
                0.7914E-13  0.5277E-11  0.1334E-08  0.8214E-13  0.5564E-10
                0.1346E-12  0.4507E-12  0.3932E-09
 
   SCF   Iteration =           24
   Final Energy    =   -20.7843388567356     
 
 
  CHISQ    =   0.0010606187
 
  Poisson It,Dist =           63  9.249213430560185E-005
  HFEX  =   -1.98199426006522     
 
  Number of OEP Cycles    =  218
  Total OEP Energy (a.u.) =    -16.8814757
  Delta E          (a.u.) =      0.0000010
  Norm of delta Veff =   3.621564090004660E-005
 
 Initializing start point of RANFQ
 
  19011 points have been accepted
 out of 102400 trials.
 
  ---- Orbital EigenValues ---- 
 Alpha   A1      -1.202487   -0.755135   -0.616237   -0.542445
virtual  A1 V    -0.218506   -0.145107   -0.108100   -0.105971   -0.077296
         A2 V    -0.043030   -0.075288   -0.060461   -0.059194   -0.054369
         A3 V    -0.051011   -0.005028   -0.022869   -0.010494   -0.005006
         A4 V    -0.005407   -0.011340   -0.023567
  ---- Residuals of Orbitals --- 
 Alpha          0.5553E-12  0.2038E-11  0.6542E-13  0.5588E-13
virtual         0.6434E-13  0.6448E-12  0.7844E-11  0.6646E-11  0.1987E-10
                0.1029E-10  0.2387E-10  0.5846E-09  0.1042E-12  0.3629E-11
                0.4502E-12  0.5291E-11  0.5048E-09  0.9631E-13  0.4510E-09
                0.2226E-12  0.2767E-11  0.6025E-11
 
   SCF   Iteration =           19
   Final Energy    =   -20.7834587237500     
 
 
  CHISQ    =   0.0010546473
 
  Poisson It,Dist =           78  9.682467041463499E-005
  HFEX  =   -1.98193479253019     
 
  Number of OEP Cycles    =  219
  Total OEP Energy (a.u.) =    -16.8814818
  Delta E          (a.u.) =     -0.0000061
  Norm of delta Veff =   3.596892681180062E-005
 
 Initializing start point of RANFQ
 
  18905 points have been accepted
 out of 102400 trials.
 
  ---- Orbital EigenValues ---- 
 Alpha   A1      -1.202452   -0.755108   -0.616213   -0.542420
virtual  A1 V    -0.218500   -0.145102   -0.108099   -0.105970   -0.077295
         A2 V    -0.043029   -0.075288   -0.060461   -0.059194   -0.054369
         A3 V    -0.051011   -0.005028   -0.022868   -0.010495   -0.005006
         A4 V    -0.005407   -0.011340   -0.023566
  ---- Residuals of Orbitals --- 
 Alpha          0.5270E-13  0.5991E-11  0.2197E-14  0.1518E-10
virtual         0.4299E-13  0.5072E-09  0.6656E-12  0.2044E-09  0.7076E-12
                0.1445E-10  0.3456E-11  0.2851E-11  0.5681E-14  0.9808E-12
                0.1332E-12  0.5314E-11  0.3138E-10  0.1073E-12  0.7142E-11
                0.4447E-10  0.2581E-11  0.2420E-09
 
   SCF   Iteration =           24
   Final Energy    =   -20.7825509949714     
 
 
  CHISQ    =   0.0010506044
 
  Poisson It,Dist =           64  9.969717421679933E-005
  HFEX  =   -1.98187803506581     
 
  Number of OEP Cycles    =  220
  Total OEP Energy (a.u.) =    -16.8814786
  Delta E          (a.u.) =      0.0000031
  Norm of delta Veff =   3.573822376011892E-005
 
 Initializing start point of RANFQ
 
  18897 points have been accepted
 out of 102400 trials.
 
  ---- Orbital EigenValues ---- 
 Alpha   A1      -1.202417   -0.755082   -0.616189   -0.542396
virtual  A1 V    -0.218494   -0.145097   -0.108098   -0.105968   -0.077295
         A2 V    -0.043027   -0.075288   -0.060461   -0.059194   -0.054369
         A3 V    -0.051011   -0.005028   -0.022868   -0.010495   -0.005006
         A4 V    -0.005407   -0.011340   -0.023565
  ---- Residuals of Orbitals --- 
 Alpha          0.2047E-11  0.3464E-13  0.1093E-11  0.5723E-11
virtual         0.9294E-12  0.2480E-09  0.2458E-09  0.2839E-11  0.9222E-12
                0.1464E-09  0.3050E-12  0.1591E-11  0.1710E-12  0.3675E-11
                0.5600E-13  0.5415E-11  0.4011E-09  0.1226E-12  0.9999E-10
                0.5238E-10  0.6027E-11  0.5916E-11
 
   SCF   Iteration =           19
   Final Energy    =   -20.7816924799930     
 
 
  CHISQ    =   0.0010583961
 
  Poisson It,Dist =           86  9.640416356430690E-005
  HFEX  =   -1.98182866301883     
 
  Number of OEP Cycles    =  221
  Total OEP Energy (a.u.) =    -16.8814884
  Delta E          (a.u.) =     -0.0000098
  Norm of delta Veff =   3.553380805601059E-005
 
 Initializing start point of RANFQ
 
  18978 points have been accepted
 out of 102400 trials.
 
  ---- Orbital EigenValues ---- 
 Alpha   A1      -1.202382   -0.755055   -0.616166   -0.542371
virtual  A1 V    -0.218489   -0.145091   -0.108097   -0.105967   -0.077294
         A2 V    -0.043025   -0.075289   -0.060461   -0.059194   -0.054370
         A3 V    -0.051011   -0.005028   -0.022867   -0.010495   -0.005006
         A4 V    -0.005407   -0.011340   -0.023564
  ---- Residuals of Orbitals --- 
 Alpha          0.7676E-11  0.1183E-11  0.3300E-12  0.3300E-11
virtual         0.6062E-12  0.1004E-10  0.1570E-09  0.3218E-11  0.1586E-09
                0.1334E-09  0.2177E-11  0.1477E-11  0.8483E-13  0.2474E-12
                0.6606E-13  0.5476E-11  0.3103E-09  0.6300E-12  0.7324E-10
                0.1545E-11  0.1385E-10  0.6425E-11
 
   SCF   Iteration =           17
   Final Energy    =   -20.7808959904586     
 
 
  CHISQ    =   0.0010840131
 
  Poisson It,Dist =           63  9.917130980502768E-005
  HFEX  =   -1.98177097823226     
 
  Number of OEP Cycles    =  222
  Total OEP Energy (a.u.) =    -16.8814832
  Delta E          (a.u.) =      0.0000052
  Norm of delta Veff =   3.530808156760469E-005
 
 Initializing start point of RANFQ
 
  19005 points have been accepted
 out of 102400 trials.
 
  ---- Orbital EigenValues ---- 
 Alpha   A1      -1.202347   -0.755029   -0.616142   -0.542347
virtual  A1 V    -0.218483   -0.145086   -0.108095   -0.105966   -0.077293
         A2 V    -0.043024   -0.075289   -0.060460   -0.059194   -0.054370
         A3 V    -0.051011   -0.005028   -0.022866   -0.010496   -0.005006
         A4 V    -0.005407   -0.011340   -0.023563
  ---- Residuals of Orbitals --- 
 Alpha          0.1795E-12  0.3914E-15  0.1123E-10  0.2216E-11
virtual         0.5508E-11  0.3295E-09  0.4055E-10  0.1329E-11  0.3050E-10
                0.4820E-11  0.3493E-10  0.1361E-11  0.4121E-12  0.1077E-12
                0.9896E-12  0.1239E-10  0.6558E-11  0.1454E-12  0.3533E-09
                0.1363E-12  0.1785E-11  0.1239E-09
 
   SCF   Iteration =           26
   Final Energy    =   -20.7800317235332     
 
 
  CHISQ    =   0.0010560966
 
  Poisson It,Dist =           64  9.977286866760641E-005
  HFEX  =   -1.98170849446843     
 
  Number of OEP Cycles    =  223
  Total OEP Energy (a.u.) =    -16.8814822
  Delta E          (a.u.) =      0.0000010
  Norm of delta Veff =   3.504580104571342E-005
 
 Initializing start point of RANFQ
 
  18946 points have been accepted
 out of 102400 trials.
 
  ---- Orbital EigenValues ---- 
 Alpha   A1      -1.202313   -0.755003   -0.616119   -0.542323
virtual  A1 V    -0.218477   -0.145081   -0.108094   -0.105965   -0.077292
         A2 V    -0.043022   -0.075289   -0.060460   -0.059194   -0.054370
         A3 V    -0.051011   -0.005029   -0.022865   -0.010496   -0.005006
         A4 V    -0.005407   -0.011340   -0.023563
  ---- Residuals of Orbitals --- 
 Alpha          0.7811E-13  0.9158E-16  0.4727E-11  0.8252E-12
virtual         0.2383E-09  0.1526E-09  0.2148E-11  0.1281E-11  0.4171E-08
                0.3565E-11  0.8068E-11  0.1640E-10  0.2180E-12  0.4862E-13
                0.3828E-11  0.8135E-11  0.3835E-10  0.1882E-12  0.1010E-10
                0.2040E-10  0.5498E-12  0.1651E-08
 
   SCF   Iteration =           22
   Final Energy    =   -20.7791068292391     
 
 
  CHISQ    =   0.0010948339
 
  Poisson It,Dist =           68  9.676985841926915E-005
  HFEX  =   -1.98165767036687     
 
  Number of OEP Cycles    =  224
  Total OEP Energy (a.u.) =    -16.8814874
  Delta E          (a.u.) =     -0.0000052
  Norm of delta Veff =   3.483885608427721E-005
 
 Initializing start point of RANFQ
 
  18881 points have been accepted
 out of 102400 trials.
 
  ---- Orbital EigenValues ---- 
 Alpha   A1      -1.202279   -0.754978   -0.616096   -0.542299
virtual  A1 V    -0.218471   -0.145075   -0.108093   -0.105964   -0.077291
         A2 V    -0.043021   -0.075289   -0.060460   -0.059195   -0.054370
         A3 V    -0.051011   -0.005029   -0.022864   -0.010496   -0.005006
         A4 V    -0.005407   -0.011340   -0.023562
  ---- Residuals of Orbitals --- 
 Alpha          0.3641E-11  0.6423E-12  0.2030E-10  0.4672E-11
virtual         0.2405E-08  0.5336E-10  0.1345E-10  0.1465E-11  0.1053E-09
                0.8021E-11  0.3199E-12  0.7411E-10  0.5694E-11  0.5532E-13
                0.4341E-11  0.8408E-11  0.3241E-10  0.2262E-11  0.6619E-07
                0.6130E-11  0.3867E-11  0.4154E-11
 
   SCF   Iteration =           18
   Final Energy    =   -20.7783064369816     
 
 
  CHISQ    =   0.0010620210
 
  Poisson It,Dist =           58  9.925866823888910E-005
  HFEX  =   -1.98160867366056     
 
  Number of OEP Cycles    =  225
  Total OEP Energy (a.u.) =    -16.8814844
  Delta E          (a.u.) =      0.0000029
  Norm of delta Veff =   3.463890480944409E-005
 
 Initializing start point of RANFQ
 
  19095 points have been accepted
 out of 102400 trials.
 
  ---- Orbital EigenValues ---- 
 Alpha   A1      -1.202245   -0.754952   -0.616073   -0.542275
virtual  A1 V    -0.218466   -0.145070   -0.108092   -0.105962   -0.077290
         A2 V    -0.043019   -0.075289   -0.060460   -0.059195   -0.054370
         A3 V    -0.051011   -0.005029   -0.022864   -0.010496   -0.005006
         A4 V    -0.005407   -0.011340   -0.023561
  ---- Residuals of Orbitals --- 
 Alpha          0.9081E-12  0.2688E-14  0.2711E-10  0.4686E-11
virtual         0.1291E-08  0.1492E-11  0.5656E-10  0.5571E-11  0.1623E-10
                0.3402E-11  0.3644E-12  0.6782E-10  0.4156E-13  0.7970E-13
                0.1764E-10  0.1966E-10  0.1824E-10  0.3217E-11  0.8971E-11
                0.9654E-12  0.1125E-12  0.2970E-08
 
   SCF   Iteration =           25
   Final Energy    =   -20.7775377191762     
 
 
  CHISQ    =   0.0010590705
 
  Poisson It,Dist =           86  9.725314048135193E-005
  HFEX  =   -1.98155213393990     
 
  Number of OEP Cycles    =  226
  Total OEP Energy (a.u.) =    -16.8814950
  Delta E          (a.u.) =     -0.0000106
  Norm of delta Veff =   3.440100790370471E-005
 
 Initializing start point of RANFQ
 
  18959 points have been accepted
 out of 102400 trials.
 
  ---- Orbital EigenValues ---- 
 Alpha   A1      -1.202211   -0.754926   -0.616050   -0.542251
virtual  A1 V    -0.218460   -0.145065   -0.108091   -0.105961   -0.077289
         A2 V    -0.043018   -0.075290   -0.060460   -0.059195   -0.054370
         A3 V    -0.051011   -0.005029   -0.022863   -0.010497   -0.005006
         A4 V    -0.005407   -0.011340   -0.023560
  ---- Residuals of Orbitals --- 
 Alpha          0.5187E-13  0.3580E-13  0.4458E-13  0.2739E-11
virtual         0.1623E-08  0.2169E-10  0.9935E-11  0.3546E-11  0.5945E-11
                0.1743E-09  0.9300E-08  0.3489E-09  0.1392E-12  0.3296E-13
                0.6602E-09  0.6295E-11  0.3803E-09  0.1124E-10  0.1102E-09
                0.4689E-11  0.3861E-12  0.4039E-10
 
   SCF   Iteration =           22
   Final Energy    =   -20.7766710830389     
 
 
  CHISQ    =   0.0010383526
 
  Poisson It,Dist =           78  9.738577170850080E-005
  HFEX  =   -1.98149789519545     
 
  Number of OEP Cycles    =  227
  Total OEP Energy (a.u.) =    -16.8814957
  Delta E          (a.u.) =     -0.0000007
  Norm of delta Veff =   3.416300327085593E-005
 
 Initializing start point of RANFQ
 
  18874 points have been accepted
 out of 102400 trials.
 
  ---- Orbital EigenValues ---- 
 Alpha   A1      -1.202178   -0.754901   -0.616028   -0.542228
virtual  A1 V    -0.218454   -0.145060   -0.108089   -0.105960   -0.077288
         A2 V    -0.043016   -0.075290   -0.060460   -0.059195   -0.054370
         A3 V    -0.051011   -0.005029   -0.022862   -0.010497   -0.005006
         A4 V    -0.005407   -0.011340   -0.023559
  ---- Residuals of Orbitals --- 
 Alpha          0.1818E-12  0.1584E-13  0.1394E-11  0.3310E-14
virtual         0.7976E-10  0.7595E-12  0.3102E-10  0.5819E-11  0.8714E-10
                0.2523E-10  0.4697E-10  0.1009E-08  0.1353E-13  0.1103E-11
                0.3481E-07  0.5853E-11  0.7241E-09  0.2216E-12  0.1353E-10
                0.1290E-09  0.1638E-10  0.1844E-10
 
   SCF   Iteration =           25
   Final Energy    =   -20.7758406653777     
 
 
  CHISQ    =   0.0010235039
 
  Poisson It,Dist =           61  9.984463923427375E-005
  HFEX  =   -1.98144136289929     
 
  Number of OEP Cycles    =  228
  Total OEP Energy (a.u.) =    -16.8814906
  Delta E          (a.u.) =      0.0000050
  Norm of delta Veff =   3.393585206204010E-005
 
 Initializing start point of RANFQ
 
  18823 points have been accepted
 out of 102400 trials.
 
  ---- Orbital EigenValues ---- 
 Alpha   A1      -1.202145   -0.754876   -0.616005   -0.542205
virtual  A1 V    -0.218449   -0.145055   -0.108088   -0.105959   -0.077287
         A2 V    -0.043015   -0.075290   -0.060459   -0.059195   -0.054370
         A3 V    -0.051011   -0.005029   -0.022861   -0.010497   -0.005006
         A4 V    -0.005407   -0.011340   -0.023559
  ---- Residuals of Orbitals --- 
 Alpha          0.9496E-13  0.4022E-14  0.7240E-11  0.2436E-11
virtual         0.1791E-09  0.7592E-12  0.2706E-10  0.1816E-09  0.4215E-10
                0.1092E-09  0.5285E-12  0.3444E-10  0.5818E-12  0.1086E-10
                0.3688E-09  0.5702E-11  0.3995E-10  0.1852E-11  0.3362E-10
                0.7690E-13  0.2324E-11  0.7442E-08
 
   SCF   Iteration =           19
   Final Energy    =   -20.7749931478409     
 
 
  CHISQ    =   0.0010617479
 
  Poisson It,Dist =           73  9.977605169498208E-005
  HFEX  =   -1.98139494970387     
 
  Number of OEP Cycles    =  229
  Total OEP Energy (a.u.) =    -16.8814972
  Delta E          (a.u.) =     -0.0000066
  Norm of delta Veff =   3.374540028665423E-005
 
 Initializing start point of RANFQ
 
  18938 points have been accepted
 out of 102400 trials.
 
  ---- Orbital EigenValues ---- 
 Alpha   A1      -1.202112   -0.754851   -0.615983   -0.542182
virtual  A1 V    -0.218443   -0.145050   -0.108087   -0.105958   -0.077286
         A2 V    -0.043013   -0.075290   -0.060459   -0.059195   -0.054370
         A3 V    -0.051011   -0.005029   -0.022861   -0.010498   -0.005006
         A4 V    -0.005407   -0.011340   -0.023558
  ---- Residuals of Orbitals --- 
 Alpha          0.7111E-11  0.9590E-11  0.6563E-13  0.4939E-14
virtual         0.4763E-09  0.1646E-09  0.6413E-09  0.3235E-08  0.1651E-08
                0.4344E-10  0.1387E-08  0.1875E-09  0.2662E-13  0.3221E-11
                0.9530E-10  0.5325E-11  0.3466E-10  0.1427E-11  0.9716E-11
                0.1906E-12  0.7650E-11  0.9513E-10
 
   SCF   Iteration =           18
   Final Energy    =   -20.7742487779811     
 
 
  CHISQ    =   0.0010667285
 
  Poisson It,Dist =           56  9.999342188117872E-005
  HFEX  =   -1.98134190214319     
 
  Number of OEP Cycles    =  230
  Total OEP Energy (a.u.) =    -16.8814894
  Delta E          (a.u.) =      0.0000078
  Norm of delta Veff =   3.353015352231231E-005
 
 Initializing start point of RANFQ
 
  18799 points have been accepted
 out of 102400 trials.
 
  ---- Orbital EigenValues ---- 
 Alpha   A1      -1.202079   -0.754826   -0.615961   -0.542159
virtual  A1 V    -0.218438   -0.145045   -0.108086   -0.105957   -0.077285
         A2 V    -0.043012   -0.075290   -0.060459   -0.059195   -0.054370
         A3 V    -0.051011   -0.005029   -0.022860   -0.010498   -0.005006
         A4 V    -0.005407   -0.011340   -0.023557
  ---- Residuals of Orbitals --- 
 Alpha          0.7444E-14  0.4176E-12  0.1891E-11  0.2069E-11
virtual         0.3264E-09  0.4139E-09  0.1476E-08  0.3815E-08  0.1508E-09
                0.1948E-09  0.4788E-12  0.3556E-10  0.4886E-13  0.3530E-11
                0.4680E-10  0.5390E-11  0.1798E-10  0.1911E-11  0.3703E-10
                0.1543E-12  0.3027E-11  0.2241E-08
 
   SCF   Iteration =           19
   Final Energy    =   -20.7734452376561     
 
 
  CHISQ    =   0.0010428818
 
  Poisson It,Dist =           83  9.850338144907525E-005
  HFEX  =   -1.98129425558053     
 
  Number of OEP Cycles    =  231
  Total OEP Energy (a.u.) =    -16.8815000
  Delta E          (a.u.) =     -0.0000105
  Norm of delta Veff =   3.333531235575631E-005
 
 Initializing start point of RANFQ
 
  18865 points have been accepted
 out of 102400 trials.
 
  ---- Orbital EigenValues ---- 
 Alpha   A1      -1.202046   -0.754802   -0.615939   -0.542136
virtual  A1 V    -0.218433   -0.145040   -0.108085   -0.105955   -0.077284
         A2 V    -0.043010   -0.075291   -0.060459   -0.059195   -0.054370
         A3 V    -0.051011   -0.005029   -0.022859   -0.010498   -0.005006
         A4 V    -0.005407   -0.011340   -0.023557
  ---- Residuals of Orbitals --- 
 Alpha          0.5395E-12  0.1275E-12  0.2192E-10  0.4206E-12
virtual         0.1860E-09  0.1151E-10  0.2310E-10  0.2204E-10  0.1528E-11
                0.1731E-10  0.1017E-10  0.3316E-07  0.3229E-11  0.6263E-07
                0.1960E-11  0.5293E-11  0.1559E-10  0.1151E-10  0.7691E-11
                0.1195E-11  0.1427E-10  0.9816E-11
 
   SCF   Iteration =           22
   Final Energy    =   -20.7726850423607     
 
 
  CHISQ    =   0.0010421422
 
  Poisson It,Dist =           55  9.777149521918435E-005
  HFEX  =   -1.98123991990032     
 
  Number of OEP Cycles    =  232
  Total OEP Energy (a.u.) =    -16.8814920
  Delta E          (a.u.) =      0.0000079
  Norm of delta Veff =   3.311433693897221E-005
 
 Initializing start point of RANFQ
 
  18720 points have been accepted
 out of 102400 trials.
 
  ---- Orbital EigenValues ---- 
 Alpha   A1      -1.202014   -0.754777   -0.615918   -0.542114
virtual  A1 V    -0.218427   -0.145035   -0.108084   -0.105954   -0.077284
         A2 V    -0.043009   -0.075291   -0.060459   -0.059196   -0.054370
         A3 V    -0.051011   -0.005029   -0.022858   -0.010498   -0.005006
         A4 V    -0.005407   -0.011340   -0.023556
  ---- Residuals of Orbitals --- 
 Alpha          0.4731E-13  0.1344E-14  0.1078E-10  0.9616E-14
virtual         0.1809E-10  0.4845E-10  0.2114E-11  0.1218E-10  0.2272E-11
                0.2040E-11  0.6841E-11  0.9777E-11  0.1164E-13  0.9805E-09
                0.7794E-11  0.7935E-11  0.2664E-10  0.8684E-12  0.2415E-10
                0.2105E-12  0.7790E-11  0.4976E-10
 
   SCF   Iteration =           22
   Final Energy    =   -20.7718716671712     
 
 
  CHISQ    =   0.0010593408
 
  Poisson It,Dist =           66  9.940053941488067E-005
  HFEX  =   -1.98118897753316     
 
  Number of OEP Cycles    =  233
  Total OEP Energy (a.u.) =    -16.8814975
  Delta E          (a.u.) =     -0.0000055
  Norm of delta Veff =   3.290755624162184E-005
 
 Initializing start point of RANFQ
 
  18736 points have been accepted
 out of 102400 trials.
 
  ---- Orbital EigenValues ---- 
 Alpha   A1      -1.201982   -0.754753   -0.615896   -0.542091
virtual  A1 V    -0.218422   -0.145030   -0.108083   -0.105953   -0.077283
         A2 V    -0.043007   -0.075291   -0.060459   -0.059196   -0.054370
         A3 V    -0.051011   -0.005029   -0.022858   -0.010499   -0.005006
         A4 V    -0.005407   -0.011340   -0.023555
  ---- Residuals of Orbitals --- 
 Alpha          0.2860E-11  0.3242E-11  0.7873E-11  0.3288E-14
virtual         0.4978E-10  0.6362E-12  0.1165E-10  0.6937E-11  0.2502E-09
                0.8776E-12  0.3169E-10  0.4046E-10  0.1779E-13  0.5379E-11
                0.2744E-10  0.5622E-11  0.2995E-10  0.8935E-12  0.2697E-10
                0.2352E-12  0.3526E-12  0.1722E-08
 
   SCF   Iteration =           22
   Final Energy    =   -20.7710857155798     
 
 
  CHISQ    =   0.0010443376
 
  Poisson It,Dist =           67  9.901146626439496E-005
  HFEX  =   -1.98113785803365     
 
  Number of OEP Cycles    =  234
  Total OEP Energy (a.u.) =    -16.8814992
  Delta E          (a.u.) =     -0.0000017
  Norm of delta Veff =   3.269814724064564E-005
 
 Initializing start point of RANFQ
 
  18876 points have been accepted
 out of 102400 trials.
 
  ---- Orbital EigenValues ---- 
 Alpha   A1      -1.201950   -0.754729   -0.615875   -0.542069
virtual  A1 V    -0.218417   -0.145025   -0.108081   -0.105952   -0.077282
         A2 V    -0.043006   -0.075291   -0.060458   -0.059196   -0.054370
         A3 V    -0.051011   -0.005029   -0.022857   -0.010499   -0.005006
         A4 V    -0.005407   -0.011340   -0.023554
  ---- Residuals of Orbitals --- 
 Alpha          0.9918E-13  0.2366E-10  0.1582E-11  0.7880E-14
virtual         0.7157E-10  0.4136E-09  0.7164E-10  0.1768E-11  0.3479E-11
                0.9273E-11  0.4322E-10  0.1345E-10  0.1190E-13  0.1783E-10
                0.5738E-11  0.5458E-11  0.1529E-10  0.1935E-11  0.8937E-11
                0.1773E-11  0.2898E-11  0.3114E-10
 
   SCF   Iteration =           19
   Final Energy    =   -20.7703013113646     
 
 
  CHISQ    =   0.0010559945
 
  Poisson It,Dist =           62  9.949731569294157E-005
  HFEX  =   -1.98109013720046     
 
  Number of OEP Cycles    =  235
  Total OEP Energy (a.u.) =    -16.8814972
  Delta E          (a.u.) =      0.0000019
  Norm of delta Veff =   3.250862621912490E-005
 
 Initializing start point of RANFQ
 
  18815 points have been accepted
 out of 102400 trials.
 
  ---- Orbital EigenValues ---- 
 Alpha   A1      -1.201918   -0.754705   -0.615854   -0.542047
virtual  A1 V    -0.218411   -0.145020   -0.108080   -0.105951   -0.077281
         A2 V    -0.043004   -0.075291   -0.060458   -0.059196   -0.054370
         A3 V    -0.051011   -0.005029   -0.022856   -0.010499   -0.005006
         A4 V    -0.005407   -0.011340   -0.023554
  ---- Residuals of Orbitals --- 
 Alpha          0.2477E-14  0.8451E-11  0.5116E-11  0.1269E-12
virtual         0.1137E-11  0.1218E-08  0.1758E-11  0.9569E-12  0.9686E-09
                0.2102E-10  0.6268E-11  0.2805E-10  0.1179E-13  0.1503E-11
                0.1114E-10  0.1240E-10  0.3272E-10  0.3181E-09  0.4793E-10
                0.3975E-11  0.4243E-12  0.5229E-10
 
   SCF   Iteration =           21
   Final Energy    =   -20.7695633469216     
 
 
  CHISQ    =   0.0010640644
 
  Poisson It,Dist =           59  9.816648816344652E-005
  HFEX  =   -1.98103867216167     
 
  Number of OEP Cycles    =  236
  Total OEP Energy (a.u.) =    -16.8814950
  Delta E          (a.u.) =      0.0000022
  Norm of delta Veff =   3.229545836874277E-005
 
 Initializing start point of RANFQ
 
  18824 points have been accepted
 out of 102400 trials.
 
  ---- Orbital EigenValues ---- 
 Alpha   A1      -1.201887   -0.754681   -0.615833   -0.542025
virtual  A1 V    -0.218406   -0.145015   -0.108079   -0.105950   -0.077280
         A2 V    -0.043003   -0.075292   -0.060458   -0.059196   -0.054370
         A3 V    -0.051011   -0.005029   -0.022855   -0.010500   -0.005006
         A4 V    -0.005407   -0.011340   -0.023553
  ---- Residuals of Orbitals --- 
 Alpha          0.2243E-13  0.2766E-10  0.1825E-11  0.4688E-13
virtual         0.7233E-13  0.1429E-08  0.8595E-12  0.1639E-12  0.1762E-09
                0.2664E-11  0.2704E-08  0.1527E-10  0.1070E-11  0.1039E-11
                0.2831E-11  0.5294E-11  0.4881E-10  0.1477E-10  0.1088E-10
                0.2232E-11  0.5554E-12  0.3966E-08
 
   SCF   Iteration =           23
   Final Energy    =   -20.7687779552152     
 
 
  CHISQ    =   0.0010515400
 
  Poisson It,Dist =           60  9.250156997261496E-005
  HFEX  =   -1.98099338787544     
 
  Number of OEP Cycles    =  237
  Total OEP Energy (a.u.) =    -16.8814973
  Delta E          (a.u.) =     -0.0000023
  Norm of delta Veff =   3.210603377797559E-005
 
 Initializing start point of RANFQ
 
  18973 points have been accepted
 out of 102400 trials.
 
  ---- Orbital EigenValues ---- 
 Alpha   A1      -1.201856   -0.754657   -0.615812   -0.542004
virtual  A1 V    -0.218401   -0.145011   -0.108078   -0.105949   -0.077279
         A2 V    -0.043001   -0.075292   -0.060458   -0.059196   -0.054370
         A3 V    -0.051011   -0.005029   -0.022855   -0.010500   -0.005006
         A4 V    -0.005407   -0.011340   -0.023552
  ---- Residuals of Orbitals --- 
 Alpha          0.7100E-12  0.4100E-12  0.6395E-11  0.2004E-12
virtual         0.2873E-13  0.4942E-11  0.2504E-09  0.1530E-11  0.5498E-11
                0.1742E-11  0.2393E-12  0.2054E-08  0.6581E-12  0.7628E-12
                0.3127E-11  0.5565E-11  0.6649E-11  0.6005E-12  0.9339E-11
                0.1353E-12  0.7277E-13  0.9728E-10
 
   SCF   Iteration =           25
   Final Energy    =   -20.7680624626546     
 
 
  CHISQ    =   0.0010801011
 
  Poisson It,Dist =           88  9.973933936482154E-005
  HFEX  =   -1.98093991227479     
 
  Number of OEP Cycles    =  238
  Total OEP Energy (a.u.) =    -16.8815071
  Delta E          (a.u.) =     -0.0000098
  Norm of delta Veff =   3.188595620740445E-005
 
 Initializing start point of RANFQ
 
  18941 points have been accepted
 out of 102400 trials.
 
  ---- Orbital EigenValues ---- 
 Alpha   A1      -1.201824   -0.754633   -0.615791   -0.541982
virtual  A1 V    -0.218396   -0.145006   -0.108077   -0.105948   -0.077278
         A2 V    -0.043000   -0.075292   -0.060458   -0.059196   -0.054371
         A3 V    -0.051011   -0.005029   -0.022854   -0.010500   -0.005006
         A4 V    -0.005407   -0.011340   -0.023552
  ---- Residuals of Orbitals --- 
 Alpha          0.8205E-11  0.1245E-11  0.4272E-12  0.5396E-14
virtual         0.8268E-12  0.2958E-12  0.6131E-10  0.2669E-11  0.1765E-10
                0.1543E-11  0.9916E-11  0.1646E-10  0.2950E-12  0.4181E-11
                0.8780E-12  0.5369E-11  0.7686E-11  0.1793E-11  0.8726E-11
                0.3913E-12  0.1672E-09  0.1516E-10
 
   SCF   Iteration =           21
   Final Energy    =   -20.7672503911516     
 
 
  CHISQ    =   0.0010470520
 
  Poisson It,Dist =           55  9.756436239977683E-005
  HFEX  =   -1.98089427510086     
 
  Number of OEP Cycles    =  239
  Total OEP Energy (a.u.) =    -16.8814999
  Delta E          (a.u.) =      0.0000072
  Norm of delta Veff =   3.169629262553796E-005
 
 Initializing start point of RANFQ
 
  19043 points have been accepted
 out of 102400 trials.
 
  ---- Orbital EigenValues ---- 
 Alpha   A1      -1.201794   -0.754610   -0.615771   -0.541961
virtual  A1 V    -0.218390   -0.145001   -0.108076   -0.105947   -0.077278
         A2 V    -0.042999   -0.075292   -0.060458   -0.059196   -0.054371
         A3 V    -0.051011   -0.005029   -0.022853   -0.010500   -0.005006
         A4 V    -0.005407   -0.011340   -0.023551
  ---- Residuals of Orbitals --- 
 Alpha          0.2046E-12  0.1846E-11  0.8461E-12  0.1433E-10
virtual         0.2682E-12  0.1455E-11  0.1755E-10  0.2577E-12  0.3224E-10
                0.1799E-11  0.7623E-11  0.4825E-10  0.2939E-13  0.8241E-10
                0.3892E-11  0.5320E-11  0.1361E-10  0.6460E-12  0.5704E-10
                0.1358E-12  0.8737E-11  0.6796E-11
 
   SCF   Iteration =           15
   Final Energy    =   -20.7665399470898     
 
 
  CHISQ    =   0.0010808792
 
  Poisson It,Dist =           60  9.722178318812931E-005
  HFEX  =   -1.98084651403685     
 
  Number of OEP Cycles    =  240
  Total OEP Energy (a.u.) =    -16.8815012
  Delta E          (a.u.) =     -0.0000013
  Norm of delta Veff =   3.149832497117393E-005
 
 Initializing start point of RANFQ
 
  18895 points have been accepted
 out of 102400 trials.
 
  ---- Orbital EigenValues ---- 
 Alpha   A1      -1.201763   -0.754587   -0.615751   -0.541940
virtual  A1 V    -0.218385   -0.144996   -0.108075   -0.105946   -0.077277
         A2 V    -0.042997   -0.075292   -0.060458   -0.059196   -0.054371
         A3 V    -0.051011   -0.005029   -0.022853   -0.010501   -0.005006
         A4 V    -0.005407   -0.011340   -0.023550
  ---- Residuals of Orbitals --- 
 Alpha          0.5869E-11  0.1649E-14  0.1837E-11  0.1855E-12
virtual         0.8141E-12  0.4784E-10  0.5430E-11  0.7410E-11  0.9105E-11
                0.1919E-11  0.5074E-10  0.9652E-11  0.8884E-12  0.9259E-12
                0.3715E-12  0.7560E-11  0.1292E-07  0.1310E-10  0.1788E-10
                0.1386E-12  0.4684E-11  0.2215E-09
 
   SCF   Iteration =           26
   Final Energy    =   -20.7657996274913     
 
 
  CHISQ    =   0.0010579035
 
  Poisson It,Dist =           84  9.701698421664199E-005
  HFEX  =   -1.98078984104796     
 
  Number of OEP Cycles    =  241
  Total OEP Energy (a.u.) =    -16.8815074
  Delta E          (a.u.) =     -0.0000061
  Norm of delta Veff =   3.127282731901606E-005
 
 Initializing start point of RANFQ
 
  18962 points have been accepted
 out of 102400 trials.
 
  ---- Orbital EigenValues ---- 
 Alpha   A1      -1.201733   -0.754564   -0.615730   -0.541919
virtual  A1 V    -0.218380   -0.144992   -0.108074   -0.105945   -0.077276
         A2 V    -0.042996   -0.075293   -0.060457   -0.059197   -0.054371
         A3 V    -0.051011   -0.005029   -0.022852   -0.010501   -0.005006
         A4 V    -0.005407   -0.011340   -0.023550
  ---- Residuals of Orbitals --- 
 Alpha          0.8169E-11  0.1282E-13  0.1976E-11  0.5231E-14
virtual         0.2124E-09  0.1685E-10  0.8311E-12  0.4784E-11  0.7258E-12
                0.5251E-10  0.2113E-11  0.2853E-10  0.5743E-13  0.6764E-13
                0.6634E-12  0.5305E-11  0.2278E-08  0.6715E-12  0.2367E-10
                0.1343E-12  0.4624E-11  0.8359E-10
 
   SCF   Iteration =           15
   Final Energy    =   -20.7649635881449     
 
 
  CHISQ    =   0.0010741785
 
  Poisson It,Dist =           42  9.594387609763111E-005
  HFEX  =   -1.98075176372914     
 
  Number of OEP Cycles    =  242
  Total OEP Energy (a.u.) =    -16.8814963
  Delta E          (a.u.) =      0.0000110
  Norm of delta Veff =   3.111785602112357E-005
 
 Initializing start point of RANFQ
 
  18892 points have been accepted
 out of 102400 trials.
 
  ---- Orbital EigenValues ---- 
 Alpha   A1      -1.201702   -0.754541   -0.615710   -0.541899
virtual  A1 V    -0.218375   -0.144987   -0.108073   -0.105944   -0.077275
         A2 V    -0.042995   -0.075293   -0.060457   -0.059197   -0.054371
         A3 V    -0.051011   -0.005029   -0.022851   -0.010501   -0.005006
         A4 V    -0.005407   -0.011340   -0.023549
  ---- Residuals of Orbitals --- 
 Alpha          0.1536E-11  0.4261E-12  0.2433E-11  0.2101E-10
virtual         0.1281E-09  0.3529E-09  0.8653E-10  0.7282E-12  0.6642E-12
                0.1901E-10  0.1898E-10  0.1380E-10  0.7639E-12  0.5112E-12
                0.5456E-10  0.5382E-11  0.2690E-08  0.6418E-12  0.8911E-11
                0.4296E-12  0.1647E-10  0.2754E-10
 
   SCF   Iteration =           19
   Final Energy    =   -20.7643453693491     
 
 
  CHISQ    =   0.0010458113
 
  Poisson It,Dist =           64  9.581155896737741E-005
  HFEX  =   -1.98070214009698     
 
  Number of OEP Cycles    =  243
  Total OEP Energy (a.u.) =    -16.8815019
  Delta E          (a.u.) =     -0.0000056
  Norm of delta Veff =   3.091129329640890E-005
 
 Initializing start point of RANFQ
 
  18962 points have been accepted
 out of 102400 trials.
 
  ---- Orbital EigenValues ---- 
 Alpha   A1      -1.201672   -0.754518   -0.615691   -0.541878
virtual  A1 V    -0.218370   -0.144983   -0.108072   -0.105943   -0.077274
         A2 V    -0.042993   -0.075293   -0.060457   -0.059197   -0.054371
         A3 V    -0.051011   -0.005029   -0.022851   -0.010502   -0.005006
         A4 V    -0.005407   -0.011340   -0.023548
  ---- Residuals of Orbitals --- 
 Alpha          0.6526E-11  0.3778E-11  0.1899E-10  0.9705E-12
virtual         0.5004E-10  0.2157E-10  0.1574E-10  0.1982E-11  0.4007E-10
                0.2014E-10  0.4760E-11  0.3928E-09  0.5994E-13  0.2428E-13
                0.1362E-10  0.7908E-11  0.1030E-08  0.5995E-11  0.2247E-10
                0.2656E-12  0.8086E-13  0.4281E-11
 
   SCF   Iteration =           18
   Final Energy    =   -20.7635852877462     
 
 
  CHISQ    =   0.0010513364
 
  Poisson It,Dist =           84  9.823188743743046E-005
  HFEX  =   -1.98065810996069     
 
  Number of OEP Cycles    =  244
  Total OEP Energy (a.u.) =    -16.8815095
  Delta E          (a.u.) =     -0.0000076
  Norm of delta Veff =   3.072884240073223E-005
 
 Initializing start point of RANFQ
 
  18989 points have been accepted
 out of 102400 trials.
 
  ---- Orbital EigenValues ---- 
 Alpha   A1      -1.201642   -0.754495   -0.615671   -0.541858
virtual  A1 V    -0.218365   -0.144978   -0.108071   -0.105942   -0.077273
         A2 V    -0.042991   -0.075293   -0.060457   -0.059197   -0.054371
         A3 V    -0.051011   -0.005029   -0.022850   -0.010502   -0.005006
         A4 V    -0.005407   -0.011340   -0.023548
  ---- Residuals of Orbitals --- 
 Alpha          0.7509E-11  0.8185E-11  0.1647E-10  0.1558E-13
virtual         0.4975E-11  0.1898E-09  0.6466E-11  0.3576E-11  0.2927E-10
                0.8839E-09  0.3443E-11  0.1817E-10  0.1743E-13  0.1094E-13
                0.3510E-11  0.6047E-11  0.1304E-09  0.1118E-11  0.3981E-08
                0.4760E-09  0.5145E-13  0.8738E-11
 
   SCF   Iteration =           23
   Final Energy    =   -20.7628892994795     
 
 
  CHISQ    =   0.0010567580
 
  Poisson It,Dist =           51  9.874331627977501E-005
  HFEX  =   -1.98060895156849     
 
  Number of OEP Cycles    =  245
  Total OEP Energy (a.u.) =    -16.8815007
  Delta E          (a.u.) =      0.0000088
  Norm of delta Veff =   3.054071643556676E-005
 
 Initializing start point of RANFQ
 
  18913 points have been accepted
 out of 102400 trials.
 
  ---- Orbital EigenValues ---- 
 Alpha   A1      -1.201613   -0.754472   -0.615651   -0.541837
virtual  A1 V    -0.218360   -0.144974   -0.108070   -0.105941   -0.077273
         A2 V    -0.042990   -0.075293   -0.060457   -0.059197   -0.054371
         A3 V    -0.051011   -0.005029   -0.022849   -0.010502   -0.005006
         A4 V    -0.005407   -0.011340   -0.023547
  ---- Residuals of Orbitals --- 
 Alpha          0.3534E-12  0.5382E-12  0.2106E-11  0.9916E-12
virtual         0.2071E-10  0.1503E-12  0.3849E-10  0.1918E-09  0.2028E-09
                0.4942E-09  0.1608E-10  0.2760E-11  0.4502E-12  0.5134E-14
                0.4521E-11  0.3025E-07  0.3651E-10  0.1277E-10  0.1511E-10
                0.4244E-10  0.2182E-13  0.1427E-09
 
   SCF   Iteration =           22
   Final Energy    =   -20.7621547447125     
 
 
  CHISQ    =   0.0010741916
 
  Poisson It,Dist =           68  9.879907364748668E-005
  HFEX  =   -1.98055632906708     
 
  Number of OEP Cycles    =  246
  Total OEP Energy (a.u.) =    -16.8815055
  Delta E          (a.u.) =     -0.0000048
  Norm of delta Veff =   3.031321803718265E-005
 
 Initializing start point of RANFQ
 
  18941 points have been accepted
 out of 102400 trials.
 
  ---- Orbital EigenValues ---- 
 Alpha   A1      -1.201583   -0.754450   -0.615632   -0.541817
virtual  A1 V    -0.218355   -0.144969   -0.108069   -0.105940   -0.077272
         A2 V    -0.042989   -0.075294   -0.060457   -0.059197   -0.054371
         A3 V    -0.051011   -0.005029   -0.022849   -0.010502   -0.005006
         A4 V    -0.005407   -0.011340   -0.023546
  ---- Residuals of Orbitals --- 
 Alpha          0.8345E-11  0.1455E-11  0.7490E-14  0.1846E-10
virtual         0.1205E-11  0.2524E-12  0.4050E-11  0.1596E-11  0.1535E-11
                0.4053E-09  0.3772E-10  0.1908E-10  0.5294E-13  0.1062E-12
                0.3866E-10  0.5871E-11  0.3319E-09  0.7826E-11  0.1947E-10
                0.3051E-12  0.2241E-13  0.5627E-11
 
   SCF   Iteration =           15
   Final Energy    =   -20.7613634621711     
 
 
  CHISQ    =   0.0010826933
 
  Poisson It,Dist =           51  9.991365357827194E-005
  HFEX  =   -1.98052006337075     
 
  Number of OEP Cycles    =  247
  Total OEP Energy (a.u.) =    -16.8815017
  Delta E          (a.u.) =      0.0000039
  Norm of delta Veff =   3.016304458206883E-005
 
 Initializing start point of RANFQ
 
  18846 points have been accepted
 out of 102400 trials.
 
  ---- Orbital EigenValues ---- 
 Alpha   A1      -1.201554   -0.754428   -0.615613   -0.541797
virtual  A1 V    -0.218350   -0.144965   -0.108068   -0.105939   -0.077271
         A2 V    -0.042988   -0.075294   -0.060457   -0.059197   -0.054371
         A3 V    -0.051011   -0.005029   -0.022848   -0.010503   -0.005006
         A4 V    -0.005407   -0.011340   -0.023546
  ---- Residuals of Orbitals --- 
 Alpha          0.6594E-11  0.2297E-11  0.2498E-12  0.7165E-12
virtual         0.8428E-10  0.4616E-12  0.1052E-08  0.1478E-11  0.9310E-12
                0.2777E-09  0.8487E-10  0.1331E-10  0.1644E-12  0.2340E-13
                0.1529E-11  0.5198E-10  0.5584E-11  0.6235E-11  0.1184E-10
                0.1681E-11  0.2648E-13  0.3878E-11
 
   SCF   Iteration =           18
   Final Energy    =   -20.7607656548987     
 
 
  CHISQ    =   0.0010672202
 
  Poisson It,Dist =           65  9.939024882555521E-005
  HFEX  =   -1.98046507014018     
 
  Number of OEP Cycles    =  248
  Total OEP Energy (a.u.) =    -16.8815055
  Delta E          (a.u.) =     -0.0000038
  Norm of delta Veff =   2.993757224724399E-005
 
 Initializing start point of RANFQ
 
  18929 points have been accepted
 out of 102400 trials.
 
  ---- Orbital EigenValues ---- 
 Alpha   A1      -1.201525   -0.754406   -0.615594   -0.541778
virtual  A1 V    -0.218345   -0.144960   -0.108067   -0.105938   -0.077270
         A2 V    -0.042986   -0.075294   -0.060456   -0.059197   -0.054371
         A3 V    -0.051011   -0.005029   -0.022847   -0.010503   -0.005006
         A4 V    -0.005407   -0.011340   -0.023545
  ---- Residuals of Orbitals --- 
 Alpha          0.5185E-11  0.4986E-12  0.9473E-14  0.4535E-14
virtual         0.2180E-10  0.3100E-11  0.4745E-09  0.2048E-10  0.1470E-11
                0.1202E-07  0.4688E-11  0.8306E-11  0.2275E-13  0.1307E-12
                0.1498E-11  0.6874E-11  0.1797E-11  0.1424E-10  0.9120E-11
                0.4050E-12  0.3744E-13  0.4808E-10
 
   SCF   Iteration =           19
   Final Energy    =   -20.7599579343389     
 
 
  CHISQ    =   0.0010723022
 
  Poisson It,Dist =           83  9.805926646336429E-005
  HFEX  =   -1.98042641041315     
 
  Number of OEP Cycles    =  249
  Total OEP Energy (a.u.) =    -16.8815133
  Delta E          (a.u.) =     -0.0000078
  Norm of delta Veff =   2.977445385406398E-005
 
 Initializing start point of RANFQ
 
  18885 points have been accepted
 out of 102400 trials.
 
  ---- Orbital EigenValues ---- 
 Alpha   A1      -1.201496   -0.754384   -0.615575   -0.541758
virtual  A1 V    -0.218341   -0.144956   -0.108066   -0.105937   -0.077269
         A2 V    -0.042985   -0.075294   -0.060456   -0.059197   -0.054371
         A3 V    -0.051011   -0.005029   -0.022847   -0.010503   -0.005006
         A4 V    -0.005407   -0.011340   -0.023544
  ---- Residuals of Orbitals --- 
 Alpha          0.5768E-12  0.1493E-11  0.3211E-11  0.1295E-11
virtual         0.5748E-11  0.4374E-09  0.5013E-10  0.7306E-12  0.1109E-11
                0.1687E-08  0.1437E-10  0.2733E-10  0.5893E-12  0.8882E-12
                0.1714E-12  0.5565E-11  0.6414E-09  0.8173E-12  0.1530E-10
                0.8682E-13  0.3745E-10  0.4149E-09
 
   SCF   Iteration =           19
   Final Energy    =   -20.7593273156644     
 
 
  CHISQ    =   0.0010476393
 
  Poisson It,Dist =           57  9.643888096587478E-005
  HFEX  =   -1.98037891096846     
 
  Number of OEP Cycles    =  250
  Total OEP Energy (a.u.) =    -16.8815068
  Delta E          (a.u.) =      0.0000065
  Norm of delta Veff =   2.957726135869137E-005
 
 Initializing start point of RANFQ
 
  18854 points have been accepted
 out of 102400 trials.
 
  ---- Orbital EigenValues ---- 
 Alpha   A1      -1.201467   -0.754362   -0.615556   -0.541739
virtual  A1 V    -0.218336   -0.144951   -0.108065   -0.105936   -0.077269
         A2 V    -0.042984   -0.075294   -0.060456   -0.059198   -0.054371
         A3 V    -0.051011   -0.005029   -0.022846   -0.010503   -0.005006
         A4 V    -0.005407   -0.011340   -0.023544
  ---- Residuals of Orbitals --- 
 Alpha          0.1079E-10  0.3420E-12  0.4593E-13  0.2535E-11
virtual         0.4372E-10  0.9205E-09  0.6784E-10  0.4989E-10  0.4503E-12
                0.3225E-10  0.1535E-08  0.3710E-11  0.1693E-12  0.8482E-12
                0.2074E-11  0.5986E-11  0.1279E-10  0.2687E-11  0.3016E-09
                0.2745E-12  0.7282E-12  0.2641E-10
 
   SCF   Iteration =           22
   Final Energy    =   -20.7586108124867     
 
 
  CHISQ    =   0.0010777495
 
  Poisson It,Dist =           68  9.935248051264215E-005
  HFEX  =   -1.98032619704350     
 
  Number of OEP Cycles    =  251
  Total OEP Energy (a.u.) =    -16.8815094
  Delta E          (a.u.) =     -0.0000025
  Norm of delta Veff =   2.935598198060140E-005
 
 Initializing start point of RANFQ
 
  18844 points have been accepted
 out of 102400 trials.
 
  ---- Orbital EigenValues ---- 
 Alpha   A1      -1.201439   -0.754340   -0.615538   -0.541720
virtual  A1 V    -0.218331   -0.144947   -0.108064   -0.105935   -0.077268
         A2 V    -0.042983   -0.075295   -0.060456   -0.059198   -0.054371
         A3 V    -0.051011   -0.005029   -0.022845   -0.010504   -0.005006
         A4 V    -0.005407   -0.011340   -0.023543
  ---- Residuals of Orbitals --- 
 Alpha          0.2573E-11  0.1511E-12  0.4095E-11  0.2553E-13
virtual         0.1581E-10  0.2266E-11  0.2809E-10  0.4674E-11  0.1203E-11
                0.4810E-10  0.8191E-10  0.5317E-11  0.2252E-13  0.3701E-11
                0.2725E-11  0.5523E-11  0.9667E-11  0.5059E-11  0.5889E-10
                0.1100E-11  0.2482E-12  0.5751E-10
 
   SCF   Iteration =           15
   Final Energy    =   -20.7578337727499     
 
 
  CHISQ    =   0.0010517094
 
  Poisson It,Dist =           53  9.796267508066683E-005
  HFEX  =   -1.98029340351294     
 
  Number of OEP Cycles    =  252
  Total OEP Energy (a.u.) =    -16.8815058
  Delta E          (a.u.) =      0.0000035
  Norm of delta Veff =   2.922149692638427E-005
 
 Initializing start point of RANFQ
 
  18795 points have been accepted
 out of 102400 trials.
 
  ---- Orbital EigenValues ---- 
 Alpha   A1      -1.201411   -0.754319   -0.615519   -0.541701
virtual  A1 V    -0.218326   -0.144943   -0.108063   -0.105934   -0.077267
         A2 V    -0.042981   -0.075295   -0.060456   -0.059198   -0.054371
         A3 V    -0.051011   -0.005029   -0.022845   -0.010504   -0.005006
         A4 V    -0.005407   -0.011340   -0.023543
  ---- Residuals of Orbitals --- 
 Alpha          0.3209E-14  0.2493E-12  0.2263E-11  0.2001E-10
virtual         0.6062E-11  0.4549E-09  0.6563E-10  0.5107E-11  0.4853E-12
                0.2466E-10  0.1745E-12  0.5825E-10  0.1723E-12  0.7015E-13
                0.3046E-11  0.5836E-11  0.1875E-11  0.3525E-10  0.7399E-11
                0.9750E-12  0.1422E-10  0.3780E-10
 
   SCF   Iteration =           21
   Final Energy    =   -20.7572792556497     
 
 
  CHISQ    =   0.0010588416
 
  Poisson It,Dist =           86  9.328523632607870E-005
  HFEX  =   -1.98024183767476     
 
  Number of OEP Cycles    =  253
  Total OEP Energy (a.u.) =    -16.8815141
  Delta E          (a.u.) =     -0.0000083
  Norm of delta Veff =   2.900779365989555E-005
 
 Initializing start point of RANFQ
 
  18785 points have been accepted
 out of 102400 trials.
 
  ---- Orbital EigenValues ---- 
 Alpha   A1      -1.201383   -0.754297   -0.615501   -0.541682
virtual  A1 V    -0.218322   -0.144939   -0.108062   -0.105933   -0.077266
         A2 V    -0.042980   -0.075295   -0.060456   -0.059198   -0.054371
         A3 V    -0.051011   -0.005029   -0.022844   -0.010504   -0.005006
         A4 V    -0.005407   -0.011340   -0.023542
  ---- Residuals of Orbitals --- 
 Alpha          0.3641E-12  0.1605E-11  0.2487E-11  0.7671E-13
virtual         0.6731E-11  0.7017E-11  0.3612E-10  0.1038E-10  0.3187E-11
                0.4217E-09  0.2051E-06  0.3956E-12  0.2949E-12  0.1535E-12
                0.2456E-11  0.6137E-11  0.1786E-09  0.3666E-10  0.1292E-10
                0.1048E-10  0.1652E-11  0.1618E-09
 
   SCF   Iteration =           20
   Final Energy    =   -20.7565096731010     
 
 
  CHISQ    =   0.0010783470
 
  Poisson It,Dist =           60  9.937872519527854E-005
  HFEX  =   -1.98019827405221     
 
  Number of OEP Cycles    =  254
  Total OEP Energy (a.u.) =    -16.8815101
  Delta E          (a.u.) =      0.0000040
  Norm of delta Veff =   2.883788371866055E-005
 
 Initializing start point of RANFQ
 
  18750 points have been accepted
 out of 102400 trials.
 
  ---- Orbital EigenValues ---- 
 Alpha   A1      -1.201355   -0.754276   -0.615483   -0.541663
virtual  A1 V    -0.218317   -0.144934   -0.108061   -0.105932   -0.077266
         A2 V    -0.042979   -0.075295   -0.060456   -0.059198   -0.054371
         A3 V    -0.051011   -0.005029   -0.022844   -0.010504   -0.005006
         A4 V    -0.005407   -0.011340   -0.023541
  ---- Residuals of Orbitals --- 
 Alpha          0.1674E-12  0.5260E-12  0.1348E-10  0.2648E-14
virtual         0.4864E-10  0.7916E-09  0.1018E-11  0.2353E-10  0.2250E-11
                0.9140E-09  0.4585E-10  0.1299E-11  0.7465E-12  0.3912E-11
                0.1081E-12  0.5489E-11  0.8591E-11  0.2490E-10  0.2472E-10
                0.1978E-11  0.4020E-10  0.5138E-11
 
   SCF   Iteration =           18
   Final Energy    =   -20.7558458206773     
 
 
  CHISQ    =   0.0010362500
 
  Poisson It,Dist =           54  9.940671568572450E-005
  HFEX  =   -1.98015558836263     
 
  Number of OEP Cycles    =  255
  Total OEP Energy (a.u.) =    -16.8815066
  Delta E          (a.u.) =      0.0000036
  Norm of delta Veff =   2.865971125298609E-005
 
 Initializing start point of RANFQ
 
  18916 points have been accepted
 out of 102400 trials.
 
  ---- Orbital EigenValues ---- 
 Alpha   A1      -1.201327   -0.754255   -0.615465   -0.541644
virtual  A1 V    -0.218312   -0.144930   -0.108060   -0.105931   -0.077265
         A2 V    -0.042978   -0.075295   -0.060455   -0.059198   -0.054371
         A3 V    -0.051011   -0.005029   -0.022843   -0.010505   -0.005006
         A4 V    -0.005407   -0.011340   -0.023541
  ---- Residuals of Orbitals --- 
 Alpha          0.3782E-14  0.6284E-11  0.9604E-11  0.1568E-14
virtual         0.3004E-09  0.2672E-10  0.1352E-10  0.1553E-10  0.4493E-12
                0.7412E-09  0.1518E-08  0.2880E-11  0.1899E-12  0.5126E-12
                0.2394E-12  0.5713E-11  0.1858E-11  0.2474E-10  0.1769E-10
                0.4470E-12  0.8812E-12  0.1552E-07
 
   SCF   Iteration =           21
   Final Energy    =   -20.7551879843047     
 
 
  CHISQ    =   0.0010679027
 
  Poisson It,Dist =           55  9.691103334481360E-005
  HFEX  =   -1.98011442442387     
 
  Number of OEP Cycles    =  256
  Total OEP Energy (a.u.) =    -16.8815073
  Delta E          (a.u.) =     -0.0000008
  Norm of delta Veff =   2.848870627377445E-005
 
 Initializing start point of RANFQ
 
  18868 points have been accepted
 out of 102400 trials.
 
  ---- Orbital EigenValues ---- 
 Alpha   A1      -1.201299   -0.754234   -0.615447   -0.541626
virtual  A1 V    -0.218308   -0.144926   -0.108059   -0.105930   -0.077264
         A2 V    -0.042976   -0.075295   -0.060455   -0.059198   -0.054372
         A3 V    -0.051011   -0.005029   -0.022842   -0.010505   -0.005006
         A4 V    -0.005407   -0.011340   -0.023540
  ---- Residuals of Orbitals --- 
 Alpha          0.2030E-12  0.8234E-13  0.3571E-10  0.2292E-14
virtual         0.7699E-10  0.9052E-11  0.5753E-10  0.1131E-11  0.7081E-12
                0.1456E-10  0.4516E-09  0.2500E-09  0.3741E-12  0.2970E-11
                0.1275E-11  0.1055E-10  0.1979E-09  0.4272E-08  0.5204E-10
                0.1682E-11  0.1086E-11  0.7226E-11
 
   SCF   Iteration =           16
   Final Energy    =   -20.7545465849901     
 
 
  CHISQ    =   0.0010652219
 
  Poisson It,Dist =           67  9.999612048341390E-005
  HFEX  =   -1.98007522881248     
 
  Number of OEP Cycles    =  257
  Total OEP Energy (a.u.) =    -16.8815100
  Delta E          (a.u.) =     -0.0000027
  Norm of delta Veff =   2.833134373943326E-005
 
 Initializing start point of RANFQ
 
  18870 points have been accepted
 out of 102400 trials.
 
  ---- Orbital EigenValues ---- 
 Alpha   A1      -1.201272   -0.754213   -0.615429   -0.541608
virtual  A1 V    -0.218303   -0.144922   -0.108058   -0.105929   -0.077263
         A2 V    -0.042975   -0.075296   -0.060455   -0.059198   -0.054372
         A3 V    -0.051011   -0.005029   -0.022842   -0.010505   -0.005006
         A4 V    -0.005407   -0.011340   -0.023540
  ---- Residuals of Orbitals --- 
 Alpha          0.6337E-14  0.1665E-14  0.3947E-11  0.9624E-14
virtual         0.1063E-10  0.3172E-11  0.1828E-08  0.3024E-11  0.1022E-10
                0.2021E-10  0.1336E-09  0.1338E-12  0.1765E-12  0.6469E-12
                0.8633E-11  0.7337E-11  0.7874E-09  0.1803E-09  0.7255E-11
                0.3868E-13  0.3399E-12  0.4357E-11
 
   SCF   Iteration =           17
   Final Energy    =   -20.7539242647895     
 
 
  CHISQ    =   0.0010775961
 
  Poisson It,Dist =           63  9.778039325237443E-005
  HFEX  =   -1.98002806231344     
 
  Number of OEP Cycles    =  258
  Total OEP Energy (a.u.) =    -16.8815108
  Delta E          (a.u.) =     -0.0000008
  Norm of delta Veff =   2.812993622786809E-005
 
 Initializing start point of RANFQ
 
  18759 points have been accepted
 out of 102400 trials.
 
  ---- Orbital EigenValues ---- 
 Alpha   A1      -1.201245   -0.754192   -0.615412   -0.541590
virtual  A1 V    -0.218299   -0.144918   -0.108057   -0.105928   -0.077263
         A2 V    -0.042974   -0.075296   -0.060455   -0.059198   -0.054372
         A3 V    -0.051011   -0.005029   -0.022841   -0.010505   -0.005006
         A4 V    -0.005407   -0.011340   -0.023539
  ---- Residuals of Orbitals --- 
 Alpha          0.2810E-14  0.6740E-11  0.1407E-11  0.3761E-12
virtual         0.6653E-10  0.3095E-10  0.1349E-11  0.5209E-12  0.1624E-09
                0.2627E-09  0.6566E-10  0.8330E-12  0.1795E-12  0.1529E-12
                0.7086E-12  0.7639E-11  0.3209E-09  0.4397E-10  0.2365E-10
                0.6332E-13  0.6805E-11  0.4135E-11
 
   SCF   Iteration =           21
   Final Energy    =   -20.7532138811242     
 
 
  CHISQ    =   0.0010578393
 
  Poisson It,Dist =           71  9.941765581455734E-005
  HFEX  =   -1.97998445555930     
 
  Number of OEP Cycles    =  259
  Total OEP Energy (a.u.) =    -16.8815153
  Delta E          (a.u.) =     -0.0000045
  Norm of delta Veff =   2.795020457490339E-005
 
 Initializing start point of RANFQ
 
  19020 points have been accepted
 out of 102400 trials.
 
  ---- Orbital EigenValues ---- 
 Alpha   A1      -1.201218   -0.754171   -0.615394   -0.541572
virtual  A1 V    -0.218294   -0.144913   -0.108056   -0.105928   -0.077262
         A2 V    -0.042973   -0.075296   -0.060455   -0.059198   -0.054372
         A3 V    -0.051011   -0.005029   -0.022841   -0.010506   -0.005006
         A4 V    -0.005407   -0.011340   -0.023539
  ---- Residuals of Orbitals --- 
 Alpha          0.8675E-11  0.3420E-15  0.4584E-11  0.5332E-14
virtual         0.1019E-09  0.6651E-11  0.1757E-10  0.5291E-11  0.1472E-12
                0.2265E-09  0.7299E-09  0.5592E-10  0.3245E-12  0.4171E-12
                0.1241E-11  0.5936E-11  0.7226E-10  0.5504E-11  0.9549E-11
                0.1070E-10  0.6539E-11  0.3662E-11
 
   SCF   Iteration =           19
   Final Energy    =   -20.7525454152031     
 
 
  CHISQ    =   0.0010804728
 
  Poisson It,Dist =           72  9.823048977278473E-005
  HFEX  =   -1.97994299725257     
 
  Number of OEP Cycles    =  260
  Total OEP Energy (a.u.) =    -16.8815153
  Delta E          (a.u.) =     -0.0000000
  Norm of delta Veff =   2.777669046608275E-005
 
 Initializing start point of RANFQ
 
  18824 points have been accepted
 out of 102400 trials.
 
  ---- Orbital EigenValues ---- 
 Alpha   A1      -1.201191   -0.754151   -0.615377   -0.541554
virtual  A1 V    -0.218290   -0.144909   -0.108056   -0.105927   -0.077261
         A2 V    -0.042971   -0.075296   -0.060455   -0.059199   -0.054372
         A3 V    -0.051011   -0.005029   -0.022840   -0.010506   -0.005006
         A4 V    -0.005407   -0.011340   -0.023538
  ---- Residuals of Orbitals --- 
 Alpha          0.6972E-13  0.2070E-14  0.2752E-11  0.2675E-14
virtual         0.6239E-09  0.3966E-10  0.7250E-10  0.8083E-12  0.1244E-09
                0.1782E-10  0.6135E-10  0.1234E-09  0.3515E-13  0.8694E-14
                0.2701E-10  0.1686E-10  0.2300E-10  0.8362E-11  0.1348E-10
                0.1212E-11  0.5409E-12  0.7391E-11
 
   SCF   Iteration =           24
   Final Energy    =   -20.7519026857079     
 
 
  CHISQ    =   0.0011017111
 
  Poisson It,Dist =           62  9.716667953779063E-005
  HFEX  =   -1.97989880381720     
 
  Number of OEP Cycles    =  261
  Total OEP Energy (a.u.) =    -16.8815110
  Delta E          (a.u.) =      0.0000042
  Norm of delta Veff =   2.759690166460867E-005
 
 Initializing start point of RANFQ
 
  18886 points have been accepted
 out of 102400 trials.
 
  ---- Orbital EigenValues ---- 
 Alpha   A1      -1.201165   -0.754131   -0.615360   -0.541536
virtual  A1 V    -0.218285   -0.144905   -0.108055   -0.105926   -0.077261
         A2 V    -0.042970   -0.075296   -0.060455   -0.059199   -0.054372
         A3 V    -0.051011   -0.005029   -0.022839   -0.010506   -0.005006
         A4 V    -0.005407   -0.011340   -0.023537
  ---- Residuals of Orbitals --- 
 Alpha          0.1414E-12  0.5551E-16  0.4712E-13  0.2507E-11
virtual         0.2272E-09  0.3692E-12  0.3256E-10  0.2060E-11  0.3568E-09
                0.4988E-10  0.5242E-10  0.4194E-11  0.2697E-13  0.7002E-13
                0.9547E-11  0.1610E-10  0.3676E-10  0.1183E-09  0.8893E-11
                0.2037E-12  0.6077E-11  0.4424E-11
 
   SCF   Iteration =           16
   Final Energy    =   -20.7512380396035     
 
 
  CHISQ    =   0.0010731303
 
  Poisson It,Dist =           45  9.870510923351527E-005
  HFEX  =   -1.97986416984468     
 
  Number of OEP Cycles    =  262
  Total OEP Energy (a.u.) =    -16.8815041
  Delta E          (a.u.) =      0.0000070
  Norm of delta Veff =   2.745594490176559E-005
 
 Initializing start point of RANFQ
 
  18858 points have been accepted
 out of 102400 trials.
 
  ---- Orbital EigenValues ---- 
 Alpha   A1      -1.201138   -0.754110   -0.615343   -0.541519
virtual  A1 V    -0.218281   -0.144856   -0.108054   -0.105925   -0.077260
         A2 V    -0.042979   -0.075299   -0.060455   -0.059199   -0.054372
         A3 V    -0.051011   -0.005029   -0.022839   -0.010506   -0.005006
         A4 V    -0.005407   -0.011340   -0.023537
  ---- Residuals of Orbitals --- 
 Alpha          0.1168E-12  0.2631E-16  0.1666E-11  0.6888E-13
virtual         0.2724E-11  0.1447E-04  0.4427E-11  0.7601E-12  0.1430E-10
                0.9647E-06  0.7549E-07  0.3378E-10  0.1181E-10  0.2091E-13
                0.8700E-13  0.5601E-11  0.8658E-10  0.5500E-10  0.5308E-10
                0.3909E-09  0.1731E-10  0.2967E-11
 
   SCF   Iteration =           18
   Final Energy    =   -20.7506824459252     
 
 
  CHISQ    =   0.0010380376
 
  Poisson It,Dist =           87  9.800375460743340E-005
  HFEX  =   -1.97982143281446     
 
  Number of OEP Cycles    =  263
  Total OEP Energy (a.u.) =    -16.8815173
  Delta E          (a.u.) =     -0.0000132
  Norm of delta Veff =   2.744441887278436E-005
 
 Initializing start point of RANFQ
 
  18836 points have been accepted
 out of 102400 trials.
 
  ---- Orbital EigenValues ---- 
 Alpha   A1      -1.201112   -0.754090   -0.615326   -0.541501
virtual  A1 V    -0.218276   -0.144882   -0.108053   -0.105924   -0.077259
         A2 V    -0.042976   -0.075299   -0.060454   -0.059199   -0.054372
         A3 V    -0.051011   -0.005029   -0.022838   -0.010507   -0.005006
         A4 V    -0.005407   -0.011340   -0.023536
  ---- Residuals of Orbitals --- 
 Alpha          0.2063E-11  0.2250E-16  0.8093E-11  0.3315E-11
virtual         0.1445E-10  0.2602E-06  0.6129E-11  0.1201E-11  0.1089E-09
                0.4218E-06  0.7931E-07  0.9912E-11  0.4007E-08  0.1499E-11
                0.2663E-12  0.1819E-10  0.3099E-10  0.1367E-11  0.8397E-11
                0.5839E-10  0.1152E-10  0.8797E-10
 
   SCF   Iteration =           19
   Final Energy    =   -20.7500154760789     
 
 
  CHISQ    =   0.0010658142
 
  Poisson It,Dist =           52  9.717644361490080E-005
  HFEX  =   -1.97977628360781     
 
  Number of OEP Cycles    =  264
  Total OEP Energy (a.u.) =    -16.8815093
  Delta E          (a.u.) =      0.0000079
  Norm of delta Veff =   2.718461127191647E-005
 
 Initializing start point of RANFQ
 
  18910 points have been accepted
 out of 102400 trials.
 
  ---- Orbital EigenValues ---- 
 Alpha   A1      -1.201086   -0.754070   -0.615309   -0.541484
virtual  A1 V    -0.218272   -0.144890   -0.108052   -0.105923   -0.077258
         A2 V    -0.042969   -0.075298   -0.060454   -0.059199   -0.054372
         A3 V    -0.051011   -0.005029   -0.022838   -0.010507   -0.005006
         A4 V    -0.005407   -0.011340   -0.023536
  ---- Residuals of Orbitals --- 
 Alpha          0.6659E-13  0.1812E-15  0.7795E-12  0.2155E-13
virtual         0.8528E-09  0.1192E-06  0.4302E-09  0.7574E-10  0.2899E-10
                0.1345E-06  0.1389E-07  0.8106E-13  0.1875E-10  0.5102E-13
                0.7058E-12  0.2319E-10  0.5471E-11  0.3587E-11  0.1548E-09
                0.9855E-12  0.6379E-07  0.7957E-11
 
   SCF   Iteration =           16
   Final Energy    =   -20.7493470551483     
 
 
  CHISQ    =   0.0010791432
 
  Poisson It,Dist =           46  9.831651744089157E-005
  HFEX  =   -1.97974371901876     
 
  Number of OEP Cycles    =  265
  Total OEP Energy (a.u.) =    -16.8815077
  Delta E          (a.u.) =      0.0000016
  Norm of delta Veff =   2.695868481225352E-005
 
 Initializing start point of RANFQ
 
  18811 points have been accepted
 out of 102400 trials.
 
  ---- Orbital EigenValues ---- 
 Alpha   A1      -1.201060   -0.754050   -0.615293   -0.541467
virtual  A1 V    -0.218268   -0.144888   -0.108051   -0.105922   -0.077258
         A2 V    -0.042966   -0.075298   -0.060454   -0.059199   -0.054372
         A3 V    -0.051011   -0.005029   -0.022837   -0.010507   -0.005006
         A4 V    -0.005407   -0.011340   -0.023535
  ---- Residuals of Orbitals --- 
 Alpha          0.7689E-12  0.5562E-15  0.1178E-11  0.3608E-13
virtual         0.7831E-12  0.2878E-07  0.2799E-10  0.3165E-10  0.1016E-09
                0.1203E-08  0.3978E-09  0.5267E-11  0.8003E-11  0.1596E-13
                0.7327E-12  0.3279E-10  0.3449E-11  0.9818E-12  0.4485E-10
                0.9833E-12  0.2183E-07  0.7108E-09
 
   SCF   Iteration =           21
   Final Energy    =   -20.7488133192985     
 
 
  CHISQ    =   0.0010456858
 
  Poisson It,Dist =           69  9.990078243324862E-005
  HFEX  =   -1.97969743116798     
 
  Number of OEP Cycles    =  266
  Total OEP Energy (a.u.) =    -16.8815128
  Delta E          (a.u.) =     -0.0000051
  Norm of delta Veff =   2.678858756689529E-005
 
 Initializing start point of RANFQ
 
  18996 points have been accepted
 out of 102400 trials.
 
  ---- Orbital EigenValues ---- 
 Alpha   A1      -1.201034   -0.754030   -0.615276   -0.541450
virtual  A1 V    -0.218263   -0.144885   -0.108050   -0.105922   -0.077257
         A2 V    -0.042964   -0.075297   -0.060454   -0.059199   -0.054372
         A3 V    -0.051011   -0.005029   -0.022837   -0.010507   -0.005006
         A4 V    -0.005407   -0.011340   -0.023535
  ---- Residuals of Orbitals --- 
 Alpha          0.4821E-13  0.2087E-14  0.7040E-11  0.1455E-11
virtual         0.6982E-13  0.1173E-06  0.1301E-10  0.4514E-10  0.3143E-10
                0.5957E-07  0.3053E-08  0.2792E-11  0.2276E-11  0.2974E-13
                0.3611E-11  0.6277E-11  0.3226E-11  0.7094E-11  0.3489E-10
                0.3153E-10  0.2077E-10  0.2754E-11
 
   SCF   Iteration =           20
   Final Energy    =   -20.7481185902094     
 
 
  CHISQ    =   0.0010834475
 
  Poisson It,Dist =           48  9.929362453133564E-005
  HFEX  =   -1.97965780948895     
 
  Number of OEP Cycles    =  267
  Total OEP Energy (a.u.) =    -16.8815055
  Delta E          (a.u.) =      0.0000073
  Norm of delta Veff =   2.662541412912452E-005
 
 Initializing start point of RANFQ
 
  18920 points have been accepted
 out of 102400 trials.
 
  ---- Orbital EigenValues ---- 
 Alpha   A1      -1.201008   -0.754011   -0.615260   -0.541433
virtual  A1 V    -0.218259   -0.144881   -0.108049   -0.105921   -0.077256
         A2 V    -0.042963   -0.075298   -0.060454   -0.059199   -0.054372
         A3 V    -0.051011   -0.005029   -0.022836   -0.010508   -0.005007
         A4 V    -0.005407   -0.011341   -0.023534
  ---- Residuals of Orbitals --- 
 Alpha          0.4116E-11  0.2046E-12  0.9772E-13  0.2205E-11
virtual         0.8862E-11  0.2350E-08  0.2118E-11  0.2602E-11  0.4595E-08
                0.2290E-07  0.1438E-09  0.1330E-11  0.3307E-12  0.1837E-13
                0.2502E-10  0.4458E-09  0.9065E-11  0.1305E-11  0.1198E-10
                0.6676E-11  0.1219E-10  0.2635E-11
 
   SCF   Iteration =           16
   Final Energy    =   -20.7475179208238     
 
 
  CHISQ    =   0.0010607651
 
  Poisson It,Dist =           78  9.698309297115552E-005
  HFEX  =   -1.97962236439040     
 
  Number of OEP Cycles    =  268
  Total OEP Energy (a.u.) =    -16.8815172
  Delta E          (a.u.) =     -0.0000118
  Norm of delta Veff =   2.647119460101422E-005
 
 Initializing start point of RANFQ
 
  18932 points have been accepted
 out of 102400 trials.
 
  ---- Orbital EigenValues ---- 
 Alpha   A1      -1.200983   -0.753991   -0.615244   -0.541416
virtual  A1 V    -0.218255   -0.144878   -0.108049   -0.105920   -0.077256
         A2 V    -0.042962   -0.075298   -0.060454   -0.059199   -0.054372
         A3 V    -0.051011   -0.005029   -0.022836   -0.010508   -0.005007
         A4 V    -0.005407   -0.011341   -0.023534
  ---- Residuals of Orbitals --- 
 Alpha          0.8925E-12  0.5090E-11  0.7113E-11  0.6246E-11
virtual         0.6465E-09  0.3898E-09  0.3364E-11  0.3570E-10  0.1145E-11
                0.6892E-08  0.6763E-10  0.6965E-11  0.7285E-12  0.1252E-13
                0.4882E-12  0.1054E-10  0.3392E-11  0.1860E-11  0.1813E-07
                0.6456E-12  0.7913E-11  0.1481E-10
 
   SCF   Iteration =           19
   Final Energy    =   -20.7469414672704     
 
 
  CHISQ    =   0.0010394834
 
  Poisson It,Dist =           65  9.903001350261337E-005
  HFEX  =   -1.97958085612667     
 
  Number of OEP Cycles    =  269
  Total OEP Energy (a.u.) =    -16.8815145
  Delta E          (a.u.) =      0.0000028
  Norm of delta Veff =   2.628984468360660E-005
 
 Initializing start point of RANFQ
 
  18912 points have been accepted
 out of 102400 trials.
 
  ---- Orbital EigenValues ---- 
 Alpha   A1      -1.200958   -0.753972   -0.615228   -0.541400
virtual  A1 V    -0.218250   -0.144874   -0.108048   -0.105919   -0.077255
         A2 V    -0.042961   -0.075298   -0.060454   -0.059199   -0.054372
         A3 V    -0.051011   -0.005029   -0.022835   -0.010508   -0.005007
         A4 V    -0.005407   -0.011341   -0.023533
  ---- Residuals of Orbitals --- 
 Alpha          0.7388E-13  0.1138E-12  0.1025E-15  0.2417E-14
virtual         0.5898E-13  0.6294E-09  0.6377E-11  0.1722E-09  0.1163E-10
                0.5975E-09  0.4544E-10  0.2468E-11  0.1701E-11  0.1126E-12
                0.1446E-10  0.1047E-09  0.2944E-11  0.1688E-11  0.7026E-11
                0.5194E-11  0.6222E-10  0.5819E-09
 
   SCF   Iteration =           20
   Final Energy    =   -20.7463134053138     
 
 
  CHISQ    =   0.0010454336
 
  Poisson It,Dist =           51  9.916914192278185E-005
  HFEX  =   -1.97954286733330     
 
  Number of OEP Cycles    =  270
  Total OEP Energy (a.u.) =    -16.8815095
  Delta E          (a.u.) =      0.0000049
  Norm of delta Veff =   2.613337667593154E-005
 
 Initializing start point of RANFQ
 
  18856 points have been accepted
 out of 102400 trials.
 
  ---- Orbital EigenValues ---- 
 Alpha   A1      -1.200932   -0.753953   -0.615212   -0.541384
virtual  A1 V    -0.218246   -0.144870   -0.108047   -0.105918   -0.077254
         A2 V    -0.042960   -0.075298   -0.060454   -0.059200   -0.054372
         A3 V    -0.051011   -0.005029   -0.022834   -0.010508   -0.005007
         A4 V    -0.005407   -0.011341   -0.023533
  ---- Residuals of Orbitals --- 
 Alpha          0.1375E-10  0.2501E-12  0.2695E-14  0.1134E-13
virtual         0.2374E-10  0.5820E-09  0.9389E-12  0.3571E-09  0.3282E-11
                0.2827E-09  0.1007E-09  0.1322E-10  0.1479E-12  0.1381E-12
                0.1045E-11  0.4295E-10  0.3139E-11  0.5736E-11  0.9612E-10
                0.1809E-11  0.1283E-10  0.2110E-11
 
   SCF   Iteration =           15
   Final Energy    =   -20.7457256567374     
 
 
  CHISQ    =   0.0010538262
 
  Poisson It,Dist =           52  9.625333585277669E-005
  HFEX  =   -1.97950715869612     
 
  Number of OEP Cycles    =  271
  Total OEP Energy (a.u.) =    -16.8815086
  Delta E          (a.u.) =      0.0000009
  Norm of delta Veff =   2.598764457024129E-005
 
 Initializing start point of RANFQ
 
  18970 points have been accepted
 out of 102400 trials.
 
  ---- Orbital EigenValues ---- 
 Alpha   A1      -1.200908   -0.753933   -0.615196   -0.541367
virtual  A1 V    -0.218242   -0.144866   -0.108046   -0.105918   -0.077254
         A2 V    -0.042959   -0.075298   -0.060453   -0.059200   -0.054372
         A3 V    -0.051011   -0.005029   -0.022834   -0.010508   -0.005007
         A4 V    -0.005407   -0.011341   -0.023532
  ---- Residuals of Orbitals --- 
 Alpha          0.1389E-10  0.5919E-15  0.1275E-11  0.2897E-14
virtual         0.1671E-10  0.1526E-10  0.3448E-09  0.5400E-09  0.1006E-11
                0.1617E-09  0.2019E-10  0.1890E-10  0.7666E-11  0.1371E-12
                0.1024E-11  0.1977E-10  0.4923E-11  0.9865E-11  0.1197E-09
                0.1438E-10  0.4693E-10  0.5904E-10
 
   SCF   Iteration =           18
   Final Energy    =   -20.7451646411054     
 
 
  CHISQ    =   0.0010812322
 
  Poisson It,Dist =           58  9.909913265143211E-005
  HFEX  =   -1.97946472332326     
 
  Number of OEP Cycles    =  272
  Total OEP Energy (a.u.) =    -16.8815096
  Delta E          (a.u.) =     -0.0000009
  Norm of delta Veff =   2.580599952182806E-005
 
 Initializing start point of RANFQ
 
  18880 points have been accepted
 out of 102400 trials.
 
  ---- Orbital EigenValues ---- 
 Alpha   A1      -1.200883   -0.753914   -0.615180   -0.541351
virtual  A1 V    -0.218238   -0.144863   -0.108045   -0.105917   -0.077253
         A2 V    -0.042957   -0.075298   -0.060453   -0.059200   -0.054372
         A3 V    -0.051011   -0.005029   -0.022833   -0.010509   -0.005007
         A4 V    -0.005407   -0.011341   -0.023532
  ---- Residuals of Orbitals --- 
 Alpha          0.6374E-13  0.1483E-13  0.2503E-13  0.4522E-13
virtual         0.3576E-09  0.1414E-09  0.8687E-10  0.5773E-11  0.1452E-12
                0.1306E-08  0.2828E-10  0.1099E-10  0.1806E-12  0.1027E-12
                0.3478E-12  0.3919E-09  0.5144E-11  0.1058E-11  0.1011E-10
                0.7327E-12  0.1410E-10  0.1336E-11
 
   SCF   Iteration =           17
   Final Energy    =   -20.7445235213462     
 
 
  CHISQ    =   0.0010541598
 
  Poisson It,Dist =           74  9.745123091850724E-005
  HFEX  =   -1.97943095320001     
 
  Number of OEP Cycles    =  273
  Total OEP Energy (a.u.) =    -16.8815168
  Delta E          (a.u.) =     -0.0000072
  Norm of delta Veff =   2.566942048194391E-005
 
 Initializing start point of RANFQ
 
  18985 points have been accepted
 out of 102400 trials.
 
  ---- Orbital EigenValues ---- 
 Alpha   A1      -1.200858   -0.753896   -0.615165   -0.541335
virtual  A1 V    -0.218234   -0.144859   -0.108045   -0.105916   -0.077252
         A2 V    -0.042956   -0.075299   -0.060453   -0.059200   -0.054372
         A3 V    -0.051011   -0.005029   -0.022833   -0.010509   -0.005007
         A4 V    -0.005407   -0.011341   -0.023531
  ---- Residuals of Orbitals --- 
 Alpha          0.2077E-13  0.4966E-14  0.1825E-14  0.1337E-13
virtual         0.2830E-12  0.3265E-10  0.2988E-10  0.1226E-10  0.2634E-11
                0.1668E-08  0.1698E-09  0.6612E-10  0.1076E-12  0.3467E-13
                0.4904E-11  0.5147E-10  0.7646E-11  0.3268E-10  0.3565E-10
                0.8609E-11  0.1716E-11  0.2766E-09
 
   SCF   Iteration =           19
   Final Energy    =   -20.7439774036722     
 
 
  CHISQ    =   0.0010592299
 
  Poisson It,Dist =           74  9.943736982478225E-005
  HFEX  =   -1.97938580158948     
 
  Number of OEP Cycles    =  274
  Total OEP Energy (a.u.) =    -16.8815180
  Delta E          (a.u.) =     -0.0000012
  Norm of delta Veff =   2.548018372289973E-005
 
 Initializing start point of RANFQ
 
  18805 points have been accepted
 out of 102400 trials.
 
  ---- Orbital EigenValues ---- 
 Alpha   A1      -1.200834   -0.753877   -0.615150   -0.541319
virtual  A1 V    -0.218230   -0.144855   -0.108044   -0.105915   -0.077252
         A2 V    -0.042955   -0.075299   -0.060453   -0.059200   -0.054372
         A3 V    -0.051011   -0.005029   -0.022832   -0.010509   -0.005007
         A4 V    -0.005407   -0.011341   -0.023531
  ---- Residuals of Orbitals --- 
 Alpha          0.1421E-11  0.1703E-13  0.2465E-12  0.8438E-11
virtual         0.1245E-09  0.1431E-09  0.1078E-08  0.3067E-11  0.1033E-10
                0.2762E-09  0.1322E-10  0.1164E-12  0.2752E-12  0.5374E-12
                0.2178E-12  0.2521E-10  0.5754E-11  0.6999E-09  0.7905E-10
                0.7258E-13  0.5992E-12  0.5958E-10
 
   SCF   Iteration =           21
   Final Energy    =   -20.7433096879501     
 
 
  CHISQ    =   0.0010585678
 
  Poisson It,Dist =           58  9.842418749434707E-005
  HFEX  =   -1.97934679466168     
 
  Number of OEP Cycles    =  275
  Total OEP Energy (a.u.) =    -16.8815130
  Delta E          (a.u.) =      0.0000049
  Norm of delta Veff =   2.531572976923715E-005
 
 Initializing start point of RANFQ
 
  18699 points have been accepted
 out of 102400 trials.
 
  ---- Orbital EigenValues ---- 
 Alpha   A1      -1.200810   -0.753858   -0.615134   -0.541304
virtual  A1 V    -0.218226   -0.144852   -0.108043   -0.105915   -0.077251
         A2 V    -0.042954   -0.075299   -0.060453   -0.059200   -0.054372
         A3 V    -0.051011   -0.005029   -0.022832   -0.010509   -0.005007
         A4 V    -0.005407   -0.011341   -0.023530
  ---- Residuals of Orbitals --- 
 Alpha          0.3189E-11  0.7878E-14  0.1206E-11  0.2105E-11
virtual         0.1498E-10  0.1286E-08  0.6115E-10  0.8490E-11  0.3727E-10
                0.2471E-10  0.2173E-10  0.2086E-11  0.2299E-12  0.9914E-13
                0.1013E-10  0.5818E-11  0.9726E-11  0.8243E-10  0.1569E-10
                0.3156E-09  0.7361E-11  0.9956E-08
 
   SCF   Iteration =           15
   Final Energy    =   -20.7427165917749     
 
 
  CHISQ    =   0.0010742466
 
  Poisson It,Dist =           42  9.976486103507934E-005
  HFEX  =   -1.97931873443574     
 
  Number of OEP Cycles    =  276
  Total OEP Energy (a.u.) =    -16.8815058
  Delta E          (a.u.) =      0.0000072
  Norm of delta Veff =   2.520181048626048E-005
 
 Initializing start point of RANFQ
 
  18812 points have been accepted
 out of 102400 trials.
 
  ---- Orbital EigenValues ---- 
 Alpha   A1      -1.200785   -0.753840   -0.615119   -0.541288
virtual  A1 V    -0.218221   -0.144848   -0.108042   -0.105914   -0.077250
         A2 V    -0.042953   -0.075299   -0.060453   -0.059200   -0.054372
         A3 V    -0.051011   -0.005029   -0.022831   -0.010510   -0.005007
         A4 V    -0.005407   -0.011341   -0.023530
  ---- Residuals of Orbitals --- 
 Alpha          0.2045E-11  0.1321E-10  0.1091E-11  0.3072E-11
virtual         0.4464E-11  0.1594E-10  0.2080E-10  0.9566E-11  0.8850E-10
                0.5581E-08  0.6695E-11  0.3536E-10  0.8918E-13  0.2505E-12
                0.9899E-10  0.1374E-08  0.1086E-10  0.7461E-12  0.1367E-08
                0.1208E-10  0.1260E-11  0.2129E-09
 
   SCF   Iteration =           19
   Final Energy    =   -20.7422505821163     
 
 
  CHISQ    =   0.0010433392
 
  Poisson It,Dist =           58  9.573823855844009E-005
  HFEX  =   -1.97927843395329     
 
  Number of OEP Cycles    =  277
  Total OEP Energy (a.u.) =    -16.8815103
  Delta E          (a.u.) =     -0.0000045
  Norm of delta Veff =   2.503589669095261E-005
 
 Initializing start point of RANFQ
 
  18764 points have been accepted
 out of 102400 trials.
 
  ---- Orbital EigenValues ---- 
 Alpha   A1      -1.200762   -0.753821   -0.615104   -0.541273
virtual  A1 V    -0.218217   -0.144844   -0.108041   -0.105913   -0.077250
         A2 V    -0.042952   -0.075299   -0.060453   -0.059200   -0.054373
         A3 V    -0.051011   -0.005029   -0.022831   -0.010510   -0.005007
         A4 V    -0.005407   -0.011341   -0.023529
  ---- Residuals of Orbitals --- 
 Alpha          0.7429E-14  0.1489E-12  0.2884E-13  0.3980E-14
virtual         0.1211E-11  0.7133E-12  0.3576E-10  0.2255E-10  0.1880E-08
                0.8357E-09  0.1755E-10  0.2772E-10  0.3604E-13  0.1256E-12
                0.2823E-09  0.5209E-11  0.1109E-10  0.7990E-10  0.6007E-09
                0.2058E-11  0.1805E-11  0.3371E-10
 
   SCF   Iteration =           17
   Final Energy    =   -20.7416392884367     
 
 
  CHISQ    =   0.0010399367
 
  Poisson It,Dist =           56  9.800908723526029E-005
  HFEX  =   -1.97924001171263     
 
  Number of OEP Cycles    =  278
  Total OEP Energy (a.u.) =    -16.8815096
  Delta E          (a.u.) =      0.0000008
  Norm of delta Veff =   2.487647129796720E-005
 
 Initializing start point of RANFQ
 
  18905 points have been accepted
 out of 102400 trials.
 
  ---- Orbital EigenValues ---- 
 Alpha   A1      -1.200738   -0.753803   -0.615089   -0.541258
virtual  A1 V    -0.218213   -0.144841   -0.108041   -0.105912   -0.077249
         A2 V    -0.042951   -0.075299   -0.060453   -0.059200   -0.054373
         A3 V    -0.051011   -0.005029   -0.022830   -0.010510   -0.005007
         A4 V    -0.005407   -0.011341   -0.023529
  ---- Residuals of Orbitals --- 
 Alpha          0.3419E-11  0.4601E-13  0.9506E-15  0.4542E-11
virtual         0.4404E-12  0.1215E-09  0.1022E-10  0.2862E-09  0.1449E-09
                0.1061E-09  0.4118E-11  0.1712E-10  0.1658E-13  0.2712E-13
                0.3210E-08  0.1643E-09  0.1018E-10  0.7498E-12  0.1706E-09
                0.1292E-12  0.2211E-10  0.2700E-10
 
   SCF   Iteration =           17
   Final Energy    =   -20.7410518897351     
 
 
  CHISQ    =   0.0010550337
 
  Poisson It,Dist =           50  9.790709402427109E-005
  HFEX  =   -1.97920553325660     
 
  Number of OEP Cycles    =  279
  Total OEP Energy (a.u.) =    -16.8815073
  Delta E          (a.u.) =      0.0000023
  Norm of delta Veff =   2.473428414621129E-005
 
 Initializing start point of RANFQ
 
  18935 points have been accepted
 out of 102400 trials.
 
  ---- Orbital EigenValues ---- 
 Alpha   A1      -1.200714   -0.753785   -0.615075   -0.541242
virtual  A1 V    -0.218209   -0.144837   -0.108040   -0.105912   -0.077248
         A2 V    -0.042950   -0.075300   -0.060452   -0.059200   -0.054373
         A3 V    -0.051011   -0.005029   -0.022830   -0.010510   -0.005007
         A4 V    -0.005407   -0.011341   -0.023528
  ---- Residuals of Orbitals --- 
 Alpha          0.9066E-12  0.5931E-11  0.4513E-12  0.1433E-12
virtual         0.6847E-13  0.1687E-10  0.4516E-10  0.1444E-12  0.3357E-09
                0.3384E-10  0.2069E-11  0.1270E-10  0.4393E-13  0.1504E-12
                0.2975E-11  0.8911E-10  0.9215E-11  0.8331E-12  0.9257E-10
                0.2597E-12  0.7116E-10  0.7121E-11
 
   SCF   Iteration =           19
   Final Energy    =   -20.7405141031779     
 
 
  CHISQ    =   0.0010530725
 
  Poisson It,Dist =           54  9.712793399913393E-005
  HFEX  =   -1.97917141960677     
 
  Number of OEP Cycles    =  280
  Total OEP Energy (a.u.) =    -16.8815083
  Delta E          (a.u.) =     -0.0000011
  Norm of delta Veff =   2.459523970261503E-005
 
 Initializing start point of RANFQ
 
  18847 points have been accepted
 out of 102400 trials.
 
  ---- Orbital EigenValues ---- 
 Alpha   A1      -1.200691   -0.753767   -0.615060   -0.541227
virtual  A1 V    -0.218206   -0.144834   -0.108039   -0.105911   -0.077248
         A2 V    -0.042949   -0.075300   -0.060452   -0.059200   -0.054373
         A3 V    -0.051011   -0.005029   -0.022829   -0.010510   -0.005007
         A4 V    -0.005407   -0.011341   -0.023528
  ---- Residuals of Orbitals --- 
 Alpha          0.3711E-11  0.1141E-10  0.2856E-12  0.1238E-11
virtual         0.1121E-10  0.6738E-12  0.3502E-11  0.4442E-12  0.1514E-08
                0.7240E-11  0.3491E-11  0.3100E-11  0.1269E-13  0.1905E-12
                0.5470E-11  0.5473E-11  0.2787E-10  0.2524E-10  0.5822E-10
                0.3542E-13  0.1676E-10  0.4067E-10
 
   SCF   Iteration =           20
   Final Energy    =   -20.7399776353524     
 
 
  CHISQ    =   0.0010525839
 
  Poisson It,Dist =           78  9.884626686196464E-005
  HFEX  =   -1.97913473590894     
 
  Number of OEP Cycles    =  281
  Total OEP Energy (a.u.) =    -16.8815161
  Delta E          (a.u.) =     -0.0000078
  Norm of delta Veff =   2.444885385596240E-005
 
 Initializing start point of RANFQ
 
  18850 points have been accepted
 out of 102400 trials.
 
  ---- Orbital EigenValues ---- 
 Alpha   A1      -1.200667   -0.753749   -0.615046   -0.541213
virtual  A1 V    -0.218202   -0.144830   -0.108038   -0.105910   -0.077247
         A2 V    -0.042948   -0.075300   -0.060452   -0.059201   -0.054373
         A3 V    -0.051011   -0.005029   -0.022829   -0.010511   -0.005007
         A4 V    -0.005407   -0.011341   -0.023527
  ---- Residuals of Orbitals --- 
 Alpha          0.2152E-11  0.1758E-12  0.2332E-12  0.9905E-11
virtual         0.6523E-12  0.7106E-10  0.3325E-11  0.1204E-09  0.1050E-10
                0.6463E-08  0.4571E-10  0.2193E-11  0.2132E-13  0.3493E-12
                0.1864E-09  0.2926E-09  0.9698E-11  0.1461E-11  0.2370E-10
                0.5835E-11  0.4681E-10  0.4069E-11
 
   SCF   Iteration =           21
   Final Energy    =   -20.7394096005749     
 
 
  CHISQ    =   0.0010616578
 
  Poisson It,Dist =           78  9.792280077355192E-005
  HFEX  =   -1.97909811501592     
 
  Number of OEP Cycles    =  282
  Total OEP Energy (a.u.) =    -16.8815184
  Delta E          (a.u.) =     -0.0000022
  Norm of delta Veff =   2.429194648601433E-005
 
 Initializing start point of RANFQ
 
  18743 points have been accepted
 out of 102400 trials.
 
  ---- Orbital EigenValues ---- 
 Alpha   A1      -1.200644   -0.753731   -0.615031   -0.541198
virtual  A1 V    -0.218198   -0.144827   -0.108038   -0.105909   -0.077247
         A2 V    -0.042947   -0.075300   -0.060452   -0.059201   -0.054373
         A3 V    -0.051011   -0.005029   -0.022828   -0.010511   -0.005007
         A4 V    -0.005407   -0.011341   -0.023527
  ---- Residuals of Orbitals --- 
 Alpha          0.6979E-12  0.6453E-11  0.6144E-13  0.2461E-11
virtual         0.1307E-12  0.8209E-12  0.8291E-11  0.6097E-11  0.7181E-09
                0.9084E-12  0.1351E-11  0.1996E-11  0.3671E-12  0.5353E-12
                0.6617E-10  0.1580E-10  0.7294E-10  0.3245E-11  0.1370E-10
                0.1245E-11  0.8347E-12  0.1279E-08
 
   SCF   Iteration =           15
   Final Energy    =   -20.7388426265449     
 
 
  CHISQ    =   0.0010660747
 
  Poisson It,Dist =           55  9.452668479444567E-005
  HFEX  =   -1.97906523577365     
 
  Number of OEP Cycles    =  283
  Total OEP Energy (a.u.) =    -16.8815124
  Delta E          (a.u.) =      0.0000060
  Norm of delta Veff =   2.415892902839183E-005
 
 Initializing start point of RANFQ
 
  18898 points have been accepted
 out of 102400 trials.
 
  ---- Orbital EigenValues ---- 
 Alpha   A1      -1.200621   -0.753713   -0.615017   -0.541183
virtual  A1 V    -0.218194   -0.144823   -0.108037   -0.105909   -0.077246
         A2 V    -0.042946   -0.075300   -0.060452   -0.059201   -0.054373
         A3 V    -0.051011   -0.005029   -0.022828   -0.010511   -0.005007
         A4 V    -0.005407   -0.011341   -0.023526
  ---- Residuals of Orbitals --- 
 Alpha          0.1895E-12  0.5226E-12  0.2967E-13  0.6224E-11
virtual         0.1444E-12  0.2326E-10  0.6546E-10  0.4321E-10  0.3825E-12
                0.2482E-11  0.3640E-11  0.4692E-11  0.8127E-14  0.2138E-12
                0.5541E-11  0.2216E-10  0.5357E-11  0.7963E-12  0.1720E-10
                0.7113E-13  0.7003E-12  0.9537E-11
 
   SCF   Iteration =           22
   Final Energy    =   -20.7383296598009     
 
 
  CHISQ    =   0.0010868979
 
  Poisson It,Dist =           55  9.789084922298660E-005
  HFEX  =   -1.97902470360131     
 
  Number of OEP Cycles    =  284
  Total OEP Energy (a.u.) =    -16.8815086
  Delta E          (a.u.) =      0.0000038
  Norm of delta Veff =   2.398910985442167E-005
 
 Initializing start point of RANFQ
 
  18978 points have been accepted
 out of 102400 trials.
 
  ---- Orbital EigenValues ---- 
 Alpha   A1      -1.200598   -0.753695   -0.615003   -0.541169
virtual  A1 V    -0.218190   -0.144820   -0.108036   -0.105908   -0.077245
         A2 V    -0.042945   -0.075301   -0.060452   -0.059201   -0.054373
         A3 V    -0.051011   -0.005029   -0.022827   -0.010511   -0.005007
         A4 V    -0.005407   -0.011341   -0.023526
  ---- Residuals of Orbitals --- 
 Alpha          0.5458E-12  0.2615E-12  0.1376E-11  0.3219E-11
virtual         0.5236E-10  0.1418E-09  0.8096E-11  0.1368E-11  0.7185E-12
                0.2200E-11  0.1927E-11  0.7038E-12  0.8596E-14  0.1149E-12
                0.2157E-10  0.3313E-08  0.2078E-09  0.6158E-11  0.9389E-09
                0.9884E-13  0.1226E-10  0.2578E-09
 
   SCF   Iteration =           18
   Final Energy    =   -20.7377292372653     
 
 
  CHISQ    =   0.0010591040
 
  Poisson It,Dist =           58  9.982600577864299E-005
  HFEX  =   -1.97898986532333     
 
  Number of OEP Cycles    =  285
  Total OEP Energy (a.u.) =    -16.8815139
  Delta E          (a.u.) =     -0.0000053
  Norm of delta Veff =   2.384808839014399E-005
 
 Initializing start point of RANFQ
 
  18921 points have been accepted
 out of 102400 trials.
 
  ---- Orbital EigenValues ---- 
 Alpha   A1      -1.200576   -0.753678   -0.614989   -0.541154
virtual  A1 V    -0.218186   -0.144816   -0.108035   -0.105907   -0.077245
         A2 V    -0.042944   -0.075301   -0.060452   -0.059201   -0.054373
         A3 V    -0.051011   -0.005029   -0.022827   -0.010512   -0.005007
         A4 V    -0.005407   -0.011341   -0.023525
  ---- Residuals of Orbitals --- 
 Alpha          0.6449E-14  0.1740E-11  0.5358E-11  0.1583E-12
virtual         0.2022E-09  0.4040E-11  0.8544E-12  0.3662E-12  0.3549E-12
                0.1171E-11  0.8990E-12  0.1104E-10  0.8375E-14  0.3350E-13
                0.7345E-11  0.5859E-11  0.7542E-11  0.7547E-12  0.1109E-10
                0.2175E-13  0.2253E-10  0.6460E-11
 
   SCF   Iteration =           20
   Final Energy    =   -20.7371863131891     
 
 
  CHISQ    =   0.0010790895
 
  Poisson It,Dist =           67  9.710032036657538E-005
  HFEX  =   -1.97895395991665     
 
  Number of OEP Cycles    =  286
  Total OEP Energy (a.u.) =    -16.8815124
  Delta E          (a.u.) =      0.0000015
  Norm of delta Veff =   2.369660865073198E-005
 
 Initializing start point of RANFQ
 
  18821 points have been accepted
 out of 102400 trials.
 
  ---- Orbital EigenValues ---- 
 Alpha   A1      -1.200553   -0.753660   -0.614975   -0.541140
virtual  A1 V    -0.218182   -0.144813   -0.108035   -0.105907   -0.077244
         A2 V    -0.042943   -0.075301   -0.060452   -0.059201   -0.054373
         A3 V    -0.051011   -0.005029   -0.022827   -0.010512   -0.005007
         A4 V    -0.005407   -0.011341   -0.023525
  ---- Residuals of Orbitals --- 
 Alpha          0.2397E-13  0.6607E-13  0.9046E-11  0.2569E-14
virtual         0.5222E-12  0.2420E-09  0.1428E-10  0.8422E-13  0.3129E-12
                0.2070E-10  0.1093E-10  0.1238E-08  0.8327E-14  0.3323E-13
                0.1759E-11  0.2637E-10  0.1187E-09  0.1760E-11  0.1414E-10
                0.4458E-13  0.3044E-11  0.2038E-10
 
   SCF   Iteration =           20
   Final Energy    =   -20.7366381498279     
 
 
  CHISQ    =   0.0010682294
 
  Poisson It,Dist =           43  9.955308262209409E-005
  HFEX  =   -1.97892161022853     
 
  Number of OEP Cycles    =  287
  Total OEP Energy (a.u.) =    -16.8815038
  Delta E          (a.u.) =      0.0000086
  Norm of delta Veff =   2.356461033031824E-005
 
 Initializing start point of RANFQ
 
  18758 points have been accepted
 out of 102400 trials.
 
  ---- Orbital EigenValues ---- 
 Alpha   A1      -1.200531   -0.753643   -0.614961   -0.541126
virtual  A1 V    -0.218179   -0.144810   -0.108034   -0.105906   -0.077243
         A2 V    -0.042942   -0.075301   -0.060452   -0.059201   -0.054373
         A3 V    -0.051011   -0.005029   -0.022826   -0.010512   -0.005007
         A4 V    -0.005407   -0.011341   -0.023524
  ---- Residuals of Orbitals --- 
 Alpha          0.4426E-12  0.6581E-11  0.5933E-13  0.2316E-13
virtual         0.2121E-11  0.9359E-12  0.3626E-11  0.1274E-12  0.2390E-12
                0.2462E-11  0.1397E-09  0.4359E-11  0.6824E-14  0.3322E-13
                0.1310E-11  0.7744E-11  0.1871E-09  0.8479E-12  0.1629E-08
                0.2974E-11  0.7539E-09  0.1318E-07
 
   SCF   Iteration =           22
   Final Energy    =   -20.7361363883906     
 
 
  CHISQ    =   0.0010461113
 
  Poisson It,Dist =           68  9.845685739964529E-005
  HFEX  =   -1.97888704132516     
 
  Number of OEP Cycles    =  288
  Total OEP Energy (a.u.) =    -16.8815128
  Delta E          (a.u.) =     -0.0000090
  Norm of delta Veff =   2.342355843501377E-005
 
 Initializing start point of RANFQ
 
  18962 points have been accepted
 out of 102400 trials.
 
  ---- Orbital EigenValues ---- 
 Alpha   A1      -1.200509   -0.753626   -0.614947   -0.541112
virtual  A1 V    -0.218175   -0.144806   -0.108033   -0.105905   -0.077243
         A2 V    -0.042941   -0.075301   -0.060451   -0.059201   -0.054373
         A3 V    -0.051011   -0.005029   -0.022826   -0.010512   -0.005007
         A4 V    -0.005407   -0.011341   -0.023524
  ---- Residuals of Orbitals --- 
 Alpha          0.1152E-13  0.7106E-11  0.2045E-10  0.6649E-12
virtual         0.1868E-12  0.9591E-11  0.7798E-12  0.3596E-11  0.2139E-12
                0.2123E-10  0.2911E-11  0.1344E-11  0.7738E-14  0.3164E-13
                0.1415E-10  0.3449E-10  0.2055E-10  0.1037E-11  0.1115E-10
                0.3145E-14  0.1080E-10  0.8100E-09
 
   SCF   Iteration =           16
   Final Energy    =   -20.7355955235874     
 
 
  CHISQ    =   0.0010824248
 
  Poisson It,Dist =           64  9.921164458241797E-005
  HFEX  =   -1.97885620524755     
 
  Number of OEP Cycles    =  289
  Total OEP Energy (a.u.) =    -16.8815111
  Delta E          (a.u.) =      0.0000017
  Norm of delta Veff =   2.329456512542543E-005
 
 Initializing start point of RANFQ
 
  18829 points have been accepted
 out of 102400 trials.
 
  ---- Orbital EigenValues ---- 
 Alpha   A1      -1.200486   -0.753609   -0.614934   -0.541098
virtual  A1 V    -0.218171   -0.144803   -0.108033   -0.105905   -0.077242
         A2 V    -0.042940   -0.075301   -0.060451   -0.059201   -0.054373
         A3 V    -0.051011   -0.005029   -0.022825   -0.010512   -0.005007
         A4 V    -0.005407   -0.011341   -0.023523
  ---- Residuals of Orbitals --- 
 Alpha          0.3820E-11  0.1814E-12  0.3975E-11  0.1940E-10
virtual         0.2863E-10  0.4744E-11  0.3812E-12  0.1716E-10  0.2049E-12
                0.9985E-09  0.3350E-12  0.1612E-10  0.3781E-13  0.2459E-13
                0.2854E-11  0.4270E-10  0.1644E-10  0.3647E-11  0.6768E-11
                0.2588E-11  0.1119E-10  0.2414E-07
 
   SCF   Iteration =           23
   Final Energy    =   -20.7351057895332     
 
 
  CHISQ    =   0.0010693733
 
  Poisson It,Dist =           64  9.655434430301487E-005
  HFEX  =   -1.97881872862071     
 
  Number of OEP Cycles    =  290
  Total OEP Energy (a.u.) =    -16.8815132
  Delta E          (a.u.) =     -0.0000021
  Norm of delta Veff =   2.313928948275339E-005
 
 Initializing start point of RANFQ
 
  18847 points have been accepted
 out of 102400 trials.
 
  ---- Orbital EigenValues ---- 
 Alpha   A1      -1.200465   -0.753592   -0.614920   -0.541084
virtual  A1 V    -0.218167   -0.144800   -0.108032   -0.105904   -0.077242
         A2 V    -0.042939   -0.075302   -0.060451   -0.059201   -0.054373
         A3 V    -0.051011   -0.005029   -0.022825   -0.010513   -0.005007
         A4 V    -0.005407   -0.011341   -0.023523
  ---- Residuals of Orbitals --- 
 Alpha          0.1151E-14  0.1245E-11  0.1315E-10  0.9249E-12
virtual         0.1561E-09  0.6957E-11  0.9794E-12  0.2220E-10  0.1922E-12
                0.3760E-09  0.1658E-10  0.6659E-10  0.6909E-14  0.2119E-13
                0.2703E-11  0.3252E-10  0.1650E-10  0.1774E-10  0.2031E-09
                0.1456E-12  0.1130E-12  0.2250E-08
 
   SCF   Iteration =           16
   Final Energy    =   -20.7345422584168     
 
 
  CHISQ    =   0.0010674291
 
  Poisson It,Dist =           40  9.934515013959386E-005
  HFEX  =   -1.97879036814126     
 
  Number of OEP Cycles    =  291
  Total OEP Energy (a.u.) =    -16.8815035
  Delta E          (a.u.) =      0.0000097
  Norm of delta Veff =   2.302909745316651E-005
 
 Initializing start point of RANFQ
 
  18988 points have been accepted
 out of 102400 trials.
 
  ---- Orbital EigenValues ---- 
 Alpha   A1      -1.200443   -0.753575   -0.614907   -0.541071
virtual  A1 V    -0.218164   -0.144796   -0.108031   -0.105903   -0.077241
         A2 V    -0.042938   -0.075302   -0.060451   -0.059201   -0.054373
         A3 V    -0.051011   -0.005029   -0.022825   -0.010513   -0.005007
         A4 V    -0.005407   -0.011341   -0.023523
  ---- Residuals of Orbitals --- 
 Alpha          0.8702E-12  0.6244E-12  0.6905E-11  0.1078E-12
virtual         0.1394E-10  0.7002E-10  0.6915E-08  0.8605E-12  0.1167E-11
                0.1770E-10  0.8642E-12  0.4176E-11  0.5514E-14  0.1073E-12
                0.3877E-11  0.6395E-09  0.1859E-10  0.3199E-11  0.1132E-10
                0.2131E-12  0.3010E-11  0.1572E-08
 
   SCF   Iteration =           21
   Final Energy    =   -20.7340927447801     
 
 
  CHISQ    =   0.0010363834
 
  Poisson It,Dist =           64  9.993171345805234E-005
  HFEX  =   -1.97874908101832     
 
  Number of OEP Cycles    =  292
  Total OEP Energy (a.u.) =    -16.8815098
  Delta E          (a.u.) =     -0.0000063
  Norm of delta Veff =   2.285316728413245E-005
 
 Initializing start point of RANFQ
 
  18858 points have been accepted
 out of 102400 trials.
 
  ---- Orbital EigenValues ---- 
 Alpha   A1      -1.200421   -0.753558   -0.614894   -0.541057
virtual  A1 V    -0.218160   -0.144793   -0.108031   -0.105903   -0.077241
         A2 V    -0.042937   -0.075302   -0.060451   -0.059201   -0.054373
         A3 V    -0.051011   -0.005029   -0.022824   -0.010513   -0.005007
         A4 V    -0.005407   -0.011341   -0.023522
  ---- Residuals of Orbitals --- 
 Alpha          0.2755E-11  0.1040E-11  0.1984E-11  0.2412E-11
virtual         0.1202E-10  0.2209E-11  0.5425E-08  0.6280E-12  0.1245E-11
                0.2131E-10  0.1218E-11  0.4184E-10  0.5069E-13  0.7374E-11
                0.3643E-11  0.5149E-11  0.1649E-10  0.5856E-12  0.6565E-09
                0.8595E-12  0.7110E-10  0.1014E-09
 
   SCF   Iteration =           12
   Final Energy    =   -20.7334821410130     
 
 
  CHISQ    =   0.0010434502
 
  Poisson It,Dist =           43  9.969052703914861E-005
  HFEX  =   -1.97872909288650     
 
  Number of OEP Cycles    =  293
  Total OEP Energy (a.u.) =    -16.8815064
  Delta E          (a.u.) =      0.0000034
  Norm of delta Veff =   2.277247992837507E-005
 
 Initializing start point of RANFQ
 
  18935 points have been accepted
 out of 102400 trials.
 
  ---- Orbital EigenValues ---- 
 Alpha   A1      -1.200400   -0.753541   -0.614881   -0.541044
virtual  A1 V    -0.218157   -0.144790   -0.108030   -0.105902   -0.077240
         A2 V    -0.042936   -0.075302   -0.060451   -0.059201   -0.054373
         A3 V    -0.051011   -0.005029   -0.022824   -0.010513   -0.005007
         A4 V    -0.005407   -0.011341   -0.023522
  ---- Residuals of Orbitals --- 
 Alpha          0.9646E-11  0.1141E-12  0.8150E-11  0.2699E-14
virtual         0.1563E-11  0.1142E-11  0.3661E-08  0.1017E-11  0.1389E-11
                0.1897E-11  0.1312E-10  0.1070E-11  0.3514E-13  0.5899E-12
                0.2293E-11  0.3868E-10  0.1802E-10  0.6074E-12  0.1666E-10
                0.1168E-12  0.5688E-11  0.6177E-09
 
   SCF   Iteration =           21
   Final Energy    =   -20.7331213453619     
 
 
  CHISQ    =   0.0010604199
 
  Poisson It,Dist =           78  9.988989079309683E-005
  HFEX  =   -1.97869180347008     
 
  Number of OEP Cycles    =  294
  Total OEP Energy (a.u.) =    -16.8815142
  Delta E          (a.u.) =     -0.0000078
  Norm of delta Veff =   2.261998002435317E-005
 
 Initializing start point of RANFQ
 
  18887 points have been accepted
 out of 102400 trials.
 
  ---- Orbital EigenValues ---- 
 Alpha   A1      -1.200378   -0.753525   -0.614868   -0.541031
virtual  A1 V    -0.218153   -0.144787   -0.108029   -0.105901   -0.077239
         A2 V    -0.042935   -0.075302   -0.060451   -0.059202   -0.054373
         A3 V    -0.051011   -0.005029   -0.022823   -0.010513   -0.005007
         A4 V    -0.005407   -0.011341   -0.023521
  ---- Residuals of Orbitals --- 
 Alpha          0.3066E-11  0.8489E-11  0.3321E-11  0.1020E-12
virtual         0.3001E-09  0.1011E-11  0.5185E-10  0.2084E-11  0.4037E-09
                0.1260E-11  0.1240E-10  0.4439E-12  0.2210E-13  0.1930E-13
                0.1336E-11  0.2195E-10  0.1970E-10  0.6422E-12  0.9190E-09
                0.2875E-10  0.5225E-13  0.3553E-09
 
   SCF   Iteration =           16
   Final Energy    =   -20.7325542526808     
 
 
  CHISQ    =   0.0010537998
 
  Poisson It,Dist =           79  9.419478736867768E-005
  HFEX  =   -1.97866035615203     
 
  Number of OEP Cycles    =  295
  Total OEP Energy (a.u.) =    -16.8815121
  Delta E          (a.u.) =      0.0000022
  Norm of delta Veff =   2.249049491285484E-005
 
 Initializing start point of RANFQ
 
  18731 points have been accepted
 out of 102400 trials.
 
  ---- Orbital EigenValues ---- 
 Alpha   A1      -1.200357   -0.753508   -0.614855   -0.541017
virtual  A1 V    -0.218149   -0.144783   -0.108029   -0.105901   -0.077239
         A2 V    -0.042934   -0.075302   -0.060451   -0.059202   -0.054373
         A3 V    -0.051011   -0.005029   -0.022823   -0.010514   -0.005007
         A4 V    -0.005407   -0.011341   -0.023521
  ---- Residuals of Orbitals --- 
 Alpha          0.7704E-11  0.1553E-10  0.1428E-10  0.6999E-12
virtual         0.2201E-10  0.1449E-11  0.2010E-10  0.3550E-11  0.8496E-12
                0.8484E-10  0.6888E-12  0.3071E-10  0.1094E-13  0.1984E-13
                0.5096E-11  0.1086E-10  0.1480E-10  0.1101E-11  0.1917E-09
                0.2973E-12  0.2598E-11  0.2582E-10
 
   SCF   Iteration =           15
   Final Energy    =   -20.7320666521561     
 
 
  CHISQ    =   0.0010278285
 
  Poisson It,Dist =           53  9.763754666683979E-005
  HFEX  =   -1.97862262905932     
 
  Number of OEP Cycles    =  296
  Total OEP Energy (a.u.) =    -16.8815080
  Delta E          (a.u.) =      0.0000041
  Norm of delta Veff =   2.233461500330997E-005
 
 Initializing start point of RANFQ
 
  18852 points have been accepted
 out of 102400 trials.
 
  ---- Orbital EigenValues ---- 
 Alpha   A1      -1.200336   -0.753492   -0.614842   -0.541004
virtual  A1 V    -0.218146   -0.144780   -0.108028   -0.105900   -0.077238
         A2 V    -0.042933   -0.075303   -0.060451   -0.059202   -0.054373
         A3 V    -0.051011   -0.005029   -0.022822   -0.010514   -0.005007
         A4 V    -0.005407   -0.011341   -0.023521
  ---- Residuals of Orbitals --- 
 Alpha          0.2504E-14  0.1215E-10  0.1083E-11  0.3077E-11
virtual         0.6335E-10  0.9261E-12  0.8970E-11  0.5485E-11  0.2165E-10
                0.8096E-10  0.2033E-12  0.2588E-10  0.1396E-13  0.3174E-13
                0.2308E-10  0.6569E-11  0.1811E-08  0.1232E-11  0.6767E-11
                0.5928E-13  0.8542E-11  0.2931E-08
 
   SCF   Iteration =           17
   Final Energy    =   -20.7315074933302     
 
 
  CHISQ    =   0.0010765219
 
  Poisson It,Dist =           41  9.825538101737000E-005
  HFEX  =   -1.97859750207366     
 
  Number of OEP Cycles    =  297
  Total OEP Energy (a.u.) =    -16.8815031
  Delta E          (a.u.) =      0.0000049
  Norm of delta Veff =   2.223122968893283E-005
 
 Initializing start point of RANFQ
 
  18855 points have been accepted
 out of 102400 trials.
 
  ---- Orbital EigenValues ---- 
 Alpha   A1      -1.200315   -0.753476   -0.614830   -0.540991
virtual  A1 V    -0.218142   -0.144777   -0.108027   -0.105899   -0.077238
         A2 V    -0.042932   -0.075303   -0.060451   -0.059202   -0.054373
         A3 V    -0.051011   -0.005235   -0.022822   -0.010514   -0.004798
         A4 V    -0.005407   -0.011341   -0.023520
  ---- Residuals of Orbitals --- 
 Alpha          0.1321E-10  0.5125E-11  0.2750E-11  0.2006E-14
virtual         0.2010E-10  0.2292E-11  0.2706E-11  0.1530E-11  0.5369E-08
                0.8849E-11  0.2702E-12  0.3605E-09  0.1324E-13  0.1689E-12
                0.7899E-11  0.3189E-04  0.5469E-10  0.9599E-12  0.5587E-05
                0.1757E-12  0.3779E-12  0.9074E-11
 
   SCF   Iteration =           21
   Final Energy    =   -20.7310928093050     
 
 
  CHISQ    =   0.0010587692
 
  Poisson It,Dist =           53  9.916424389712517E-005
  HFEX  =   -1.97856224410563     
 
  Number of OEP Cycles    =  298
  Total OEP Energy (a.u.) =    -16.8815058
  Delta E          (a.u.) =     -0.0000028
  Norm of delta Veff =   2.208767980772109E-005
 
 Initializing start point of RANFQ
 
  18806 points have been accepted
 out of 102400 trials.
 
  ---- Orbital EigenValues ---- 
 Alpha   A1      -1.200294   -0.753460   -0.614817   -0.540979
virtual  A1 V    -0.218139   -0.144774   -0.108027   -0.105899   -0.077237
         A2 V    -0.042931   -0.075303   -0.060450   -0.059202   -0.054373
         A3 V    -0.051011   -0.005017   -0.022822   -0.010514   -0.005018
         A4 V    -0.005407   -0.011341   -0.023520
  ---- Residuals of Orbitals --- 
 Alpha          0.1550E-10  0.1545E-12  0.1180E-13  0.2444E-14
virtual         0.1249E-10  0.1738E-09  0.2823E-11  0.2274E-10  0.2920E-08
                0.5798E-10  0.3239E-12  0.1983E-08  0.9675E-14  0.2814E-13
                0.7948E-11  0.8384E-07  0.3525E-10  0.9828E-12  0.3622E-08
                0.7039E-13  0.1011E-11  0.6363E-11
 
   SCF   Iteration =           20
   Final Energy    =   -20.7305619892962     
 
 
  CHISQ    =   0.0010751177
 
  Poisson It,Dist =           54  9.965870785609033E-005
  HFEX  =   -1.97852820151046     
 
  Number of OEP Cycles    =  299
  Total OEP Energy (a.u.) =    -16.8815060
  Delta E          (a.u.) =     -0.0000001
  Norm of delta Veff =   2.194177422168082E-005
 
 Initializing start point of RANFQ
 
  18781 points have been accepted
 out of 102400 trials.
 
  ---- Orbital EigenValues ---- 
 Alpha   A1      -1.200273   -0.753443   -0.614805   -0.540966
virtual  A1 V    -0.218135   -0.144771   -0.108026   -0.105898   -0.077237
         A2 V    -0.042930   -0.075303   -0.060450   -0.059202   -0.054373
         A3 V    -0.051011   -0.005017   -0.022821   -0.010514   -0.005018
         A4 V    -0.005408   -0.011341   -0.023519
  ---- Residuals of Orbitals --- 
 Alpha          0.8734E-14  0.2357E-16  0.2444E-15  0.4719E-14
virtual         0.5176E-11  0.4180E-09  0.5202E-11  0.1025E-10  0.4406E-10
                0.1060E-10  0.2253E-12  0.4567E-09  0.7645E-14  0.3357E-13
                0.1148E-09  0.2567E-09  0.8942E-10  0.1357E-11  0.1668E-08
                0.8396E-12  0.1047E-09  0.1135E-10
 
   SCF   Iteration =           14
   Final Energy    =   -20.7300423417826     
 
 
  CHISQ    =   0.0010490444
 
  Poisson It,Dist =           43  9.647094225573979E-005
  HFEX  =   -1.97850092344714     
 
  Number of OEP Cycles    =  300
  Total OEP Energy (a.u.) =    -16.8815008
  Delta E          (a.u.) =      0.0000051
  Norm of delta Veff =   2.183010600249853E-005
 
 Initializing start point of RANFQ
 
  18950 points have been accepted
 out of 102400 trials.
 
  ---- Orbital EigenValues ---- 
 Alpha   A1      -1.200253   -0.753428   -0.614792   -0.540953
virtual  A1 V    -0.218132   -0.144768   -0.108025   -0.105898   -0.077236
         A2 V    -0.042929   -0.075303   -0.060450   -0.059202   -0.054373
         A3 V    -0.051011   -0.005017   -0.022821   -0.010515   -0.005018
         A4 V    -0.005408   -0.011341   -0.023519
  ---- Residuals of Orbitals --- 
 Alpha          0.5434E-13  0.2948E-15  0.3169E-11  0.1035E-13
virtual         0.3287E-12  0.1782E-11  0.1568E-10  0.4248E-11  0.3483E-11
                0.2686E-10  0.3310E-10  0.1747E-08  0.7949E-14  0.2420E-13
                0.5622E-11  0.2351E-09  0.5078E-10  0.2214E-09  0.7324E-09
                0.1908E-11  0.1193E-10  0.5820E-11
 
   SCF   Iteration =           15
   Final Energy    =   -20.7296081441937     
 
 
  CHISQ    =   0.0010635549
 
  Poisson It,Dist =           52  9.837678745284301E-005
  HFEX  =   -1.97846823591789     
 
  Number of OEP Cycles    =  301
  Total OEP Energy (a.u.) =    -16.8815037
  Delta E          (a.u.) =     -0.0000029
  Norm of delta Veff =   2.169718782976464E-005
 
 Initializing start point of RANFQ
 
  18751 points have been accepted
 out of 102400 trials.
 
  ---- Orbital EigenValues ---- 
 Alpha   A1      -1.200232   -0.753412   -0.614780   -0.540941
virtual  A1 V    -0.218128   -0.144765   -0.108025   -0.105897   -0.077235
         A2 V    -0.042928   -0.075303   -0.060450   -0.059202   -0.054373
         A3 V    -0.051011   -0.005017   -0.022820   -0.010515   -0.005018
         A4 V    -0.005408   -0.011341   -0.023519
  ---- Residuals of Orbitals --- 
 Alpha          0.3653E-13  0.1273E-15  0.6759E-11  0.1081E-13
virtual         0.2104E-10  0.2587E-11  0.3335E-11  0.6603E-12  0.7582E-11
                0.5319E-10  0.1877E-11  0.1853E-10  0.8733E-14  0.2550E-13
                0.6760E-11  0.1478E-09  0.2574E-10  0.3822E-12  0.7818E-09
                0.1203E-10  0.2202E-11  0.1068E-10
 
   SCF   Iteration =           19
   Final Energy    =   -20.7291069047742     
 
 
  CHISQ    =   0.0010438445
 
  Poisson It,Dist =           50  9.668132819279701E-005
  HFEX  =   -1.97844094673839     
 
  Number of OEP Cycles    =  302
  Total OEP Energy (a.u.) =    -16.8815048
  Delta E          (a.u.) =     -0.0000010
  Norm of delta Veff =   2.158170533380151E-005
 
 Initializing start point of RANFQ
 
  18860 points have been accepted
 out of 102400 trials.
 
  ---- Orbital EigenValues ---- 
 Alpha   A1      -1.200212   -0.753396   -0.614768   -0.540929
virtual  A1 V    -0.218125   -0.144762   -0.108024   -0.105896   -0.077235
         A2 V    -0.042927   -0.075304   -0.060450   -0.059202   -0.054374
         A3 V    -0.051011   -0.005017   -0.022820   -0.010515   -0.005018
         A4 V    -0.005408   -0.011341   -0.023518
  ---- Residuals of Orbitals --- 
 Alpha          0.1051E-10  0.1375E-13  0.1877E-10  0.2233E-14
virtual         0.1946E-09  0.1477E-11  0.1621E-09  0.8175E-12  0.2378E-09
                0.2060E-12  0.2883E-10  0.3135E-09  0.1170E-13  0.3955E-13
                0.7716E-08  0.1802E-09  0.2424E-10  0.5320E-12  0.1053E-09
                0.1270E-11  0.9366E-11  0.1901E-10
 
   SCF   Iteration =           23
   Final Energy    =   -20.7286647269808     
 
 
  CHISQ    =   0.0010554114
 
  Poisson It,Dist =           65  9.782577342207295E-005
  HFEX  =   -1.97840397476983     
 
  Number of OEP Cycles    =  303
  Total OEP Energy (a.u.) =    -16.8815076
  Delta E          (a.u.) =     -0.0000028
  Norm of delta Veff =   2.143050515007719E-005
 
 Initializing start point of RANFQ
 
  18863 points have been accepted
 out of 102400 trials.
 
  ---- Orbital EigenValues ---- 
 Alpha   A1      -1.200192   -0.753380   -0.614756   -0.540916
virtual  A1 V    -0.218122   -0.144759   -0.108024   -0.105896   -0.077234
         A2 V    -0.042926   -0.075304   -0.060450   -0.059202   -0.054374
         A3 V    -0.051011   -0.005017   -0.022819   -0.010515   -0.005018
         A4 V    -0.005408   -0.011341   -0.023518
  ---- Residuals of Orbitals --- 
 Alpha          0.2515E-12  0.2955E-10  0.1056E-12  0.1006E-12
virtual         0.4326E-08  0.6107E-12  0.1517E-10  0.6520E-12  0.1375E-10
                0.2818E-10  0.1534E-11  0.3103E-09  0.2355E-13  0.3333E-13
                0.3151E-10  0.8631E-10  0.7770E-10  0.1110E-10  0.1702E-09
                0.1774E-11  0.2139E-11  0.3851E-08
 
   SCF   Iteration =           15
   Final Energy    =   -20.7281200832285     
 
 
  CHISQ    =   0.0010650658
 
  Poisson It,Dist =           45  9.983897997514282E-005
  HFEX  =   -1.97838008998852     
 
  Number of OEP Cycles    =  304
  Total OEP Energy (a.u.) =    -16.8815025
  Delta E          (a.u.) =      0.0000050
  Norm of delta Veff =   2.133292139149650E-005
 
 Initializing start point of RANFQ
 
  18989 points have been accepted
 out of 102400 trials.
 
  ---- Orbital EigenValues ---- 
 Alpha   A1      -1.200172   -0.753365   -0.614744   -0.540904
virtual  A1 V    -0.218118   -0.144756   -0.108023   -0.105895   -0.077234
         A2 V    -0.042925   -0.075304   -0.060450   -0.059202   -0.054374
         A3 V    -0.051011   -0.005017   -0.022819   -0.010515   -0.005018
         A4 V    -0.005408   -0.011341   -0.023518
  ---- Residuals of Orbitals --- 
 Alpha          0.2351E-12  0.8765E-11  0.5998E-12  0.9074E-13
virtual         0.1311E-10  0.1116E-10  0.1944E-12  0.5092E-09  0.7665E-08
                0.4861E-10  0.9731E-12  0.1937E-08  0.1431E-12  0.8661E-13
                0.7419E-11  0.1344E-07  0.2330E-10  0.8840E-11  0.2564E-10
                0.1243E-13  0.5585E-12  0.6239E-11
 
   SCF   Iteration =           16
   Final Energy    =   -20.7277268209792     
 
 
  CHISQ    =   0.0010655280
 
  Poisson It,Dist =           46  9.969745635799156E-005
  HFEX  =   -1.97835022891694     
 
  Number of OEP Cycles    =  305
  Total OEP Energy (a.u.) =    -16.8815001
  Delta E          (a.u.) =      0.0000024
  Norm of delta Veff =   2.120905581639390E-005
 
 Initializing start point of RANFQ
 
  18878 points have been accepted
 out of 102400 trials.
 
  ---- Orbital EigenValues ---- 
 Alpha   A1      -1.200152   -0.753349   -0.614732   -0.540892
virtual  A1 V    -0.218115   -0.144753   -0.108022   -0.105895   -0.077233
         A2 V    -0.042924   -0.075304   -0.060450   -0.059202   -0.054374
         A3 V    -0.051011   -0.005017   -0.022819   -0.010515   -0.005018
         A4 V    -0.005408   -0.011341   -0.023517
  ---- Residuals of Orbitals --- 
 Alpha          0.5617E-13  0.3240E-10  0.1856E-11  0.1152E-12
virtual         0.2099E-09  0.3945E-10  0.1066E-10  0.1101E-12  0.3589E-11
                0.1088E-08  0.6456E-11  0.1429E-10  0.3993E-13  0.8092E-13
                0.4129E-11  0.1244E-07  0.3978E-10  0.8087E-11  0.3713E-08
                0.4023E-11  0.1397E-12  0.6283E-11
 
   SCF   Iteration =           20
   Final Energy    =   -20.7272635926068     
 
 
  CHISQ    =   0.0010647803
 
  Poisson It,Dist =           62  9.967429583190126E-005
  HFEX  =   -1.97831856024330     
 
  Number of OEP Cycles    =  306
  Total OEP Energy (a.u.) =    -16.8815061
  Delta E          (a.u.) =     -0.0000059
  Norm of delta Veff =   2.107862203871819E-005
 
 Initializing start point of RANFQ
 
  18897 points have been accepted
 out of 102400 trials.
 
  ---- Orbital EigenValues ---- 
 Alpha   A1      -1.200132   -0.753334   -0.614720   -0.540880
virtual  A1 V    -0.218111   -0.144750   -0.108022   -0.105894   -0.077233
         A2 V    -0.042924   -0.075304   -0.060450   -0.059202   -0.054374
         A3 V    -0.051011   -0.005017   -0.022818   -0.010516   -0.005018
         A4 V    -0.005408   -0.011341   -0.023517
  ---- Residuals of Orbitals --- 
 Alpha          0.4351E-13  0.2269E-15  0.6909E-14  0.1589E-11
virtual         0.1388E-09  0.6657E-09  0.3468E-12  0.2112E-10  0.2057E-08
                0.4240E-09  0.4392E-09  0.7613E-10  0.7776E-14  0.1616E-12
                0.2184E-10  0.2920E-10  0.3178E-10  0.3241E-12  0.7872E-10
                0.1207E-12  0.1014E-12  0.1861E-10
 
   SCF   Iteration =           21
   Final Energy    =   -20.7267747585953     
 
 
  CHISQ    =   0.0010460405
 
  Poisson It,Dist =           62  9.890990988725953E-005
  HFEX  =   -1.97828335035001     
 
  Number of OEP Cycles    =  307
  Total OEP Energy (a.u.) =    -16.8815085
  Delta E          (a.u.) =     -0.0000024
  Norm of delta Veff =   2.093381065699995E-005
 
 Initializing start point of RANFQ
 
  19048 points have been accepted
 out of 102400 trials.
 
  ---- Orbital EigenValues ---- 
 Alpha   A1      -1.200113   -0.753318   -0.614709   -0.540868
virtual  A1 V    -0.218108   -0.144747   -0.108021   -0.105894   -0.077232
         A2 V    -0.042923   -0.075304   -0.060450   -0.059203   -0.054374
         A3 V    -0.051011   -0.005017   -0.022818   -0.010516   -0.005018
         A4 V    -0.005408   -0.011341   -0.023517
  ---- Residuals of Orbitals --- 
 Alpha          0.1708E-12  0.6856E-11  0.9626E-14  0.3425E-13
virtual         0.1276E-10  0.6207E-10  0.8025E-12  0.4804E-12  0.8811E-11
                0.2250E-08  0.5086E-08  0.2923E-09  0.6518E-13  0.7163E-13
                0.3277E-11  0.1645E-09  0.3042E-10  0.5361E-11  0.7445E-11
                0.3277E-13  0.1015E-11  0.6752E-11
 
   SCF   Iteration =           16
   Final Energy    =   -20.7262505519686     
 
 
  CHISQ    =   0.0010900253
 
  Poisson It,Dist =           33  9.662636986057036E-005
  HFEX  =   -1.97826041223105     
 
  Number of OEP Cycles    =  308
  Total OEP Energy (a.u.) =    -16.8814948
  Delta E          (a.u.) =      0.0000137
  Norm of delta Veff =   2.084086196726269E-005
 
 Initializing start point of RANFQ
 
  18853 points have been accepted
 out of 102400 trials.
 
  ---- Orbital EigenValues ---- 
 Alpha   A1      -1.200093   -0.753303   -0.614697   -0.540857
virtual  A1 V    -0.218105   -0.144744   -0.108021   -0.105893   -0.077232
         A2 V    -0.042922   -0.075305   -0.060449   -0.059203   -0.054374
         A3 V    -0.051011   -0.005017   -0.022818   -0.010516   -0.005018
         A4 V    -0.005408   -0.011341   -0.023516
  ---- Residuals of Orbitals --- 
 Alpha          0.2071E-12  0.8081E-11  0.1342E-12  0.5891E-13
virtual         0.1534E-12  0.4411E-10  0.1146E-12  0.6840E-12  0.4794E-10
                0.3480E-10  0.2561E-10  0.7950E-10  0.4029E-13  0.6284E-13
                0.1305E-10  0.1520E-09  0.6512E-10  0.6376E-12  0.1197E-10
                0.9514E-12  0.2322E-11  0.9708E-08
 
   SCF   Iteration =           15
   Final Energy    =   -20.7258778654725     
 
 
  CHISQ    =   0.0010562419
 
  Poisson It,Dist =           68  9.959090794507808E-005
  HFEX  =   -1.97823110798995     
 
  Number of OEP Cycles    =  309
  Total OEP Energy (a.u.) =    -16.8815074
  Delta E          (a.u.) =     -0.0000126
  Norm of delta Veff =   2.071777092565998E-005
 
 Initializing start point of RANFQ
 
  19020 points have been accepted
 out of 102400 trials.
 
  ---- Orbital EigenValues ---- 
 Alpha   A1      -1.200074   -0.753288   -0.614686   -0.540845
virtual  A1 V    -0.218102   -0.144741   -0.108020   -0.105893   -0.077231
         A2 V    -0.042921   -0.075305   -0.060449   -0.059203   -0.054374
         A3 V    -0.051011   -0.005017   -0.022817   -0.010516   -0.005018
         A4 V    -0.005408   -0.011341   -0.023516
  ---- Residuals of Orbitals --- 
 Alpha          0.4911E-12  0.4778E-11  0.3217E-13  0.1745E-12
virtual         0.2028E-12  0.2802E-08  0.7920E-12  0.2848E-12  0.1333E-10
                0.5355E-08  0.3059E-10  0.7609E-11  0.3018E-13  0.5524E-12
                0.2044E-11  0.1171E-08  0.3916E-10  0.1087E-10  0.8875E-11
                0.1219E-12  0.2647E-12  0.7247E-10
 
   SCF   Iteration =           17
   Final Energy    =   -20.7254121163009     
 
 
  CHISQ    =   0.0010880474
 
  Poisson It,Dist =           38  9.572148279018167E-005
  HFEX  =   -1.97820170483984     
 
  Number of OEP Cycles    =  310
  Total OEP Energy (a.u.) =    -16.8814959
  Delta E          (a.u.) =      0.0000114
  Norm of delta Veff =   2.059803900691671E-005
 
 Initializing start point of RANFQ
 
  19023 points have been accepted
 out of 102400 trials.
 
  ---- Orbital EigenValues ---- 
 Alpha   A1      -1.200055   -0.753273   -0.614675   -0.540834
virtual  A1 V    -0.218098   -0.144738   -0.108019   -0.105892   -0.077231
         A2 V    -0.042920   -0.075305   -0.060449   -0.059203   -0.054374
         A3 V    -0.051011   -0.005017   -0.022817   -0.010516   -0.005018
         A4 V    -0.005408   -0.011341   -0.023516
  ---- Residuals of Orbitals --- 
 Alpha          0.5018E-11  0.1560E-11  0.4598E-15  0.7703E-13
virtual         0.7678E-10  0.2940E-09  0.3673E-12  0.6825E-13  0.1956E-10
                0.6050E-10  0.6131E-11  0.6218E-10  0.5957E-14  0.2721E-12
                0.2152E-12  0.8396E-10  0.9334E-10  0.1430E-11  0.3077E-10
                0.2865E-13  0.7176E-12  0.7563E-11
 
   SCF   Iteration =           22
   Final Energy    =   -20.7249689642976     
 
 
  CHISQ    =   0.0010573677
 
  Poisson It,Dist =           60  9.872314654882484E-005
  HFEX  =   -1.97816646917807     
 
  Number of OEP Cycles    =  311
  Total OEP Energy (a.u.) =    -16.8815031
  Delta E          (a.u.) =     -0.0000071
  Norm of delta Veff =   2.044519533317638E-005
 
 Initializing start point of RANFQ
 
  18992 points have been accepted
 out of 102400 trials.
 
  ---- Orbital EigenValues ---- 
 Alpha   A1      -1.200035   -0.753258   -0.614663   -0.540822
virtual  A1 V    -0.218095   -0.144735   -0.108019   -0.105891   -0.077230
         A2 V    -0.042919   -0.075305   -0.060449   -0.059203   -0.054374
         A3 V    -0.051011   -0.005017   -0.022816   -0.010517   -0.005018
         A4 V    -0.005408   -0.011341   -0.023515
  ---- Residuals of Orbitals --- 
 Alpha          0.3942E-15  0.1467E-13  0.8069E-16  0.9091E-13
virtual         0.5562E-10  0.3334E-10  0.3780E-10  0.2585E-10  0.1702E-11
                0.5031E-11  0.8260E-12  0.8408E-10  0.6619E-13  0.2491E-11
                0.4821E-11  0.6648E-10  0.2935E-10  0.5071E-12  0.2723E-09
                0.1331E-11  0.3714E-12  0.5688E-10
 
   SCF   Iteration =           18
   Final Energy    =   -20.7244396711949     
 
 
  CHISQ    =   0.0010777232
 
  Poisson It,Dist =           35  9.699250629897033E-005
  HFEX  =   -1.97814368253320     
 
  Number of OEP Cycles    =  312
  Total OEP Energy (a.u.) =    -16.8814933
  Delta E          (a.u.) =      0.0000098
  Norm of delta Veff =   2.035363063948120E-005
 
 Initializing start point of RANFQ
 
  18954 points have been accepted
 out of 102400 trials.
 
  ---- Orbital EigenValues ---- 
 Alpha   A1      -1.200016   -0.753243   -0.614652   -0.540811
virtual  A1 V    -0.218092   -0.144733   -0.108018   -0.105891   -0.077230
         A2 V    -0.042918   -0.075305   -0.060449   -0.059203   -0.054374
         A3 V    -0.051011   -0.005017   -0.022816   -0.010517   -0.005018
         A4 V    -0.005408   -0.011341   -0.023515
  ---- Residuals of Orbitals --- 
 Alpha          0.3841E-13  0.7188E-11  0.9093E-11  0.1157E-12
virtual         0.1580E-10  0.7696E-11  0.3915E-11  0.2257E-12  0.8351E-11
                0.1891E-11  0.6360E-12  0.2921E-10  0.5429E-14  0.1694E-12
                0.5564E-11  0.6467E-10  0.1008E-09  0.9238E-12  0.2112E-09
                0.2605E-10  0.2366E-12  0.1752E-07
 
   SCF   Iteration =           16
   Final Energy    =   -20.7240699686105     
 
 
  CHISQ    =   0.0010454301
 
  Poisson It,Dist =           74  9.618562404641585E-005
  HFEX  =   -1.97811662603219     
 
  Number of OEP Cycles    =  313
  Total OEP Energy (a.u.) =    -16.8815081
  Delta E          (a.u.) =     -0.0000148
  Norm of delta Veff =   2.023979561149081E-005
 
 Initializing start point of RANFQ
 
  19011 points have been accepted
 out of 102400 trials.
 
  ---- Orbital EigenValues ---- 
 Alpha   A1      -1.199998   -0.753228   -0.614641   -0.540800
virtual  A1 V    -0.218089   -0.144730   -0.108018   -0.105890   -0.077229
         A2 V    -0.042918   -0.075305   -0.060449   -0.059203   -0.054374
         A3 V    -0.051011   -0.005017   -0.022816   -0.010517   -0.005018
         A4 V    -0.005408   -0.011341   -0.023515
  ---- Residuals of Orbitals --- 
 Alpha          0.3749E-11  0.4329E-11  0.1613E-10  0.1875E-13
virtual         0.1704E-11  0.4126E-11  0.3327E-10  0.3894E-11  0.6090E-11
                0.6956E-11  0.6868E-11  0.1715E-08  0.1267E-13  0.2134E-12
                0.4793E-12  0.1768E-09  0.2389E-10  0.8078E-12  0.1190E-09
                0.2842E-12  0.2068E-12  0.1756E-09
 
   SCF   Iteration =           19
   Final Energy    =   -20.7236314864908     
 
 
  CHISQ    =   0.0010742285
 
  Poisson It,Dist =           39  9.810933262162136E-005
  HFEX  =   -1.97808610362253     
 
  Number of OEP Cycles    =  314
  Total OEP Energy (a.u.) =    -16.8814962
  Delta E          (a.u.) =      0.0000118
  Norm of delta Veff =   2.011924898250801E-005
 
 Initializing start point of RANFQ
 
  18889 points have been accepted
 out of 102400 trials.
 
  ---- Orbital EigenValues ---- 
 Alpha   A1      -1.199979   -0.753214   -0.614630   -0.540789
virtual  A1 V    -0.218086   -0.144727   -0.108017   -0.105890   -0.077229
         A2 V    -0.042917   -0.075306   -0.060449   -0.059203   -0.054374
         A3 V    -0.051011   -0.005017   -0.022815   -0.010517   -0.005018
         A4 V    -0.005408   -0.011341   -0.023514
  ---- Residuals of Orbitals --- 
 Alpha          0.9346E-11  0.2228E-12  0.2166E-12  0.4948E-13
virtual         0.3501E-09  0.1869E-11  0.5374E-11  0.1140E-12  0.2748E-11
                0.1459E-09  0.2964E-09  0.3797E-10  0.1345E-12  0.4867E-13
                0.1239E-11  0.7471E-09  0.6260E-10  0.7897E-11  0.1681E-07
                0.7955E-13  0.1076E-09  0.5256E-10
 
   SCF   Iteration =           17
   Final Energy    =   -20.7231788098472     
 
 
  CHISQ    =   0.0010531835
 
  Poisson It,Dist =           52  9.977014166138801E-005
  HFEX  =   -1.97806264724814     
 
  Number of OEP Cycles    =  315
  Total OEP Energy (a.u.) =    -16.8815015
  Delta E          (a.u.) =     -0.0000053
  Norm of delta Veff =   2.002017142451717E-005
 
 Initializing start point of RANFQ
 
  18845 points have been accepted
 out of 102400 trials.
 
  ---- Orbital EigenValues ---- 
 Alpha   A1      -1.199960   -0.753199   -0.614620   -0.540778
virtual  A1 V    -0.218082   -0.144724   -0.108017   -0.105889   -0.077228
         A2 V    -0.042916   -0.075306   -0.060449   -0.059203   -0.054374
         A3 V    -0.051011   -0.005017   -0.022815   -0.010517   -0.005018
         A4 V    -0.005408   -0.011341   -0.023514
  ---- Residuals of Orbitals --- 
 Alpha          0.3140E-12  0.2257E-11  0.5650E-12  0.1288E-12
virtual         0.5533E-08  0.1457E-09  0.5193E-11  0.7783E-11  0.1052E-10
                0.8070E-10  0.2518E-11  0.1742E-10  0.5563E-13  0.1722E-13
                0.1428E-12  0.1321E-09  0.5100E-10  0.2969E-10  0.7645E-11
                0.6763E-13  0.2002E-11  0.2723E-08
 
   SCF   Iteration =           17
   Final Energy    =   -20.7227900078432     
 
 
  CHISQ    =   0.0010831440
 
  Poisson It,Dist =           50  9.791253505706549E-005
  HFEX  =   -1.97803096881975     
 
  Number of OEP Cycles    =  316
  Total OEP Energy (a.u.) =    -16.8814983
  Delta E          (a.u.) =      0.0000032
  Norm of delta Veff =   1.988915266520061E-005
 
 Initializing start point of RANFQ
 
  18788 points have been accepted
 out of 102400 trials.
 
  ---- Orbital EigenValues ---- 
 Alpha   A1      -1.199942   -0.753185   -0.614609   -0.540767
virtual  A1 V    -0.218079   -0.144721   -0.108016   -0.105889   -0.077228
         A2 V    -0.042915   -0.075306   -0.060449   -0.059203   -0.054374
         A3 V    -0.051011   -0.005017   -0.022815   -0.010517   -0.005018
         A4 V    -0.005408   -0.011341   -0.023514
  ---- Residuals of Orbitals --- 
 Alpha          0.2005E-14  0.1732E-10  0.3982E-11  0.7926E-14
virtual         0.4994E-12  0.1979E-10  0.1205E-10  0.9380E-10  0.7196E-12
                0.3206E-11  0.3816E-12  0.1563E-09  0.5072E-13  0.5127E-13
                0.2940E-10  0.1568E-09  0.4295E-10  0.1402E-10  0.8689E-11
                0.4217E-12  0.9232E-11  0.1359E-09
 
   SCF   Iteration =           19
   Final Energy    =   -20.7223162279421     
 
 
  CHISQ    =   0.0010725168
 
  Poisson It,Dist =           68  9.785658005824130E-005
  HFEX  =   -1.97800311572707     
 
  Number of OEP Cycles    =  317
  Total OEP Energy (a.u.) =    -16.8815039
  Delta E          (a.u.) =     -0.0000057
  Norm of delta Veff =   1.977304679275335E-005
 
 Initializing start point of RANFQ
 
  18869 points have been accepted
 out of 102400 trials.
 
  ---- Orbital EigenValues ---- 
 Alpha   A1      -1.199923   -0.753170   -0.614598   -0.540756
virtual  A1 V    -0.218076   -0.144719   -0.108016   -0.105888   -0.077227
         A2 V    -0.042914   -0.075306   -0.060449   -0.059203   -0.054374
         A3 V    -0.051011   -0.005017   -0.022814   -0.010518   -0.005018
         A4 V    -0.005408   -0.011341   -0.023513
  ---- Residuals of Orbitals --- 
 Alpha          0.4547E-12  0.9356E-12  0.3697E-11  0.2006E-12
virtual         0.1141E-10  0.2632E-09  0.1209E-10  0.2587E-11  0.2668E-12
                0.8643E-10  0.7227E-12  0.1318E-11  0.2347E-13  0.3878E-13
                0.4706E-11  0.9156E-09  0.6855E-09  0.1125E-07  0.1935E-07
                0.5495E-10  0.5420E-10  0.6935E-11
 
   SCF   Iteration =           20
   Final Energy    =   -20.7218801661945     
 
 
  CHISQ    =   0.0011032635
 
  Poisson It,Dist =           43  9.696759142360593E-005
  HFEX  =   -1.97797586153993     
 
  Number of OEP Cycles    =  318
  Total OEP Energy (a.u.) =    -16.8814965
  Delta E          (a.u.) =      0.0000075
  Norm of delta Veff =   1.966230789509229E-005
 
 Initializing start point of RANFQ
 
  18919 points have been accepted
 out of 102400 trials.
 
  ---- Orbital EigenValues ---- 
 Alpha   A1      -1.199905   -0.753156   -0.614588   -0.540745
virtual  A1 V    -0.218073   -0.144716   -0.108015   -0.105888   -0.077227
         A2 V    -0.042913   -0.075306   -0.060449   -0.059203   -0.054374
         A3 V    -0.051011   -0.005017   -0.022814   -0.010518   -0.005019
         A4 V    -0.005408   -0.011341   -0.023513
  ---- Residuals of Orbitals --- 
 Alpha          0.4388E-13  0.7241E-13  0.5896E-11  0.3608E-12
virtual         0.8213E-10  0.8500E-10  0.3019E-11  0.6880E-11  0.3369E-12
                0.5771E-11  0.6777E-12  0.6106E-12  0.1083E-12  0.2156E-13
                0.7785E-12  0.7094E-07  0.1595E-09  0.1480E-09  0.2779E-10
                0.1902E-12  0.5214E-12  0.5169E-11
 
   SCF   Iteration =           21
   Final Energy    =   -20.7214643629843     
 
 
  CHISQ    =   0.0010377497
 
  Poisson It,Dist =           56  9.927451767755181E-005
  HFEX  =   -1.97794178283871     
 
  Number of OEP Cycles    =  319
  Total OEP Energy (a.u.) =    -16.8814994
  Delta E          (a.u.) =     -0.0000029
  Norm of delta Veff =   1.951810728618944E-005
 
 Initializing start point of RANFQ
 
  18894 points have been accepted
 out of 102400 trials.
 
  ---- Orbital EigenValues ---- 
 Alpha   A1      -1.199887   -0.753142   -0.614577   -0.540735
virtual  A1 V    -0.218070   -0.144713   -0.108014   -0.105887   -0.077226
         A2 V    -0.042913   -0.075306   -0.060448   -0.059203   -0.054374
         A3 V    -0.051011   -0.005017   -0.022814   -0.010518   -0.005019
         A4 V    -0.005408   -0.011341   -0.023513
  ---- Residuals of Orbitals --- 
 Alpha          0.7633E-12  0.3139E-12  0.8357E-13  0.1486E-14
virtual         0.4283E-10  0.5537E-11  0.3801E-11  0.2663E-10  0.1505E-07
                0.1111E-10  0.1071E-12  0.4733E-10  0.8163E-13  0.8795E-12
                0.9245E-11  0.6882E-10  0.2996E-10  0.4883E-12  0.3678E-09
                0.3042E-12  0.8082E-10  0.6330E-11
 
   SCF   Iteration =           12
   Final Energy    =   -20.7209595128752     
 
 
  CHISQ    =   0.0010798889
 
  Poisson It,Dist =           37  9.965625638686276E-005
  HFEX  =   -1.97792355045955     
 
  Number of OEP Cycles    =  320
  Total OEP Energy (a.u.) =    -16.8814941
  Delta E          (a.u.) =      0.0000053
  Norm of delta Veff =   1.944484731694719E-005
 
 Initializing start point of RANFQ
 
  18890 points have been accepted
 out of 102400 trials.
 
  ---- Orbital EigenValues ---- 
 Alpha   A1      -1.199869   -0.753127   -0.614567   -0.540724
virtual  A1 V    -0.218067   -0.144711   -0.108014   -0.105887   -0.077226
         A2 V    -0.042912   -0.075307   -0.060448   -0.059203   -0.054374
         A3 V    -0.051011   -0.005017   -0.022813   -0.010518   -0.005019
         A4 V    -0.005408   -0.011341   -0.023512
  ---- Residuals of Orbitals --- 
 Alpha          0.2054E-11  0.5546E-11  0.8587E-12  0.1813E-12
virtual         0.2037E-10  0.1983E-08  0.6700E-12  0.1870E-10  0.5862E-09
                0.2899E-08  0.1278E-12  0.4470E-10  0.6993E-14  0.2497E-11
                0.1378E-10  0.2749E-10  0.6215E-11  0.8190E-11  0.9914E-11
                0.1753E-10  0.6444E-12  0.3047E-10
 
   SCF   Iteration =           17
   Final Energy    =   -20.7206457575579     
 
 
  CHISQ    =   0.0010682937
 
  Poisson It,Dist =           50  9.835411864151081E-005
  HFEX  =   -1.97789446610836     
 
  Number of OEP Cycles    =  321
  Total OEP Energy (a.u.) =    -16.8814957
  Delta E          (a.u.) =     -0.0000017
  Norm of delta Veff =   1.932419604680856E-005
 
 Initializing start point of RANFQ
 
  18838 points have been accepted
 out of 102400 trials.
 
  ---- Orbital EigenValues ---- 
 Alpha   A1      -1.199851   -0.753113   -0.614557   -0.540714
virtual  A1 V    -0.218064   -0.144708   -0.108013   -0.105886   -0.077225
         A2 V    -0.042911   -0.075307   -0.060448   -0.059204   -0.054374
         A3 V    -0.051011   -0.005017   -0.022813   -0.010518   -0.005019
         A4 V    -0.005408   -0.011341   -0.023512
  ---- Residuals of Orbitals --- 
 Alpha          0.4298E-11  0.8272E-13  0.9651E-11  0.3229E-13
virtual         0.2662E-10  0.7354E-11  0.5880E-10  0.6044E-12  0.2317E-09
                0.6433E-09  0.1321E-12  0.1031E-09  0.3206E-13  0.4137E-13
                0.7718E-11  0.5963E-10  0.1274E-10  0.3820E-11  0.1108E-10
                0.2449E-12  0.2508E-12  0.5345E-09
 
   SCF   Iteration =           16
   Final Energy    =   -20.7202012580265     
 
 
  CHISQ    =   0.0010823447
 
  Poisson It,Dist =           82  9.828750369387601E-005
  HFEX  =   -1.97786846727120     
 
  Number of OEP Cycles    =  322
  Total OEP Energy (a.u.) =    -16.8815044
  Delta E          (a.u.) =     -0.0000087
  Norm of delta Veff =   1.921277838980297E-005
 
 Initializing start point of RANFQ
 
  18813 points have been accepted
 out of 102400 trials.
 
  ---- Orbital EigenValues ---- 
 Alpha   A1      -1.199833   -0.753099   -0.614546   -0.540704
virtual  A1 V    -0.218061   -0.144705   -0.108013   -0.105886   -0.077225
         A2 V    -0.042910   -0.075307   -0.060448   -0.059204   -0.054374
         A3 V    -0.051011   -0.005017   -0.022813   -0.010519   -0.005019
         A4 V    -0.005408   -0.011341   -0.023512
  ---- Residuals of Orbitals --- 
 Alpha          0.1265E-11  0.2271E-11  0.7613E-12  0.2504E-14
virtual         0.1048E-09  0.1614E-11  0.1618E-10  0.2737E-12  0.3598E-08
                0.1951E-10  0.9769E-12  0.1220E-07  0.4724E-13  0.2487E-12
                0.3146E-11  0.4523E-10  0.1073E-09  0.7689E-10  0.1336E-08
                0.8524E-13  0.9621E-13  0.9277E-10
 
   SCF   Iteration =           17
   Final Energy    =   -20.7197826810697     
 
 
  CHISQ    =   0.0010812385
 
  Poisson It,Dist =           52  9.772859674385481E-005
  HFEX  =   -1.97784240174025     
 
  Number of OEP Cycles    =  323
  Total OEP Energy (a.u.) =    -16.8815009
  Delta E          (a.u.) =      0.0000035
  Norm of delta Veff =   1.910795813950412E-005
 
 Initializing start point of RANFQ
 
  18909 points have been accepted
 out of 102400 trials.
 
  ---- Orbital EigenValues ---- 
 Alpha   A1      -1.199816   -0.753085   -0.614536   -0.540694
virtual  A1 V    -0.218058   -0.144703   -0.108012   -0.105885   -0.077224
         A2 V    -0.042909   -0.075307   -0.060448   -0.059204   -0.054374
         A3 V    -0.051011   -0.005017   -0.022812   -0.010519   -0.005019
         A4 V    -0.005408   -0.011341   -0.023511
  ---- Residuals of Orbitals --- 
 Alpha          0.4007E-13  0.1960E-11  0.8580E-12  0.1809E-14
virtual         0.8864E-11  0.2001E-10  0.3691E-12  0.5818E-12  0.2828E-10
                0.1072E-10  0.2644E-11  0.3495E-09  0.3336E-13  0.1970E-10
                0.2240E-11  0.5442E-10  0.9141E-10  0.6119E-12  0.1575E-09
                0.2102E-11  0.4606E-11  0.4172E-11
 
   SCF   Iteration =           15
   Final Energy    =   -20.7193812158750     
 
 
  CHISQ    =   0.0011036213
 
  Poisson It,Dist =           39  9.861195180715158E-005
  HFEX  =   -1.97781649228301     
 
  Number of OEP Cycles    =  324
  Total OEP Energy (a.u.) =    -16.8814921
  Delta E          (a.u.) =      0.0000088
  Norm of delta Veff =   1.900512977449090E-005
 
 Initializing start point of RANFQ
 
  18892 points have been accepted
 out of 102400 trials.
 
  ---- Orbital EigenValues ---- 
 Alpha   A1      -1.199798   -0.753072   -0.614526   -0.540684
virtual  A1 V    -0.218055   -0.144700   -0.108012   -0.105885   -0.077224
         A2 V    -0.042909   -0.075307   -0.060448   -0.059204   -0.054374
         A3 V    -0.051011   -0.005017   -0.022812   -0.010519   -0.005019
         A4 V    -0.005408   -0.011341   -0.023511
  ---- Residuals of Orbitals --- 
 Alpha          0.2040E-10  0.4306E-12  0.8673E-11  0.2297E-14
virtual         0.5646E-09  0.3017E-12  0.4345E-09  0.1249E-11  0.5127E-09
                0.2013E-10  0.3240E-13  0.2761E-10  0.4425E-14  0.6432E-10
                0.1371E-10  0.6802E-10  0.1382E-10  0.5363E-12  0.4225E-10
                0.8250E-13  0.5593E-12  0.1525E-08
 
   SCF   Iteration =           19
   Final Energy    =   -20.7189863157073     
 
 
  CHISQ    =   0.0010966052
 
  Poisson It,Dist =           58  9.755122913658400E-005
  HFEX  =   -1.97778971430682     
 
  Number of OEP Cycles    =  325
  Total OEP Energy (a.u.) =    -16.8814971
  Delta E          (a.u.) =     -0.0000051
  Norm of delta Veff =   1.889081770046310E-005
 
 Initializing start point of RANFQ
 
  18830 points have been accepted
 out of 102400 trials.
 
  ---- Orbital EigenValues ---- 
 Alpha   A1      -1.199781   -0.753058   -0.614517   -0.540674
virtual  A1 V    -0.218052   -0.144697   -0.108011   -0.105885   -0.077223
         A2 V    -0.042908   -0.075307   -0.060448   -0.059204   -0.054374
         A3 V    -0.051011   -0.005017   -0.022812   -0.010519   -0.005019
         A4 V    -0.005408   -0.011341   -0.023511
  ---- Residuals of Orbitals --- 
 Alpha          0.8064E-12  0.5898E-13  0.4159E-12  0.1720E-13
virtual         0.5990E-11  0.1780E-11  0.1283E-10  0.7454E-12  0.4014E-10
                0.4108E-10  0.2193E-10  0.2432E-10  0.6490E-13  0.1245E-11
                0.5190E-11  0.9518E-10  0.1326E-10  0.3239E-11  0.2814E-10
                0.3543E-12  0.9496E-10  0.3347E-11
 
   SCF   Iteration =           22
   Final Energy    =   -20.7185688219495     
 
 
  CHISQ    =   0.0010464715
 
  Poisson It,Dist =           78  9.827354611047157E-005
  HFEX  =   -1.97775854039063     
 
  Number of OEP Cycles    =  326
  Total OEP Energy (a.u.) =    -16.8815010
  Delta E          (a.u.) =     -0.0000039
  Norm of delta Veff =   1.876307103642023E-005
 
 Initializing start point of RANFQ
 
  18769 points have been accepted
 out of 102400 trials.
 
  ---- Orbital EigenValues ---- 
 Alpha   A1      -1.199763   -0.753044   -0.614507   -0.540664
virtual  A1 V    -0.218049   -0.144695   -0.108011   -0.105884   -0.077223
         A2 V    -0.042907   -0.075308   -0.060448   -0.059204   -0.054374
         A3 V    -0.051011   -0.005017   -0.022811   -0.010519   -0.005019
         A4 V    -0.005408   -0.011341   -0.023511
  ---- Residuals of Orbitals --- 
 Alpha          0.3272E-13  0.7693E-12  0.1912E-12  0.2064E-13
virtual         0.1566E-11  0.1066E-10  0.1673E-11  0.3893E-11  0.2723E-09
                0.1774E-11  0.5547E-11  0.1891E-10  0.5092E-13  0.6191E-11
                0.1786E-10  0.2602E-10  0.4003E-09  0.1485E-11  0.1185E-10
                0.5537E-11  0.7310E-12  0.3038E-10
 
   SCF   Iteration =           12
   Final Energy    =   -20.7181027265502     
 
 
  CHISQ    =   0.0010989591
 
  Poisson It,Dist =           41  9.557609108775294E-005
  HFEX  =   -1.97774145195892     
 
  Number of OEP Cycles    =  327
  Total OEP Energy (a.u.) =    -16.8814981
  Delta E          (a.u.) =      0.0000029
  Norm of delta Veff =   1.869354810038822E-005
 
 Initializing start point of RANFQ
 
  18840 points have been accepted
 out of 102400 trials.
 
  ---- Orbital EigenValues ---- 
 Alpha   A1      -1.199746   -0.753031   -0.614497   -0.540654
virtual  A1 V    -0.218046   -0.144692   -0.108010   -0.105884   -0.077223
         A2 V    -0.042906   -0.075308   -0.060448   -0.059204   -0.054374
         A3 V    -0.051011   -0.005017   -0.022811   -0.010519   -0.005019
         A4 V    -0.005408   -0.011341   -0.023510
  ---- Residuals of Orbitals --- 
 Alpha          0.6714E-13  0.6672E-13  0.5686E-12  0.1999E-12
virtual         0.1333E-10  0.2203E-11  0.1202E-10  0.5454E-12  0.1185E-10
                0.1837E-10  0.7542E-13  0.2362E-09  0.2221E-15  0.7598E-12
                0.3573E-11  0.1572E-09  0.2467E-09  0.1365E-11  0.2767E-10
                0.4391E-12  0.9243E-12  0.2746E-10
 
   SCF   Iteration =           14
   Final Energy    =   -20.7178050590358     
 
 
  CHISQ    =   0.0010889914
 
  Poisson It,Dist =           39  9.493868984806511E-005
  HFEX  =   -1.97771778280490     
 
  Number of OEP Cycles    =  328
  Total OEP Energy (a.u.) =    -16.8814929
  Delta E          (a.u.) =      0.0000052
  Norm of delta Veff =   1.859542065741010E-005
 
 Initializing start point of RANFQ
 
  18958 points have been accepted
 out of 102400 trials.
 
  ---- Orbital EigenValues ---- 
 Alpha   A1      -1.199729   -0.753017   -0.614487   -0.540644
virtual  A1 V    -0.218043   -0.144690   -0.108010   -0.105883   -0.077222
         A2 V    -0.042906   -0.075308   -0.060448   -0.059204   -0.054374
         A3 V    -0.051011   -0.005017   -0.022811   -0.010520   -0.005019
         A4 V    -0.005408   -0.011341   -0.023510
  ---- Residuals of Orbitals --- 
 Alpha          0.6134E-11  0.6360E-11  0.3683E-11  0.3940E-13
virtual         0.6986E-11  0.1918E-10  0.2414E-09  0.4778E-12  0.8765E-11
                0.4893E-11  0.1646E-09  0.2007E-10  0.1106E-13  0.8023E-12
                0.1017E-10  0.2927E-10  0.9516E-10  0.5781E-11  0.5782E-09
                0.5308E-13  0.1803E-12  0.1340E-08
 
   SCF   Iteration =           13
   Final Energy    =   -20.7174321649262     
 
 
  CHISQ    =   0.0010914212
 
  Poisson It,Dist =           55  9.718091936632035E-005
  HFEX  =   -1.97769227323713     
 
  Number of OEP Cycles    =  329
  Total OEP Energy (a.u.) =    -16.8814951
  Delta E          (a.u.) =     -0.0000022
  Norm of delta Veff =   1.849309948558303E-005
 
 Initializing start point of RANFQ
 
  18950 points have been accepted
 out of 102400 trials.
 
  ---- Orbital EigenValues ---- 
 Alpha   A1      -1.199712   -0.753004   -0.614478   -0.540635
virtual  A1 V    -0.218040   -0.144687   -0.108009   -0.105883   -0.077222
         A2 V    -0.042905   -0.075308   -0.060448   -0.059204   -0.054374
         A3 V    -0.051011   -0.005017   -0.022810   -0.010520   -0.005019
         A4 V    -0.005408   -0.011341   -0.023510
  ---- Residuals of Orbitals --- 
 Alpha          0.1200E-12  0.7553E-11  0.4576E-12  0.1628E-14
virtual         0.1650E-10  0.1629E-11  0.1021E-09  0.4588E-12  0.7077E-10
                0.5035E-09  0.7116E-12  0.4240E-10  0.8984E-13  0.3754E-11
                0.2584E-12  0.4007E-09  0.2274E-10  0.8183E-12  0.1138E-10
                0.6898E-13  0.1729E-12  0.2335E-09
 
   SCF   Iteration =           15
   Final Energy    =   -20.7170366162690     
 
 
  CHISQ    =   0.0010954866
 
  Poisson It,Dist =           50  9.935830706820121E-005
  HFEX  =   -1.97766596971637     
 
  Number of OEP Cycles    =  330
  Total OEP Energy (a.u.) =    -16.8814948
  Delta E          (a.u.) =      0.0000002
  Norm of delta Veff =   1.838329039956998E-005
 
 Initializing start point of RANFQ
 
  18794 points have been accepted
 out of 102400 trials.
 
  ---- Orbital EigenValues ---- 
 Alpha   A1      -1.199695   -0.752990   -0.614468   -0.540625
virtual  A1 V    -0.218038   -0.144685   -0.108009   -0.105882   -0.077221
         A2 V    -0.042904   -0.075308   -0.060447   -0.059204   -0.054374
         A3 V    -0.051011   -0.005017   -0.022810   -0.010520   -0.005019
         A4 V    -0.005408   -0.011341   -0.023509
  ---- Residuals of Orbitals --- 
 Alpha          0.3967E-11  0.7347E-12  0.2999E-12  0.3158E-13
virtual         0.1185E-11  0.1305E-10  0.3733E-10  0.3323E-11  0.1571E-10
                0.1742E-10  0.3436E-10  0.4952E-11  0.9171E-12  0.2091E-11
                0.5605E-10  0.1717E-10  0.1899E-10  0.2276E-11  0.9031E-11
                0.4368E-13  0.8741E-13  0.7877E-10
 
   SCF   Iteration =           14
   Final Energy    =   -20.7166298842753     
 
 
  CHISQ    =   0.0010538885
 
  Poisson It,Dist =           68  9.929313098642597E-005
  HFEX  =   -1.97764032133032     
 
  Number of OEP Cycles    =  331
  Total OEP Energy (a.u.) =    -16.8814982
  Delta E          (a.u.) =     -0.0000033
  Norm of delta Veff =   1.828026424648038E-005
 
 Initializing start point of RANFQ
 
  18950 points have been accepted
 out of 102400 trials.
 
  ---- Orbital EigenValues ---- 
 Alpha   A1      -1.199679   -0.752977   -0.614459   -0.540616
virtual  A1 V    -0.218035   -0.144682   -0.108009   -0.105882   -0.077221
         A2 V    -0.042903   -0.075308   -0.060447   -0.059204   -0.054374
         A3 V    -0.051011   -0.005017   -0.022810   -0.010520   -0.005019
         A4 V    -0.005408   -0.011341   -0.023509
  ---- Residuals of Orbitals --- 
 Alpha          0.7787E-11  0.3046E-11  0.3929E-12  0.1538E-14
virtual         0.3580E-10  0.1366E-07  0.3697E-11  0.8877E-11  0.6905E-09
                0.4695E-09  0.9213E-10  0.4423E-10  0.2459E-14  0.1730E-12
                0.5522E-11  0.4757E-10  0.3825E-10  0.2028E-11  0.8448E-11
                0.1904E-11  0.1631E-11  0.6554E-10
 
   SCF   Iteration =           14
   Final Energy    =   -20.7162334961908     
 
 
  CHISQ    =   0.0010862249
 
  Poisson It,Dist =           34  9.590919946151068E-005
  HFEX  =   -1.97761605221644     
 
  Number of OEP Cycles    =  332
  Total OEP Energy (a.u.) =    -16.8814870
  Delta E          (a.u.) =      0.0000112
  Norm of delta Veff =   1.817224893208654E-005
 
 Initializing start point of RANFQ
 
  18919 points have been accepted
 out of 102400 trials.
 
  ---- Orbital EigenValues ---- 
 Alpha   A1      -1.199662   -0.752964   -0.614450   -0.540606
virtual  A1 V    -0.218032   -0.144680   -0.108008   -0.105881   -0.077220
         A2 V    -0.042903   -0.075309   -0.060447   -0.059204   -0.054375
         A3 V    -0.051011   -0.005017   -0.022809   -0.010520   -0.005019
         A4 V    -0.005408   -0.011341   -0.023509
  ---- Residuals of Orbitals --- 
 Alpha          0.4343E-12  0.6325E-11  0.8578E-13  0.1607E-13
virtual         0.3155E-11  0.2937E-08  0.2976E-12  0.1696E-11  0.4513E-10
                0.2392E-09  0.1431E-10  0.9247E-11  0.4076E-12  0.2576E-12
                0.4572E-13  0.2759E-09  0.5363E-10  0.1446E-11  0.2057E-10
                0.6503E-13  0.2619E-09  0.4355E-10
 
   SCF   Iteration =           17
   Final Energy    =   -20.7158622298138     
 
 
  CHISQ    =   0.0010879687
 
  Poisson It,Dist =           48  9.858360001122959E-005
  HFEX  =   -1.97759014509515     
 
  Number of OEP Cycles    =  333
  Total OEP Energy (a.u.) =    -16.8814914
  Delta E          (a.u.) =     -0.0000044
  Norm of delta Veff =   1.807012556486579E-005
 
 Initializing start point of RANFQ
 
  18753 points have been accepted
 out of 102400 trials.
 
  ---- Orbital EigenValues ---- 
 Alpha   A1      -1.199645   -0.752951   -0.614440   -0.540597
virtual  A1 V    -0.218029   -0.144677   -0.108008   -0.105881   -0.077220
         A2 V    -0.042902   -0.075309   -0.060447   -0.059204   -0.054375
         A3 V    -0.051011   -0.005017   -0.022809   -0.010520   -0.005019
         A4 V    -0.005408   -0.011341   -0.023509
  ---- Residuals of Orbitals --- 
 Alpha          0.1722E-12  0.6057E-11  0.8322E-13  0.1177E-11
virtual         0.5681E-10  0.1151E-08  0.7909E-13  0.8360E-11  0.2087E-09
                0.2036E-10  0.1252E-10  0.4071E-11  0.3128E-14  0.2840E-12
                0.3510E-10  0.2460E-10  0.1136E-10  0.5015E-11  0.3882E-09
                0.2981E-13  0.5113E-11  0.9692E-10
 
   SCF   Iteration =           18
   Final Energy    =   -20.7154616503062     
 
 
  CHISQ    =   0.0010855352
 
  Poisson It,Dist =           46  9.866033921059015E-005
  HFEX  =   -1.97756011854290     
 
  Number of OEP Cycles    =  334
  Total OEP Energy (a.u.) =    -16.8814899
  Delta E          (a.u.) =      0.0000015
  Norm of delta Veff =   1.794338466589592E-005
 
 Initializing start point of RANFQ
 
  18846 points have been accepted
 out of 102400 trials.
 
  ---- Orbital EigenValues ---- 
 Alpha   A1      -1.199629   -0.752938   -0.614431   -0.540588
virtual  A1 V    -0.218026   -0.144675   -0.108007   -0.105881   -0.077220
         A2 V    -0.042901   -0.075309   -0.060447   -0.059204   -0.054375
         A3 V    -0.051011   -0.005017   -0.022809   -0.010520   -0.005019
         A4 V    -0.005408   -0.011341   -0.023508
  ---- Residuals of Orbitals --- 
 Alpha          0.2122E-12  0.1890E-12  0.2067E-11  0.3703E-14
virtual         0.3727E-12  0.5298E-10  0.3925E-10  0.2989E-12  0.1877E-11
                0.1190E-10  0.2954E-10  0.5722E-11  0.3686E-14  0.8625E-13
                0.9660E-11  0.1651E-10  0.4246E-08  0.2198E-11  0.4895E-10
                0.6932E-10  0.4224E-12  0.1648E-08
 
   SCF   Iteration =           16
   Final Energy    =   -20.7150185127525     
 
 
  CHISQ    =   0.0010599195
 
  Poisson It,Dist =           47  9.734939956932891E-005
  HFEX  =   -1.97754058819025     
 
  Number of OEP Cycles    =  335
  Total OEP Energy (a.u.) =    -16.8814911
  Delta E          (a.u.) =     -0.0000013
  Norm of delta Veff =   1.785859761028059E-005
 
 Initializing start point of RANFQ
 
  18951 points have been accepted
 out of 102400 trials.
 
  ---- Orbital EigenValues ---- 
 Alpha   A1      -1.199613   -0.752925   -0.614422   -0.540579
virtual  A1 V    -0.218023   -0.144673   -0.108007   -0.105880   -0.077219
         A2 V    -0.042900   -0.075309   -0.060447   -0.059204   -0.054375
         A3 V    -0.051011   -0.005017   -0.022808   -0.010521   -0.005019
         A4 V    -0.005408   -0.011341   -0.023508
  ---- Residuals of Orbitals --- 
 Alpha          0.1337E-10  0.1279E-10  0.7167E-12  0.1015E-11
virtual         0.2358E-12  0.1363E-10  0.9777E-09  0.6114E-11  0.1114E-10
                0.3851E-10  0.6093E-12  0.6205E-11  0.4190E-14  0.3137E-13
                0.3890E-11  0.2348E-08  0.1992E-10  0.5770E-11  0.1522E-09
                0.4857E-13  0.1552E-11  0.5824E-10
 
   SCF   Iteration =           16
   Final Energy    =   -20.7146919420651     
 
 
  CHISQ    =   0.0010683661
 
  Poisson It,Dist =           56  9.965109765413821E-005
  HFEX  =   -1.97751838557831     
 
  Number of OEP Cycles    =  336
  Total OEP Energy (a.u.) =    -16.8814912
  Delta E          (a.u.) =     -0.0000000
  Norm of delta Veff =   1.777029695767134E-005
 
 Initializing start point of RANFQ
 
  18667 points have been accepted
 out of 102400 trials.
 
  ---- Orbital EigenValues ---- 
 Alpha   A1      -1.199596   -0.752912   -0.614413   -0.540570
virtual  A1 V    -0.218021   -0.144670   -0.108006   -0.105880   -0.077219
         A2 V    -0.042900   -0.075309   -0.060447   -0.059204   -0.054375
         A3 V    -0.051011   -0.005017   -0.022808   -0.010521   -0.005019
         A4 V    -0.005408   -0.011341   -0.023508
  ---- Residuals of Orbitals --- 
 Alpha          0.1945E-15  0.1029E-11  0.1927E-12  0.5318E-14
virtual         0.1732E-07  0.1365E-10  0.6430E-08  0.1154E-11  0.1153E-08
                0.4865E-08  0.2112E-12  0.5832E-12  0.1408E-13  0.4020E-11
                0.6873E-11  0.7108E-10  0.1614E-10  0.1201E-11  0.8535E-11
                0.1415E-12  0.5732E-12  0.3724E-11
 
   SCF   Iteration =           20
   Final Energy    =   -20.7143409974862     
 
 
  CHISQ    =   0.0010437845
 
  Poisson It,Dist =           71  9.954984588645197E-005
  HFEX  =   -1.97749082434732     
 
  Number of OEP Cycles    =  337
  Total OEP Energy (a.u.) =    -16.8814972
  Delta E          (a.u.) =     -0.0000060
  Norm of delta Veff =   1.765120044310401E-005
 
 Initializing start point of RANFQ
 
  18880 points have been accepted
 out of 102400 trials.
 
  ---- Orbital EigenValues ---- 
 Alpha   A1      -1.199580   -0.752899   -0.614405   -0.540561
virtual  A1 V    -0.218018   -0.144668   -0.108006   -0.105879   -0.077218
         A2 V    -0.042899   -0.075309   -0.060447   -0.059205   -0.054375
         A3 V    -0.051011   -0.005017   -0.022808   -0.010521   -0.005019
         A4 V    -0.005408   -0.011341   -0.023508
  ---- Residuals of Orbitals --- 
 Alpha          0.1523E-11  0.9369E-11  0.1642E-11  0.1599E-13
virtual         0.5922E-08  0.1570E-11  0.2583E-09  0.2530E-12  0.6251E-08
                0.4699E-11  0.1259E-11  0.1686E-10  0.1824E-11  0.8544E-13
                0.9345E-10  0.3523E-10  0.4039E-09  0.1114E-11  0.1632E-09
                0.1100E-12  0.1600E-11  0.3063E-10
 
   SCF   Iteration =           12
   Final Energy    =   -20.7139202071172     
 
 
  CHISQ    =   0.0010739670
 
  Poisson It,Dist =           58  9.836576231902435E-005
  HFEX  =   -1.97747556705395     
 
  Number of OEP Cycles    =  338
  Total OEP Energy (a.u.) =    -16.8814936
  Delta E          (a.u.) =      0.0000036
  Norm of delta Veff =   1.759143205570431E-005
 
 Initializing start point of RANFQ
 
  18928 points have been accepted
 out of 102400 trials.
 
  ---- Orbital EigenValues ---- 
 Alpha   A1      -1.199564   -0.752886   -0.614396   -0.540552
virtual  A1 V    -0.218015   -0.144666   -0.108005   -0.105879   -0.077218
         A2 V    -0.042898   -0.075309   -0.060447   -0.059205   -0.054375
         A3 V    -0.051011   -0.005017   -0.022808   -0.010521   -0.005019
         A4 V    -0.005408   -0.011341   -0.023507
  ---- Residuals of Orbitals --- 
 Alpha          0.3030E-11  0.6781E-11  0.4298E-13  0.1254E-13
virtual         0.8881E-08  0.2496E-10  0.3904E-09  0.1727E-10  0.2086E-08
                0.3317E-11  0.1341E-12  0.1862E-08  0.2468E-13  0.1108E-12
                0.7044E-10  0.3367E-10  0.2718E-09  0.4870E-11  0.3867E-10
                0.1636E-10  0.8529E-11  0.2958E-09
 
   SCF   Iteration =           16
   Final Energy    =   -20.7136508225228     
 
 
  CHISQ    =   0.0010776839
 
  Poisson It,Dist =           75  9.849879547509063E-005
  HFEX  =   -1.97744947303577     
 
  Number of OEP Cycles    =  339
  Total OEP Energy (a.u.) =    -16.8814963
  Delta E          (a.u.) =     -0.0000027
  Norm of delta Veff =   1.748285051161168E-005
 
 Initializing start point of RANFQ
 
  18868 points have been accepted
 out of 102400 trials.
 
  ---- Orbital EigenValues ---- 
 Alpha   A1      -1.199548   -0.752874   -0.614387   -0.540543
virtual  A1 V    -0.218013   -0.144661   -0.108005   -0.105879   -0.077217
         A2 V    -0.042898   -0.075310   -0.060447   -0.059205   -0.054375
         A3 V    -0.051010   -0.005017   -0.022807   -0.010521   -0.005019
         A4 V    -0.005408   -0.011341   -0.023507
  ---- Residuals of Orbitals --- 
 Alpha          0.8035E-13  0.1204E-10  0.7788E-13  0.5936E-14
virtual         0.3436E-08  0.1588E-06  0.2580E-10  0.4047E-12  0.2197E-09
                0.2575E-09  0.2229E-09  0.1695E-09  0.6574E-13  0.1315E-12
                0.1197E-08  0.2370E-08  0.1401E-10  0.4276E-11  0.7986E-10
                0.3937E-12  0.5862E-11  0.2663E-09
 
   SCF   Iteration =           16
   Final Energy    =   -20.7132506527380     
 
 
  CHISQ    =   0.0010513420
 
  Poisson It,Dist =           65  9.578264768666363E-005
  HFEX  =   -1.97742645302082     
 
  Number of OEP Cycles    =  340
  Total OEP Energy (a.u.) =    -16.8814939
  Delta E          (a.u.) =      0.0000024
  Norm of delta Veff =   1.736997029402277E-005
 
 Initializing start point of RANFQ
 
  18808 points have been accepted
 out of 102400 trials.
 
  ---- Orbital EigenValues ---- 
 Alpha   A1      -1.199533   -0.752861   -0.614378   -0.540535
virtual  A1 V    -0.218010   -0.144660   -0.108005   -0.105878   -0.077217
         A2 V    -0.042897   -0.075310   -0.060447   -0.059205   -0.054375
         A3 V    -0.051010   -0.005017   -0.022807   -0.010521   -0.005019
         A4 V    -0.005408   -0.011341   -0.023507
  ---- Residuals of Orbitals --- 
 Alpha          0.4559E-13  0.3320E-12  0.6274E-16  0.2300E-12
virtual         0.4746E-09  0.1362E-06  0.7262E-10  0.5280E-12  0.1519E-08
                0.1226E-07  0.5789E-10  0.1172E-11  0.6035E-14  0.1583E-12
                0.4174E-10  0.4256E-10  0.8150E-10  0.1415E-10  0.2322E-08
                0.7933E-12  0.8181E-13  0.3089E-11
 
   SCF   Iteration =           17
   Final Energy    =   -20.7128949870405     
 
 
  CHISQ    =   0.0010158683
 
  Poisson It,Dist =           44  9.542515031669375E-005
  HFEX  =   -1.97740302509418     
 
  Number of OEP Cycles    =  341
  Total OEP Energy (a.u.) =    -16.8814889
  Delta E          (a.u.) =      0.0000050
  Norm of delta Veff =   1.728124408898089E-005
 
 Initializing start point of RANFQ
 
  19052 points have been accepted
 out of 102400 trials.
 
  ---- Orbital EigenValues ---- 
 Alpha   A1      -1.199517   -0.752849   -0.614370   -0.540526
virtual  A1 V    -0.218007   -0.144658   -0.108004   -0.105878   -0.077217
         A2 V    -0.042896   -0.075310   -0.060447   -0.059205   -0.054375
         A3 V    -0.051010   -0.005017   -0.022807   -0.010522   -0.005019
         A4 V    -0.005408   -0.011341   -0.023507
  ---- Residuals of Orbitals --- 
 Alpha          0.1460E-11  0.4304E-10  0.1384E-14  0.2350E-11
virtual         0.8966E-09  0.9681E-09  0.6162E-10  0.1242E-10  0.3249E-09
                0.1766E-11  0.4089E-09  0.1305E-09  0.1381E-13  0.7141E-13
                0.2001E-11  0.8743E-10  0.3773E-08  0.2794E-11  0.2659E-10
                0.3060E-12  0.6737E-11  0.1159E-10
 
   SCF   Iteration =           12
   Final Energy    =   -20.7125361645522     
 
 
  CHISQ    =   0.0010991994
 
  Poisson It,Dist =           44  9.619571863000702E-005
  HFEX  =   -1.97738285762985     
 
  Number of OEP Cycles    =  342
  Total OEP Energy (a.u.) =    -16.8814886
  Delta E          (a.u.) =      0.0000004
  Norm of delta Veff =   1.720936357924902E-005
 
 Initializing start point of RANFQ
 
  18844 points have been accepted
 out of 102400 trials.
 
  ---- Orbital EigenValues ---- 
 Alpha   A1      -1.199501   -0.752836   -0.614361   -0.540518
virtual  A1 V    -0.218005   -0.144656   -0.108004   -0.105877   -0.077216
         A2 V    -0.042895   -0.075310   -0.060446   -0.059205   -0.054375
         A3 V    -0.051010   -0.005017   -0.022807   -0.010522   -0.005019
         A4 V    -0.005408   -0.011341   -0.023506
  ---- Residuals of Orbitals --- 
 Alpha          0.6595E-12  0.2062E-10  0.1636E-12  0.1915E-12
virtual         0.4189E-08  0.9401E-08  0.8627E-12  0.2069E-11  0.1062E-10
                0.1290E-11  0.7108E-10  0.1846E-10  0.5214E-12  0.3021E-13
                0.4211E-12  0.2708E-09  0.6092E-09  0.5461E-12  0.1061E-10
                0.1413E-12  0.1786E-11  0.2004E-10
 
   SCF   Iteration =           17
   Final Energy    =   -20.7122110123606     
 
 
  CHISQ    =   0.0010868806
 
  Poisson It,Dist =           50  9.744811725897573E-005
  HFEX  =   -1.97735426478272     
 
  Number of OEP Cycles    =  343
  Total OEP Energy (a.u.) =    -16.8814865
  Delta E          (a.u.) =      0.0000021
  Norm of delta Veff =   1.709016621688091E-005
 
 Initializing start point of RANFQ
 
  19028 points have been accepted
 out of 102400 trials.
 
  ---- Orbital EigenValues ---- 
 Alpha   A1      -1.199486   -0.752824   -0.614353   -0.540509
virtual  A1 V    -0.218002   -0.144654   -0.108003   -0.105877   -0.077216
         A2 V    -0.042895   -0.075310   -0.060446   -0.059205   -0.054375
         A3 V    -0.051010   -0.005017   -0.022806   -0.010522   -0.005019
         A4 V    -0.005408   -0.011341   -0.023506
  ---- Residuals of Orbitals --- 
 Alpha          0.6646E-11  0.7140E-12  0.1251E-12  0.1545E-12
virtual         0.2724E-09  0.1908E-08  0.1195E-11  0.9274E-11  0.3222E-10
                0.1960E-11  0.2055E-10  0.3964E-10  0.3819E-11  0.2958E-14
                0.6815E-12  0.3968E-10  0.1099E-10  0.1729E-11  0.8501E-11
                0.2350E-12  0.2460E-12  0.3222E-11
 
   SCF   Iteration =           10
   Final Energy    =   -20.7117901482179     
 
 
  CHISQ    =   0.0011130248
 
  Poisson It,Dist =           44  9.933923615716395E-005
  HFEX  =   -1.97733558553561     
 
  Number of OEP Cycles    =  344
  Total OEP Energy (a.u.) =    -16.8814858
  Delta E          (a.u.) =      0.0000007
  Norm of delta Veff =   1.701751939697125E-005
 
 Initializing start point of RANFQ
 
  19014 points have been accepted
 out of 102400 trials.
 
  ---- Orbital EigenValues ---- 
 Alpha   A1      -1.199470   -0.752812   -0.614345   -0.540501
virtual  A1 V    -0.217999   -0.144652   -0.108003   -0.105877   -0.077215
         A2 V    -0.042894   -0.075310   -0.060446   -0.059205   -0.054375
         A3 V    -0.051010   -0.005017   -0.022806   -0.010522   -0.005019
         A4 V    -0.005408   -0.011341   -0.023506
  ---- Residuals of Orbitals --- 
 Alpha          0.1930E-11  0.8138E-12  0.6971E-11  0.5251E-12
virtual         0.1858E-11  0.4574E-09  0.8964E-12  0.5419E-10  0.7157E-10
                0.1173E-10  0.6982E-11  0.9626E-11  0.7791E-13  0.1633E-14
                0.2449E-12  0.8140E-10  0.1177E-09  0.5150E-11  0.3095E-10
                0.1680E-11  0.5671E-12  0.2983E-11
 
   SCF   Iteration =           17
   Final Energy    =   -20.7114828164901     
 
 
  CHISQ    =   0.0010585372
 
  Poisson It,Dist =           42  9.589608572024994E-005
  HFEX  =   -1.97731291025362     
 
  Number of OEP Cycles    =  345
  Total OEP Energy (a.u.) =    -16.8814827
  Delta E          (a.u.) =      0.0000031
  Norm of delta Veff =   1.692484721751692E-005
 
 Initializing start point of RANFQ
 
  18850 points have been accepted
 out of 102400 trials.
 
  ---- Orbital EigenValues ---- 
 Alpha   A1      -1.199455   -0.752799   -0.614336   -0.540493
virtual  A1 V    -0.217997   -0.144649   -0.108002   -0.105876   -0.077215
         A2 V    -0.042893   -0.075311   -0.060446   -0.059205   -0.054375
         A3 V    -0.051010   -0.005017   -0.022806   -0.010522   -0.005019
         A4 V    -0.005408   -0.011341   -0.023506
  ---- Residuals of Orbitals --- 
 Alpha          0.3472E-11  0.3576E-11  0.2067E-10  0.7646E-13
virtual         0.4464E-10  0.1216E-08  0.5391E-11  0.1599E-12  0.5135E-10
                0.4142E-10  0.7839E-11  0.2057E-09  0.2097E-12  0.1452E-11
                0.7199E-12  0.8680E-10  0.1299E-10  0.6567E-11  0.2122E-10
                0.2123E-12  0.4618E-10  0.1041E-10
 
   SCF   Iteration =           16
   Final Energy    =   -20.7111317590284     
 
 
  CHISQ    =   0.0010598750
 
  Poisson It,Dist =           53  9.973621550513142E-005
  HFEX  =   -1.97728911316385     
 
  Number of OEP Cycles    =  346
  Total OEP Energy (a.u.) =    -16.8814880
  Delta E          (a.u.) =     -0.0000053
  Norm of delta Veff =   1.682423227588796E-005
 
 Initializing start point of RANFQ
 
  18848 points have been accepted
 out of 102400 trials.
 
  ---- Orbital EigenValues ---- 
 Alpha   A1      -1.199440   -0.752787   -0.614328   -0.540485
virtual  A1 V    -0.217994   -0.144647   -0.108002   -0.105876   -0.077215
         A2 V    -0.042893   -0.075311   -0.060446   -0.059205   -0.054375
         A3 V    -0.051010   -0.005017   -0.022805   -0.010522   -0.005019
         A4 V    -0.005408   -0.011341   -0.023505
  ---- Residuals of Orbitals --- 
 Alpha          0.5018E-11  0.1318E-14  0.1866E-11  0.1182E-11
virtual         0.2371E-11  0.1465E-09  0.1642E-09  0.7560E-12  0.7018E-10
                0.1362E-08  0.2503E-10  0.5940E-11  0.2026E-13  0.2243E-13
                0.1430E-09  0.5581E-09  0.2622E-09  0.4016E-10  0.7778E-10
                0.2964E-12  0.4179E-09  0.5233E-11
 
   SCF   Iteration =           16
   Final Energy    =   -20.7107611352840     
 
 
  CHISQ    =   0.0010710551
 
  Poisson It,Dist =           35  9.821472002019949E-005
  HFEX  =   -1.97726853109754     
 
  Number of OEP Cycles    =  347
  Total OEP Energy (a.u.) =    -16.8814788
  Delta E          (a.u.) =      0.0000092
  Norm of delta Veff =   1.674250208128623E-005
 
 Initializing start point of RANFQ
 
  18970 points have been accepted
 out of 102400 trials.
 
  ---- Orbital EigenValues ---- 
 Alpha   A1      -1.199425   -0.752775   -0.614320   -0.540476
virtual  A1 V    -0.217992   -0.144645   -0.108002   -0.105876   -0.077214
         A2 V    -0.042892   -0.075311   -0.060446   -0.059205   -0.054375
         A3 V    -0.051010   -0.005017   -0.022805   -0.010522   -0.005019
         A4 V    -0.005408   -0.011341   -0.023505
  ---- Residuals of Orbitals --- 
 Alpha          0.4695E-11  0.2753E-12  0.1456E-12  0.3349E-13
virtual         0.2730E-12  0.1058E-08  0.2505E-09  0.4489E-12  0.1888E-10
                0.5049E-10  0.7567E-09  0.2266E-11  0.7404E-14  0.1083E-11
                0.1322E-11  0.1854E-10  0.1024E-09  0.5344E-12  0.3435E-10
                0.4652E-13  0.5517E-11  0.2974E-11
 
   SCF   Iteration =           14
   Final Energy    =   -20.7104439678817     
 
 
  CHISQ    =   0.0010932324
 
  Poisson It,Dist =           44  9.590696308639985E-005
  HFEX  =   -1.97724901371551     
 
  Number of OEP Cycles    =  348
  Total OEP Energy (a.u.) =    -16.8814842
  Delta E          (a.u.) =     -0.0000054
  Norm of delta Veff =   1.666443876145461E-005
 
 Initializing start point of RANFQ
 
  18938 points have been accepted
 out of 102400 trials.
 
  ---- Orbital EigenValues ---- 
 Alpha   A1      -1.199410   -0.752763   -0.614312   -0.540468
virtual  A1 V    -0.217989   -0.144643   -0.108001   -0.105875   -0.077214
         A2 V    -0.042891   -0.075311   -0.060446   -0.059205   -0.054375
         A3 V    -0.051010   -0.005017   -0.022805   -0.010523   -0.005019
         A4 V    -0.005408   -0.011341   -0.023505
  ---- Residuals of Orbitals --- 
 Alpha          0.1248E-12  0.1156E-11  0.1579E-13  0.4940E-13
virtual         0.9848E-09  0.2613E-10  0.6899E-12  0.1119E-11  0.2285E-11
                0.1778E-09  0.4584E-11  0.9334E-12  0.3142E-13  0.1534E-12
                0.1571E-08  0.5549E-10  0.6048E-10  0.5537E-12  0.1517E-09
                0.1707E-12  0.7415E-12  0.1520E-10
 
   SCF   Iteration =           13
   Final Energy    =   -20.7101239037959     
 
 
  CHISQ    =   0.0010745788
 
  Poisson It,Dist =           45  9.444571384708295E-005
  HFEX  =   -1.97722625172403     
 
  Number of OEP Cycles    =  349
  Total OEP Energy (a.u.) =    -16.8814826
  Delta E          (a.u.) =      0.0000016
  Norm of delta Veff =   1.656888223706269E-005
 
 Initializing start point of RANFQ
 
  18815 points have been accepted
 out of 102400 trials.
 
  ---- Orbital EigenValues ---- 
 Alpha   A1      -1.199395   -0.752751   -0.614304   -0.540461
virtual  A1 V    -0.217987   -0.144641   -0.108001   -0.105875   -0.077213
         A2 V    -0.042891   -0.075311   -0.060446   -0.059205   -0.054375
         A3 V    -0.051010   -0.005017   -0.022805   -0.010523   -0.005019
         A4 V    -0.005408   -0.011341   -0.023505
  ---- Residuals of Orbitals --- 
 Alpha          0.1520E-11  0.2511E-11  0.6529E-12  0.4581E-12
virtual         0.4911E-13  0.4593E-10  0.3012E-12  0.6582E-11  0.2671E-10
                0.4511E-12  0.5466E-10  0.8857E-12  0.1873E-12  0.4184E-12
                0.1309E-09  0.1553E-10  0.1709E-09  0.6086E-12  0.8770E-11
                0.2067E-11  0.1810E-11  0.2921E-11
 
   SCF   Iteration =           13
   Final Energy    =   -20.7097739773890     
 
 
  CHISQ    =   0.0010601348
 
  Poisson It,Dist =           50  9.905392786365675E-005
  HFEX  =   -1.97720348686852     
 
  Number of OEP Cycles    =  350
  Total OEP Energy (a.u.) =    -16.8814841
  Delta E          (a.u.) =     -0.0000016
  Norm of delta Veff =   1.647117028976509E-005
 
 Initializing start point of RANFQ
 
  18968 points have been accepted
 out of 102400 trials.
 
  ---- Orbital EigenValues ---- 
 Alpha   A1      -1.199380   -0.752739   -0.614296   -0.540453
virtual  A1 V    -0.217984   -0.144638   -0.108000   -0.105875   -0.077213
         A2 V    -0.042890   -0.075311   -0.060446   -0.059205   -0.054375
         A3 V    -0.051010   -0.005017   -0.022804   -0.010523   -0.005019
         A4 V    -0.005408   -0.011341   -0.023505
  ---- Residuals of Orbitals --- 
 Alpha          0.5166E-14  0.2306E-12  0.9163E-12  0.3556E-12
virtual         0.5705E-12  0.1224E-09  0.1510E-12  0.1387E-07  0.4688E-11
                0.1298E-10  0.2278E-10  0.2492E-11  0.4532E-12  0.1699E-11
                0.1770E-10  0.1470E-09  0.6777E-08  0.5827E-12  0.1257E-10
                0.1279E-11  0.1100E-12  0.5573E-11
 
   SCF   Iteration =           15
   Final Energy    =   -20.7094187815193     
 
 
  CHISQ    =   0.0010682200
 
  Poisson It,Dist =           63  9.962666068329149E-005
  HFEX  =   -1.97718142557210     
 
  Number of OEP Cycles    =  351
  Total OEP Energy (a.u.) =    -16.8814896
  Delta E          (a.u.) =     -0.0000054
  Norm of delta Veff =   1.637701422620176E-005
 
 Initializing start point of RANFQ
 
  18792 points have been accepted
 out of 102400 trials.
 
  ---- Orbital EigenValues ---- 
 Alpha   A1      -1.199365   -0.752728   -0.614289   -0.540445
virtual  A1 V    -0.217982   -0.144636   -0.108000   -0.105874   -0.077213
         A2 V    -0.042889   -0.075311   -0.060446   -0.059205   -0.054375
         A3 V    -0.051010   -0.005017   -0.022804   -0.010523   -0.005019
         A4 V    -0.005408   -0.011341   -0.023504
  ---- Residuals of Orbitals --- 
 Alpha          0.5065E-12  0.1246E-10  0.7989E-12  0.4501E-11
virtual         0.3145E-11  0.7117E-11  0.9139E-13  0.1919E-10  0.5404E-11
                0.1524E-10  0.3404E-10  0.9980E-12  0.5397E-12  0.2026E-12
                0.2594E-10  0.1880E-10  0.2047E-10  0.5854E-12  0.2639E-08
                0.2965E-12  0.6925E-11  0.1255E-09
 
   SCF   Iteration =           13
   Final Energy    =   -20.7090703619132     
 
 
  CHISQ    =   0.0010592964
 
  Poisson It,Dist =           70  9.940632652435933E-005
  HFEX  =   -1.97716296268280     
 
  Number of OEP Cycles    =  352
  Total OEP Energy (a.u.) =    -16.8814895
  Delta E          (a.u.) =      0.0000001
  Norm of delta Veff =   1.630258481658855E-005
 
 Initializing start point of RANFQ
 
  18774 points have been accepted
 out of 102400 trials.
 
  ---- Orbital EigenValues ---- 
 Alpha   A1      -1.199351   -0.752716   -0.614281   -0.540437
virtual  A1 V    -0.217979   -0.144634   -0.108000   -0.105874   -0.077212
         A2 V    -0.042889   -0.075312   -0.060446   -0.059205   -0.054375
         A3 V    -0.051010   -0.005017   -0.022804   -0.010523   -0.005019
         A4 V    -0.005408   -0.011341   -0.023504
  ---- Residuals of Orbitals --- 
 Alpha          0.2733E-10  0.3095E-11  0.1371E-12  0.1905E-11
virtual         0.1199E-10  0.1016E-09  0.5211E-10  0.7341E-10  0.2379E-11
                0.4764E-10  0.7121E-11  0.6483E-12  0.4073E-13  0.2330E-13
                0.5024E-10  0.1840E-10  0.2561E-10  0.5868E-12  0.2312E-09
                0.1294E-11  0.3475E-12  0.8501E-10
 
   SCF   Iteration =           13
   Final Energy    =   -20.7087717869910     
 
 
  CHISQ    =   0.0010488037
 
  Poisson It,Dist =           41  9.688197420601673E-005
  HFEX  =   -1.97714258082533     
 
  Number of OEP Cycles    =  353
  Total OEP Energy (a.u.) =    -16.8814845
  Delta E          (a.u.) =      0.0000050
  Norm of delta Veff =   1.621943009172561E-005
 
 Initializing start point of RANFQ
 
  18799 points have been accepted
 out of 102400 trials.
 
  ---- Orbital EigenValues ---- 
 Alpha   A1      -1.199336   -0.752704   -0.614273   -0.540430
virtual  A1 V    -0.217977   -0.144632   -0.107999   -0.105874   -0.077212
         A2 V    -0.042888   -0.075312   -0.060446   -0.059205   -0.054375
         A3 V    -0.051010   -0.005017   -0.022804   -0.010523   -0.005019
         A4 V    -0.005408   -0.011341   -0.023504
  ---- Residuals of Orbitals --- 
 Alpha          0.3347E-11  0.1030E-11  0.4283E-11  0.8150E-12
virtual         0.2880E-11  0.4115E-11  0.3620E-11  0.1226E-09  0.1028E-09
                0.2999E-10  0.1121E-11  0.4845E-11  0.1866E-12  0.3774E-13
                0.1935E-10  0.2308E-09  0.8457E-10  0.5777E-12  0.8592E-11
                0.4427E-12  0.8677E-12  0.1003E-08
 
   SCF   Iteration =           13
   Final Energy    =   -20.7084542897750     
 
 
  CHISQ    =   0.0010938825
 
  Poisson It,Dist =           48  9.644615418736057E-005
  HFEX  =   -1.97712086413474     
 
  Number of OEP Cycles    =  354
  Total OEP Energy (a.u.) =    -16.8814857
  Delta E          (a.u.) =     -0.0000011
  Norm of delta Veff =   1.613148225931618E-005
 
 Initializing start point of RANFQ
 
  18874 points have been accepted
 out of 102400 trials.
 
  ---- Orbital EigenValues ---- 
 Alpha   A1      -1.199322   -0.752693   -0.614266   -0.540422
virtual  A1 V    -0.217974   -0.144630   -0.107999   -0.105873   -0.077211
         A2 V    -0.042888   -0.075312   -0.060446   -0.059205   -0.054375
         A3 V    -0.051010   -0.005017   -0.022803   -0.010524   -0.005019
         A4 V    -0.005408   -0.011341   -0.023504
  ---- Residuals of Orbitals --- 
 Alpha          0.4492E-11  0.3257E-11  0.6902E-15  0.2915E-11
virtual         0.1990E-11  0.3532E-11  0.1510E-11  0.4297E-11  0.4407E-12
                0.2796E-10  0.5046E-12  0.1653E-11  0.9960E-14  0.2088E-12
                0.1230E-09  0.6083E-10  0.2114E-08  0.6119E-12  0.2865E-10
                0.6199E-12  0.5102E-11  0.3228E-11
 
   SCF   Iteration =           14
   Final Energy    =   -20.7081183858466     
 
 
  CHISQ    =   0.0010749925
 
  Poisson It,Dist =           39  9.958178595023805E-005
  HFEX  =   -1.97710205272063     
 
  Number of OEP Cycles    =  355
  Total OEP Energy (a.u.) =    -16.8814788
  Delta E          (a.u.) =      0.0000069
  Norm of delta Veff =   1.605688873356651E-005
 
 Initializing start point of RANFQ
 
  19034 points have been accepted
 out of 102400 trials.
 
  ---- Orbital EigenValues ---- 
 Alpha   A1      -1.199307   -0.752681   -0.614258   -0.540415
virtual  A1 V    -0.217972   -0.144628   -0.107999   -0.105873   -0.077211
         A2 V    -0.042887   -0.075312   -0.060445   -0.059206   -0.054375
         A3 V    -0.051010   -0.005017   -0.022803   -0.010524   -0.005019
         A4 V    -0.005408   -0.011341   -0.023504
  ---- Residuals of Orbitals --- 
 Alpha          0.4641E-13  0.4473E-13  0.4541E-13  0.1966E-11
virtual         0.4142E-11  0.4390E-10  0.4544E-12  0.1060E-11  0.8149E-11
                0.5580E-09  0.2490E-12  0.2521E-12  0.4193E-14  0.1812E-13
                0.3904E-11  0.8424E-08  0.9327E-10  0.5827E-12  0.1250E-08
                0.7758E-13  0.2980E-09  0.4302E-11
 
   SCF   Iteration =           17
   Final Energy    =   -20.7078234970131     
 
 
  CHISQ    =   0.0010764994
 
  Poisson It,Dist =           50  9.979010193993766E-005
  HFEX  =   -1.97707335521740     
 
  Number of OEP Cycles    =  356
  Total OEP Energy (a.u.) =    -16.8814806
  Delta E          (a.u.) =     -0.0000018
  Norm of delta Veff =   1.593251357406679E-005
 
 Initializing start point of RANFQ
 
  18771 points have been accepted
 out of 102400 trials.
 
  ---- Orbital EigenValues ---- 
 Alpha   A1      -1.199293   -0.752670   -0.614251   -0.540407
virtual  A1 V    -0.217969   -0.144626   -0.107998   -0.105873   -0.077211
         A2 V    -0.042886   -0.075312   -0.060445   -0.059206   -0.054375
         A3 V    -0.051010   -0.005017   -0.022803   -0.010524   -0.005019
         A4 V    -0.005408   -0.011341   -0.023503
  ---- Residuals of Orbitals --- 
 Alpha          0.1072E-11  0.1498E-12  0.1520E-15  0.4892E-14
virtual         0.9099E-11  0.1092E-10  0.6106E-11  0.2487E-10  0.4561E-12
                0.8703E-11  0.7904E-11  0.2252E-12  0.5685E-13  0.7849E-12
                0.7334E-11  0.2239E-10  0.3984E-09  0.5418E-12  0.8755E-11
                0.3936E-11  0.2317E-12  0.2803E-10
 
   SCF   Iteration =           16
   Final Energy    =   -20.7074030505048     
 
 
  CHISQ    =   0.0010915966
 
  Poisson It,Dist =           50  9.813651017112157E-005
  HFEX  =   -1.97705538581834     
 
  Number of OEP Cycles    =  357
  Total OEP Energy (a.u.) =    -16.8814844
  Delta E          (a.u.) =     -0.0000038
  Norm of delta Veff =   1.585506620073942E-005
 
 Initializing start point of RANFQ
 
  18862 points have been accepted
 out of 102400 trials.
 
  ---- Orbital EigenValues ---- 
 Alpha   A1      -1.199279   -0.752658   -0.614243   -0.540400
virtual  A1 V    -0.217967   -0.144624   -0.107998   -0.105872   -0.077210
         A2 V    -0.042886   -0.075312   -0.060445   -0.059206   -0.054375
         A3 V    -0.051010   -0.005017   -0.022803   -0.010524   -0.005019
         A4 V    -0.005408   -0.011341   -0.023503
  ---- Residuals of Orbitals --- 
 Alpha          0.2815E-12  0.9395E-13  0.3375E-15  0.1891E-11
virtual         0.1604E-10  0.2091E-09  0.6823E-11  0.3677E-10  0.4954E-10
                0.1321E-09  0.2937E-11  0.2098E-11  0.5448E-12  0.1074E-13
                0.6183E-11  0.2285E-10  0.3087E-10  0.5420E-12  0.1246E-10
                0.6207E-14  0.4702E-12  0.6127E-10
 
   SCF   Iteration =           12
   Final Energy    =   -20.7071062767575     
 
 
  CHISQ    =   0.0010889978
 
  Poisson It,Dist =           28  9.388302240628376E-005
  HFEX  =   -1.97703973538167     
 
  Number of OEP Cycles    =  358
  Total OEP Energy (a.u.) =    -16.8814725
  Delta E          (a.u.) =      0.0000119
  Norm of delta Veff =   1.579635955427587E-005
 
 Initializing start point of RANFQ
 
  18876 points have been accepted
 out of 102400 trials.
 
  ---- Orbital EigenValues ---- 
 Alpha   A1      -1.199265   -0.752647   -0.614236   -0.540393
virtual  A1 V    -0.217964   -0.144622   -0.107997   -0.105872   -0.077210
         A2 V    -0.042885   -0.075312   -0.060445   -0.059206   -0.054375
         A3 V    -0.051010   -0.005017   -0.022803   -0.010524   -0.005019
         A4 V    -0.005408   -0.011341   -0.023503
  ---- Residuals of Orbitals --- 
 Alpha          0.2052E-13  0.1677E-12  0.6046E-16  0.1997E-13
virtual         0.4715E-11  0.1019E-10  0.5926E-13  0.2176E-11  0.1369E-11
                0.1604E-09  0.2840E-10  0.1356E-12  0.3480E-13  0.1384E-13
                0.6439E-11  0.1484E-09  0.2212E-10  0.5365E-12  0.1444E-10
                0.3746E-13  0.8451E-11  0.3189E-11
 
   SCF   Iteration =           18
   Final Energy    =   -20.7068554327012     
 
 
  CHISQ    =   0.0010419762
 
  Poisson It,Dist =           81  9.932616226965543E-005
  HFEX  =   -1.97701283263067     
 
  Number of OEP Cycles    =  359
  Total OEP Energy (a.u.) =    -16.8814857
  Delta E          (a.u.) =     -0.0000132
  Norm of delta Veff =   1.568415643923041E-005
 
 Initializing start point of RANFQ
 
  19028 points have been accepted
 out of 102400 trials.
 
  ---- Orbital EigenValues ---- 
 Alpha   A1      -1.199251   -0.752636   -0.614229   -0.540386
virtual  A1 V    -0.217962   -0.144620   -0.107997   -0.105872   -0.077210
         A2 V    -0.042884   -0.075313   -0.060445   -0.059206   -0.054375
         A3 V    -0.051010   -0.005017   -0.022802   -0.010524   -0.005019
         A4 V    -0.005408   -0.011341   -0.023503
  ---- Residuals of Orbitals --- 
 Alpha          0.3692E-13  0.2468E-11  0.3928E-14  0.4957E-11
virtual         0.1957E-09  0.5394E-10  0.7945E-13  0.1851E-12  0.1279E-11
                0.2807E-11  0.6383E-10  0.3449E-12  0.5920E-13  0.1528E-13
                0.2514E-11  0.1492E-09  0.5977E-10  0.5287E-12  0.4281E-10
                0.5339E-13  0.9918E-13  0.1267E-09
 
   SCF   Iteration =           12
   Final Energy    =   -20.7064507601625     
 
 
  CHISQ    =   0.0010830626
 
  Poisson It,Dist =           33  9.869945743268534E-005
  HFEX  =   -1.97699674266756     
 
  Number of OEP Cycles    =  360
  Total OEP Energy (a.u.) =    -16.8814788
  Delta E          (a.u.) =      0.0000069
  Norm of delta Veff =   1.561931110677276E-005
 
 Initializing start point of RANFQ
 
  18965 points have been accepted
 out of 102400 trials.
 
  ---- Orbital EigenValues ---- 
 Alpha   A1      -1.199237   -0.752624   -0.614222   -0.540379
virtual  A1 V    -0.217960   -0.144618   -0.107997   -0.105871   -0.077209
         A2 V    -0.042884   -0.075313   -0.060445   -0.059206   -0.054375
         A3 V    -0.051010   -0.005017   -0.022802   -0.010524   -0.005019
         A4 V    -0.005408   -0.011341   -0.023503
  ---- Residuals of Orbitals --- 
 Alpha          0.3722E-11  0.9969E-11  0.2397E-11  0.4039E-12
virtual         0.3408E-12  0.9166E-10  0.9927E-13  0.6765E-12  0.1576E-11
                0.4333E-10  0.7703E-10  0.1268E-12  0.1348E-12  0.5748E-13
                0.6599E-11  0.2378E-10  0.1335E-08  0.1499E-12  0.1278E-10
                0.1248E-11  0.4327E-08  0.5704E-10
 
   SCF   Iteration =           16
   Final Energy    =   -20.7061895493978     
 
 
  CHISQ    =   0.0010812200
 
  Poisson It,Dist =           44  9.745065967586177E-005
  HFEX  =   -1.97697728622073     
 
  Number of OEP Cycles    =  361
  Total OEP Energy (a.u.) =    -16.8814784
  Delta E          (a.u.) =      0.0000004
  Norm of delta Veff =   1.553832467248668E-005
 
 Initializing start point of RANFQ
 
  18817 points have been accepted
 out of 102400 trials.
 
  ---- Orbital EigenValues ---- 
 Alpha   A1      -1.199223   -0.752613   -0.614215   -0.540372
virtual  A1 V    -0.217957   -0.144616   -0.107996   -0.105871   -0.077209
         A2 V    -0.042883   -0.075313   -0.060445   -0.059206   -0.054375
         A3 V    -0.051010   -0.005017   -0.022802   -0.010524   -0.005019
         A4 V    -0.005408   -0.011341   -0.023502
  ---- Residuals of Orbitals --- 
 Alpha          0.5415E-11  0.2070E-12  0.1540E-11  0.2151E-13
virtual         0.2055E-12  0.3062E-10  0.4493E-11  0.1012E-12  0.4153E-11
                0.1269E-09  0.1203E-11  0.2414E-12  0.4462E-13  0.2002E-12
                0.4339E-10  0.2636E-09  0.1525E-09  0.1103E-12  0.1060E-08
                0.1879E-12  0.2136E-11  0.4654E-10
 
   SCF   Iteration =           13
   Final Energy    =   -20.7058836477440     
 
 
  CHISQ    =   0.0010760982
 
  Poisson It,Dist =           31  9.882160531338701E-005
  HFEX  =   -1.97696293479951     
 
  Number of OEP Cycles    =  362
  Total OEP Energy (a.u.) =    -16.8814734
  Delta E          (a.u.) =      0.0000050
  Norm of delta Veff =   1.548084182402223E-005
 
 Initializing start point of RANFQ
 
  18938 points have been accepted
 out of 102400 trials.
 
  ---- Orbital EigenValues ---- 
 Alpha   A1      -1.199210   -0.752602   -0.614208   -0.540365
virtual  A1 V    -0.217955   -0.144614   -0.107996   -0.105871   -0.077209
         A2 V    -0.042883   -0.075313   -0.060445   -0.059206   -0.054375
         A3 V    -0.051010   -0.005017   -0.022802   -0.010525   -0.005019
         A4 V    -0.005408   -0.011341   -0.023502
  ---- Residuals of Orbitals --- 
 Alpha          0.1621E-11  0.6816E-11  0.2137E-11  0.6382E-13
virtual         0.3214E-12  0.4578E-11  0.8496E-13  0.1061E-12  0.6620E-13
                0.3559E-10  0.3731E-10  0.4379E-11  0.2479E-13  0.3238E-11
                0.1503E-11  0.9418E-10  0.5378E-10  0.8545E-12  0.1293E-09
                0.2897E-14  0.5317E-12  0.1790E-09
 
   SCF   Iteration =           15
   Final Energy    =   -20.7056400262897     
 
 
  CHISQ    =   0.0010907275
 
  Poisson It,Dist =           45  9.760902646514965E-005
  HFEX  =   -1.97693859647969     
 
  Number of OEP Cycles    =  363
  Total OEP Energy (a.u.) =    -16.8814759
  Delta E          (a.u.) =     -0.0000025
  Norm of delta Veff =   1.537950724388216E-005
 
 Initializing start point of RANFQ
 
  18756 points have been accepted
 out of 102400 trials.
 
  ---- Orbital EigenValues ---- 
 Alpha   A1      -1.199196   -0.752591   -0.614201   -0.540358
virtual  A1 V    -0.217953   -0.144612   -0.107996   -0.105870   -0.077208
         A2 V    -0.042882   -0.075313   -0.060445   -0.059206   -0.054375
         A3 V    -0.051010   -0.005017   -0.022801   -0.010525   -0.005019
         A4 V    -0.005408   -0.011341   -0.023502
  ---- Residuals of Orbitals --- 
 Alpha          0.1144E-11  0.1109E-12  0.7314E-11  0.9578E-13
virtual         0.1372E-11  0.2375E-10  0.4635E-11  0.2090E-12  0.4083E-08
                0.1166E-11  0.1174E-08  0.1385E-10  0.1028E-13  0.5500E-12
                0.3223E-12  0.1692E-09  0.7300E-11  0.2530E-11  0.5196E-10
                0.2863E-12  0.8639E-10  0.6130E-11
 
   SCF   Iteration =           16
   Final Energy    =   -20.7052765549643     
 
 
  CHISQ    =   0.0010850678
 
  Poisson It,Dist =           50  9.399457136006806E-005
  HFEX  =   -1.97691709325606     
 
  Number of OEP Cycles    =  364
  Total OEP Energy (a.u.) =    -16.8814785
  Delta E          (a.u.) =     -0.0000025
  Norm of delta Veff =   1.528770527217238E-005
 
 Initializing start point of RANFQ
 
  19058 points have been accepted
 out of 102400 trials.
 
  ---- Orbital EigenValues ---- 
 Alpha   A1      -1.199183   -0.752580   -0.614194   -0.540351
virtual  A1 V    -0.217950   -0.144610   -0.107995   -0.105870   -0.077208
         A2 V    -0.042881   -0.075313   -0.060445   -0.059206   -0.054375
         A3 V    -0.051010   -0.005017   -0.022801   -0.010525   -0.005019
         A4 V    -0.005408   -0.011341   -0.023502
  ---- Residuals of Orbitals --- 
 Alpha          0.9493E-11  0.2874E-11  0.4177E-13  0.1314E-11
virtual         0.2583E-12  0.6134E-10  0.4872E-12  0.7290E-12  0.2166E-12
                0.1339E-09  0.6015E-11  0.1559E-12  0.3798E-14  0.1830E-12
                0.8039E-13  0.9536E-10  0.1849E-10  0.1639E-12  0.1256E-10
                0.2449E-14  0.7222E-12  0.4920E-09
 
   SCF   Iteration =           14
   Final Energy    =   -20.7049452259564     
 
 
  CHISQ    =   0.0010921782
 
  Poisson It,Dist =           44  9.717223263982336E-005
  HFEX  =   -1.97689972325563     
 
  Number of OEP Cycles    =  365
  Total OEP Energy (a.u.) =    -16.8814782
  Delta E          (a.u.) =      0.0000002
  Norm of delta Veff =   1.522197647666219E-005
 
 Initializing start point of RANFQ
 
  19047 points have been accepted
 out of 102400 trials.
 
  ---- Orbital EigenValues ---- 
 Alpha   A1      -1.199169   -0.752569   -0.614187   -0.540344
virtual  A1 V    -0.217948   -0.144608   -0.107995   -0.105870   -0.077208
         A2 V    -0.042881   -0.075314   -0.060445   -0.059206   -0.054375
         A3 V    -0.051010   -0.005017   -0.022801   -0.010525   -0.005019
         A4 V    -0.005408   -0.011341   -0.023502
  ---- Residuals of Orbitals --- 
 Alpha          0.2119E-11  0.6067E-11  0.5884E-16  0.3545E-12
virtual         0.1671E-11  0.6784E-10  0.3713E-10  0.1027E-11  0.4979E-12
                0.2118E-09  0.8385E-11  0.7231E-13  0.1287E-11  0.4498E-13
                0.9153E-13  0.1524E-10  0.4601E-08  0.2740E-12  0.9734E-11
                0.2977E-14  0.1978E-11  0.2439E-10
 
   SCF   Iteration =           14
   Final Energy    =   -20.7046681663144     
 
 
  CHISQ    =   0.0010759075
 
  Poisson It,Dist =           51  9.733857828502374E-005
  HFEX  =   -1.97688055819946     
 
  Number of OEP Cycles    =  366
  Total OEP Energy (a.u.) =    -16.8814761
  Delta E          (a.u.) =      0.0000021
  Norm of delta Veff =   1.513940711967868E-005
 
 Initializing start point of RANFQ
 
  18868 points have been accepted
 out of 102400 trials.
 
  ---- Orbital EigenValues ---- 
 Alpha   A1      -1.199156   -0.752559   -0.614180   -0.540338
virtual  A1 V    -0.217946   -0.144606   -0.107995   -0.105870   -0.077207
         A2 V    -0.042880   -0.075314   -0.060445   -0.059206   -0.054375
         A3 V    -0.051010   -0.005017   -0.022801   -0.010525   -0.005019
         A4 V    -0.005408   -0.011341   -0.023502
  ---- Residuals of Orbitals --- 
 Alpha          0.9031E-11  0.5048E-11  0.1826E-14  0.6769E-11
virtual         0.3516E-10  0.2147E-11  0.3869E-10  0.3040E-10  0.3899E-12
                0.5343E-11  0.2559E-10  0.2119E-11  0.5496E-13  0.2060E-11
                0.1199E-11  0.3278E-10  0.4672E-10  0.1093E-12  0.2699E-10
                0.1840E-13  0.4660E-12  0.2135E-10
 
   SCF   Iteration =           13
   Final Energy    =   -20.7043655304585     
 
 
  CHISQ    =   0.0010719956
 
  Poisson It,Dist =           38  9.938945665927060E-005
  HFEX  =   -1.97686570022249     
 
  Number of OEP Cycles    =  367
  Total OEP Energy (a.u.) =    -16.8814754
  Delta E          (a.u.) =      0.0000007
  Norm of delta Veff =   1.507935872841494E-005
 
 Initializing start point of RANFQ
 
  18924 points have been accepted
 out of 102400 trials.
 
  ---- Orbital EigenValues ---- 
 Alpha   A1      -1.199142   -0.752548   -0.614174   -0.540331
virtual  A1 V    -0.217944   -0.144604   -0.107994   -0.105869   -0.077207
         A2 V    -0.042880   -0.075314   -0.060445   -0.059206   -0.054375
         A3 V    -0.051010   -0.005017   -0.022801   -0.010525   -0.005019
         A4 V    -0.005408   -0.011341   -0.023501
  ---- Residuals of Orbitals --- 
 Alpha          0.2640E-13  0.1638E-13  0.3389E-12  0.1475E-11
virtual         0.1123E-09  0.2295E-10  0.2850E-10  0.1085E-11  0.4313E-09
                0.1873E-09  0.9575E-12  0.4155E-11  0.1146E-12  0.4270E-11
                0.2414E-12  0.1724E-10  0.7413E-11  0.1460E-12  0.5128E-09
                0.3245E-14  0.4174E-12  0.6410E-10
 
   SCF   Iteration =           15
   Final Energy    =   -20.7041178938237     
 
 
  CHISQ    =   0.0010844530
 
  Poisson It,Dist =           45  9.797504356244725E-005
  HFEX  =   -1.97684247719227     
 
  Number of OEP Cycles    =  368
  Total OEP Energy (a.u.) =    -16.8814750
  Delta E          (a.u.) =      0.0000004
  Norm of delta Veff =   1.498660524201290E-005
 
 Initializing start point of RANFQ
 
  18671 points have been accepted
 out of 102400 trials.
 
  ---- Orbital EigenValues ---- 
 Alpha   A1      -1.199129   -0.752537   -0.614167   -0.540325
virtual  A1 V    -0.217941   -0.144602   -0.107994   -0.105869   -0.077207
         A2 V    -0.042879   -0.075314   -0.060445   -0.059206   -0.054375
         A3 V    -0.051010   -0.005017   -0.022800   -0.010525   -0.005019
         A4 V    -0.005408   -0.011341   -0.023501
  ---- Residuals of Orbitals --- 
 Alpha          0.1034E-12  0.5632E-13  0.4745E-11  0.1411E-11
virtual         0.5516E-11  0.1603E-11  0.1944E-12  0.6730E-11  0.1887E-10
                0.3393E-11  0.2071E-11  0.3318E-11  0.7687E-14  0.9554E-13
                0.6672E-11  0.1194E-08  0.2562E-10  0.6819E-12  0.3734E-10
                0.3782E-12  0.3837E-12  0.3371E-10
 
   SCF   Iteration =           14
   Final Energy    =   -20.7037754221302     
 
 
  CHISQ    =   0.0010910158
 
  Poisson It,Dist =           75  9.724420323002013E-005
  HFEX  =   -1.97682418957613     
 
  Number of OEP Cycles    =  369
  Total OEP Energy (a.u.) =    -16.8814826
  Delta E          (a.u.) =     -0.0000076
  Norm of delta Veff =   1.490680935980268E-005
 
 Initializing start point of RANFQ
 
  18826 points have been accepted
 out of 102400 trials.
 
  ---- Orbital EigenValues ---- 
 Alpha   A1      -1.199116   -0.752527   -0.614160   -0.540318
virtual  A1 V    -0.217939   -0.144600   -0.107994   -0.105869   -0.077206
         A2 V    -0.042878   -0.075314   -0.060445   -0.059206   -0.054375
         A3 V    -0.051010   -0.005017   -0.022800   -0.010526   -0.005019
         A4 V    -0.005408   -0.011341   -0.023501
  ---- Residuals of Orbitals --- 
 Alpha          0.3349E-11  0.2146E-10  0.6396E-12  0.6949E-13
virtual         0.1454E-10  0.6621E-09  0.4304E-11  0.7975E-13  0.1652E-11
                0.4464E-11  0.6056E-12  0.2488E-12  0.7917E-14  0.5716E-13
                0.4767E-12  0.1103E-09  0.1395E-10  0.1558E-12  0.8817E-11
                0.6252E-13  0.3580E-12  0.1163E-09
 
   SCF   Iteration =           14
   Final Energy    =   -20.7034767565926     
 
 
  CHISQ    =   0.0010879084
 
  Poisson It,Dist =           39  9.915038048887249E-005
  HFEX  =   -1.97680306485025     
 
  Number of OEP Cycles    =  370
  Total OEP Energy (a.u.) =    -16.8814759
  Delta E          (a.u.) =      0.0000066
  Norm of delta Veff =   1.482192438525910E-005
 
 Initializing start point of RANFQ
 
  18818 points have been accepted
 out of 102400 trials.
 
  ---- Orbital EigenValues ---- 
 Alpha   A1      -1.199103   -0.752516   -0.614154   -0.540312
virtual  A1 V    -0.217937   -0.144598   -0.107993   -0.105869   -0.077206
         A2 V    -0.042878   -0.075314   -0.060444   -0.059206   -0.054375
         A3 V    -0.051010   -0.005017   -0.022800   -0.010526   -0.005019
         A4 V    -0.005408   -0.011341   -0.023501
  ---- Residuals of Orbitals --- 
 Alpha          0.6544E-11  0.1666E-11  0.9175E-13  0.5429E-12
virtual         0.7707E-12  0.3609E-10  0.4915E-11  0.9143E-13  0.8604E-09
                0.8245E-11  0.2680E-12  0.2187E-12  0.2094E-12  0.6921E-12
                0.2501E-11  0.1510E-10  0.2416E-10  0.1190E-12  0.8194E-09
                0.1106E-12  0.3432E-12  0.3830E-11
 
   SCF   Iteration =           12
   Final Energy    =   -20.7031646627262     
 
 
  CHISQ    =   0.0010593970
 
  Poisson It,Dist =           30  9.721575961860886E-005
  HFEX  =   -1.97678858362526     
 
  Number of OEP Cycles    =  371
  Total OEP Energy (a.u.) =    -16.8814700
  Delta E          (a.u.) =      0.0000059
  Norm of delta Veff =   1.476258896004997E-005
 
 Initializing start point of RANFQ
 
  18764 points have been accepted
 out of 102400 trials.
 
  ---- Orbital EigenValues ---- 
 Alpha   A1      -1.199090   -0.752505   -0.614148   -0.540306
virtual  A1 V    -0.217935   -0.144596   -0.107993   -0.105868   -0.077206
         A2 V    -0.042877   -0.075314   -0.060444   -0.059206   -0.054376
         A3 V    -0.051010   -0.005017   -0.022800   -0.010526   -0.005019
         A4 V    -0.005408   -0.011341   -0.023501
  ---- Residuals of Orbitals --- 
 Alpha          0.1527E-12  0.5804E-11  0.5955E-12  0.1687E-12
virtual         0.1086E-11  0.1400E-11  0.1944E-10  0.7206E-11  0.1657E-10
                0.7297E-11  0.6030E-13  0.7143E-13  0.3262E-12  0.5148E-13
                0.1012E-12  0.2751E-10  0.1354E-09  0.3590E-11  0.2337E-10
                0.4124E-14  0.3174E-12  0.5713E-11
 
   SCF   Iteration =           12
   Final Energy    =   -20.7029251200106     
 
 
  CHISQ    =   0.0010575717
 
  Poisson It,Dist =           47  9.931190935783391E-005
  HFEX  =   -1.97677282476240     
 
  Number of OEP Cycles    =  372
  Total OEP Energy (a.u.) =    -16.8814746
  Delta E          (a.u.) =     -0.0000046
  Norm of delta Veff =   1.469573235966822E-005
 
 Initializing start point of RANFQ
 
  18836 points have been accepted
 out of 102400 trials.
 
  ---- Orbital EigenValues ---- 
 Alpha   A1      -1.199077   -0.752495   -0.614141   -0.540299
virtual  A1 V    -0.217932   -0.144594   -0.107993   -0.105868   -0.077205
         A2 V    -0.042877   -0.075315   -0.060444   -0.059206   -0.054376
         A3 V    -0.051010   -0.005017   -0.022800   -0.010526   -0.005019
         A4 V    -0.005408   -0.011341   -0.023501
  ---- Residuals of Orbitals --- 
 Alpha          0.2940E-11  0.6665E-11  0.2512E-12  0.6475E-12
virtual         0.1155E-11  0.4332E-11  0.2827E-12  0.8099E-12  0.2113E-10
                0.4519E-12  0.3599E-10  0.4335E-12  0.3588E-12  0.1481E-11
                0.2492E-12  0.2437E-10  0.2916E-10  0.1274E-12  0.2822E-10
                0.2167E-12  0.1075E-12  0.3969E-11
 
   SCF   Iteration =           16
   Final Energy    =   -20.7026610410088     
 
 
  CHISQ    =   0.0010584469
 
  Poisson It,Dist =           50  9.880672016545974E-005
  HFEX  =   -1.97675187808178     
 
  Number of OEP Cycles    =  373
  Total OEP Energy (a.u.) =    -16.8814725
  Delta E          (a.u.) =      0.0000021
  Norm of delta Veff =   1.461237903279386E-005
 
 Initializing start point of RANFQ
 
  19026 points have been accepted
 out of 102400 trials.
 
  ---- Orbital EigenValues ---- 
 Alpha   A1      -1.199065   -0.752485   -0.614135   -0.540293
virtual  A1 V    -0.217930   -0.144592   -0.107993   -0.105868   -0.077205
         A2 V    -0.042876   -0.075315   -0.060444   -0.059206   -0.054376
         A3 V    -0.051010   -0.005017   -0.022799   -0.010526   -0.005019
         A4 V    -0.005408   -0.011341   -0.023500
  ---- Residuals of Orbitals --- 
 Alpha          0.6445E-11  0.1708E-12  0.1320E-11  0.2667E-13
virtual         0.7862E-11  0.6726E-09  0.1217E-09  0.2316E-13  0.6660E-10
                0.1666E-09  0.2159E-12  0.2718E-12  0.7606E-14  0.1654E-12
                0.3196E-09  0.1561E-10  0.3764E-10  0.1391E-12  0.5198E-09
                0.4436E-14  0.8918E-13  0.2010E-10
 
   SCF   Iteration =           12
   Final Energy    =   -20.7023476160469     
 
 
  CHISQ    =   0.0011018513
 
  Poisson It,Dist =           39  9.909362936473128E-005
  HFEX  =   -1.97673515863469     
 
  Number of OEP Cycles    =  374
  Total OEP Energy (a.u.) =    -16.8814691
  Delta E          (a.u.) =      0.0000034
  Norm of delta Veff =   1.454254663441221E-005
 
 Initializing start point of RANFQ
 
  18928 points have been accepted
 out of 102400 trials.
 
  ---- Orbital EigenValues ---- 
 Alpha   A1      -1.199052   -0.752474   -0.614129   -0.540287
virtual  A1 V    -0.217928   -0.144591   -0.107992   -0.105867   -0.077205
         A2 V    -0.042876   -0.075315   -0.060444   -0.059206   -0.054376
         A3 V    -0.051010   -0.005017   -0.022799   -0.010526   -0.005019
         A4 V    -0.005408   -0.011341   -0.023500
  ---- Residuals of Orbitals --- 
 Alpha          0.9919E-11  0.2978E-11  0.5371E-11  0.3205E-12
virtual         0.7788E-11  0.2857E-12  0.7182E-11  0.1958E-12  0.2744E-11
                0.9605E-11  0.6215E-11  0.6980E-13  0.9742E-14  0.9137E-13
                0.6971E-11  0.2135E-09  0.2480E-10  0.1367E-12  0.9508E-10
                0.7252E-14  0.7974E-13  0.5234E-08
 
   SCF   Iteration =           12
   Final Energy    =   -20.7020817794071     
 
 
  CHISQ    =   0.0010689501
 
  Poisson It,Dist =           33  9.938564068040189E-005
  HFEX  =   -1.97672063304860     
 
  Number of OEP Cycles    =  375
  Total OEP Energy (a.u.) =    -16.8814682
  Delta E          (a.u.) =      0.0000009
  Norm of delta Veff =   1.448197612559548E-005
 
 Initializing start point of RANFQ
 
  18813 points have been accepted
 out of 102400 trials.
 
  ---- Orbital EigenValues ---- 
 Alpha   A1      -1.199039   -0.752464   -0.614123   -0.540281
virtual  A1 V    -0.217926   -0.144589   -0.107992   -0.105867   -0.077204
         A2 V    -0.042875   -0.075315   -0.060444   -0.059207   -0.054376
         A3 V    -0.051010   -0.005017   -0.022799   -0.010526   -0.005019
         A4 V    -0.005408   -0.011341   -0.023500
  ---- Residuals of Orbitals --- 
 Alpha          0.5213E-14  0.9716E-12  0.2043E-11  0.6737E-12
virtual         0.2010E-10  0.6980E-10  0.4009E-11  0.3521E-13  0.1243E-11
                0.5143E-12  0.1368E-10  0.3440E-12  0.4312E-13  0.7287E-13
                0.3014E-10  0.2791E-10  0.1097E-10  0.3109E-12  0.9158E-11
                0.7191E-14  0.7698E-13  0.6873E-11
 
   SCF   Iteration =           12
   Final Energy    =   -20.7018396219590     
 
 
  CHISQ    =   0.0011017153
 
  Poisson It,Dist =           50  9.879801247810527E-005
  HFEX  =   -1.97669831569258     
 
  Number of OEP Cycles    =  376
  Total OEP Energy (a.u.) =    -16.8814717
  Delta E          (a.u.) =     -0.0000036
  Norm of delta Veff =   1.438796564517141E-005
 
 Initializing start point of RANFQ
 
  18986 points have been accepted
 out of 102400 trials.
 
  ---- Orbital EigenValues ---- 
 Alpha   A1      -1.199027   -0.752454   -0.614116   -0.540275
virtual  A1 V    -0.217924   -0.144587   -0.107992   -0.105867   -0.077204
         A2 V    -0.042875   -0.075315   -0.060444   -0.059207   -0.054376
         A3 V    -0.051010   -0.005017   -0.022799   -0.010526   -0.005019
         A4 V    -0.005408   -0.011341   -0.023500
  ---- Residuals of Orbitals --- 
 Alpha          0.1948E-11  0.2232E-11  0.1076E-12  0.1787E-13
virtual         0.4255E-09  0.1964E-12  0.2873E-10  0.7611E-13  0.2731E-11
                0.1088E-10  0.1248E-09  0.4382E-10  0.8424E-13  0.9876E-11
                0.1517E-11  0.2668E-09  0.8901E-10  0.1532E-10  0.1819E-10
                0.3911E-14  0.1336E-12  0.2429E-10
 
   SCF   Iteration =           14
   Final Energy    =   -20.7015028611335     
 
 
  CHISQ    =   0.0011041435
 
  Poisson It,Dist =           48  9.647154437172468E-005
  HFEX  =   -1.97668218912736     
 
  Number of OEP Cycles    =  377
  Total OEP Energy (a.u.) =    -16.8814767
  Delta E          (a.u.) =     -0.0000049
  Norm of delta Veff =   1.432362671277326E-005
 
 Initializing start point of RANFQ
 
  18715 points have been accepted
 out of 102400 trials.
 
  ---- Orbital EigenValues ---- 
 Alpha   A1      -1.199014   -0.752444   -0.614110   -0.540269
virtual  A1 V    -0.217922   -0.144585   -0.107991   -0.105867   -0.077204
         A2 V    -0.042874   -0.075315   -0.060444   -0.059207   -0.054376
         A3 V    -0.051010   -0.005017   -0.022799   -0.010527   -0.005019
         A4 V    -0.005408   -0.011341   -0.023500
  ---- Residuals of Orbitals --- 
 Alpha          0.1169E-12  0.1230E-13  0.1917E-11  0.7762E-12
virtual         0.1370E-10  0.3937E-11  0.7998E-11  0.3833E-12  0.2846E-10
                0.1985E-11  0.9687E-13  0.2412E-11  0.6592E-12  0.1753E-12
                0.9007E-10  0.2320E-10  0.2007E-10  0.1356E-08  0.2991E-10
                0.3441E-14  0.7649E-14  0.5587E-10
 
   SCF   Iteration =           15
   Final Energy    =   -20.7012430184107     
 
 
  CHISQ    =   0.0010601622
 
  Poisson It,Dist =           29  9.786313982306843E-005
  HFEX  =   -1.97666519453873     
 
  Number of OEP Cycles    =  378
  Total OEP Energy (a.u.) =    -16.8814626
  Delta E          (a.u.) =      0.0000141
  Norm of delta Veff =   1.425727076429439E-005
 
 Initializing start point of RANFQ
 
  18756 points have been accepted
 out of 102400 trials.
 
  ---- Orbital EigenValues ---- 
 Alpha   A1      -1.199002   -0.752433   -0.614104   -0.540263
virtual  A1 V    -0.217920   -0.144583   -0.107991   -0.105867   -0.077203
         A2 V    -0.042873   -0.075315   -0.060444   -0.059207   -0.054376
         A3 V    -0.051010   -0.005017   -0.022798   -0.010527   -0.005019
         A4 V    -0.005408   -0.011341   -0.023500
  ---- Residuals of Orbitals --- 
 Alpha          0.4511E-11  0.1431E-12  0.2286E-10  0.5097E-11
virtual         0.1149E-11  0.1468E-10  0.1322E-11  0.1480E-12  0.5525E-12
                0.1910E-10  0.7895E-12  0.4645E-11  0.1165E-12  0.7813E-13
                0.2925E-12  0.2688E-10  0.9615E-11  0.1717E-11  0.2745E-09
                0.3119E-14  0.1509E-12  0.4558E-11
 
   SCF   Iteration =           12
   Final Energy    =   -20.7009866805524     
 
 
  CHISQ    =   0.0010916088
 
  Poisson It,Dist =           36  9.655438001454576E-005
  HFEX  =   -1.97665022356219     
 
  Number of OEP Cycles    =  379
  Total OEP Energy (a.u.) =    -16.8814675
  Delta E          (a.u.) =     -0.0000049
  Norm of delta Veff =   1.419207665036271E-005
 
 Initializing start point of RANFQ
 
  18730 points have been accepted
 out of 102400 trials.
 
  ---- Orbital EigenValues ---- 
 Alpha   A1      -1.198990   -0.752423   -0.614099   -0.540258
virtual  A1 V    -0.217918   -0.144582   -0.107991   -0.105866   -0.077203
         A2 V    -0.042873   -0.075316   -0.060444   -0.059207   -0.054376
         A3 V    -0.051010   -0.005017   -0.022798   -0.010527   -0.005019
         A4 V    -0.005408   -0.011341   -0.023499
  ---- Residuals of Orbitals --- 
 Alpha          0.3337E-12  0.1799E-12  0.2268E-10  0.6356E-13
virtual         0.1743E-12  0.2753E-10  0.3547E-11  0.5607E-12  0.9167E-09
                0.2409E-10  0.2611E-12  0.6754E-13  0.6722E-14  0.6037E-12
                0.2639E-11  0.4604E-10  0.7773E-11  0.3356E-10  0.1435E-09
                0.2854E-14  0.1014E-12  0.3032E-11
 
   SCF   Iteration =           10
   Final Energy    =   -20.7007350871930     
 
 
  CHISQ    =   0.0010738745
 
  Poisson It,Dist =           43  9.976461266075956E-005
  HFEX  =   -1.97663440873383     
 
  Number of OEP Cycles    =  380
  Total OEP Energy (a.u.) =    -16.8814705
  Delta E          (a.u.) =     -0.0000030
  Norm of delta Veff =   1.412426116902783E-005
 
 Initializing start point of RANFQ
 
  18887 points have been accepted
 out of 102400 trials.
 
  ---- Orbital EigenValues ---- 
 Alpha   A1      -1.198978   -0.752413   -0.614093   -0.540252
virtual  A1 V    -0.217915   -0.144580   -0.107990   -0.105866   -0.077203
         A2 V    -0.042872   -0.075316   -0.060444   -0.059207   -0.054376
         A3 V    -0.051010   -0.005017   -0.022798   -0.010527   -0.005019
         A4 V    -0.005408   -0.011341   -0.023499
  ---- Residuals of Orbitals --- 
 Alpha          0.7073E-11  0.5128E-12  0.1380E-11  0.4071E-12
virtual         0.1934E-10  0.4013E-11  0.4072E-12  0.1628E-10  0.1719E-12
                0.7073E-12  0.3788E-11  0.1679E-10  0.1633E-12  0.4056E-12
                0.2718E-11  0.2545E-10  0.1585E-10  0.2944E-10  0.1326E-10
                0.3150E-14  0.7540E-14  0.3864E-11
 
   SCF   Iteration =           13
   Final Energy    =   -20.7004754104437     
 
 
  CHISQ    =   0.0010512646
 
  Poisson It,Dist =           77  9.849206889663978E-005
  HFEX  =   -1.97661506642198     
 
  Number of OEP Cycles    =  381
  Total OEP Energy (a.u.) =    -16.8814764
  Delta E          (a.u.) =     -0.0000059
  Norm of delta Veff =   1.404389904377931E-005
 
 Initializing start point of RANFQ
 
  18808 points have been accepted
 out of 102400 trials.
 
  ---- Orbital EigenValues ---- 
 Alpha   A1      -1.198965   -0.752403   -0.614087   -0.540246
virtual  A1 V    -0.217913   -0.144578   -0.107990   -0.105866   -0.077202
         A2 V    -0.042872   -0.075316   -0.060444   -0.059207   -0.054376
         A3 V    -0.051010   -0.005017   -0.022798   -0.010527   -0.005019
         A4 V    -0.005408   -0.011341   -0.023499
  ---- Residuals of Orbitals --- 
 Alpha          0.2446E-11  0.2267E-12  0.7257E-11  0.5618E-11
virtual         0.8827E-10  0.1378E-10  0.7513E-11  0.8346E-12  0.4953E-09
                0.5240E-12  0.4050E-13  0.1411E-10  0.4429E-13  0.2994E-12
                0.1648E-09  0.2240E-10  0.1448E-10  0.2715E-12  0.5615E-10
                0.6032E-13  0.1408E-11  0.3493E-11
 
   SCF   Iteration =           13
   Final Energy    =   -20.7001748074955     
 
 
  CHISQ    =   0.0010602437
 
  Poisson It,Dist =           45  9.859508056716007E-005
  HFEX  =   -1.97659553601584     
 
  Number of OEP Cycles    =  382
  Total OEP Energy (a.u.) =    -16.8814729
  Delta E          (a.u.) =      0.0000035
  Norm of delta Veff =   1.396291243869294E-005
 
 Initializing start point of RANFQ
 
  18985 points have been accepted
 out of 102400 trials.
 
  ---- Orbital EigenValues ---- 
 Alpha   A1      -1.198953   -0.752394   -0.614081   -0.540241
virtual  A1 V    -0.217911   -0.144576   -0.107990   -0.105866   -0.077202
         A2 V    -0.042871   -0.075316   -0.060444   -0.059207   -0.054376
         A3 V    -0.051010   -0.005017   -0.022798   -0.010527   -0.005019
         A4 V    -0.005408   -0.011341   -0.023499
  ---- Residuals of Orbitals --- 
 Alpha          0.7193E-16  0.1069E-10  0.7551E-11  0.4057E-12
virtual         0.7427E-08  0.3872E-11  0.7464E-12  0.3175E-12  0.3851E-12
                0.5371E-11  0.1206E-11  0.8773E-11  0.1160E-13  0.1746E-12
                0.2603E-11  0.2004E-09  0.9203E-10  0.1033E-11  0.8406E-10
                0.1069E-13  0.5222E-13  0.5248E-11
 
   SCF   Iteration =           12
   Final Energy    =   -20.6998818412856     
 
 
  CHISQ    =   0.0010794609
 
  Poisson It,Dist =           35  9.874412765744344E-005
  HFEX  =   -1.97658211676813     
 
  Number of OEP Cycles    =  383
  Total OEP Energy (a.u.) =    -16.8814663
  Delta E          (a.u.) =      0.0000066
  Norm of delta Veff =   1.391110246365141E-005
 
 Initializing start point of RANFQ
 
  18743 points have been accepted
 out of 102400 trials.
 
  ---- Orbital EigenValues ---- 
 Alpha   A1      -1.198941   -0.752384   -0.614075   -0.540235
virtual  A1 V    -0.217909   -0.144575   -0.107990   -0.105865   -0.077202
         A2 V    -0.042871   -0.075316   -0.060444   -0.059207   -0.054376
         A3 V    -0.051010   -0.005017   -0.022798   -0.010527   -0.005019
         A4 V    -0.005408   -0.011341   -0.023499
  ---- Residuals of Orbitals --- 
 Alpha          0.3884E-12  0.4528E-11  0.3929E-12  0.5290E-12
virtual         0.8428E-09  0.3143E-11  0.1186E-11  0.8024E-12  0.3812E-12
                0.2426E-08  0.1318E-11  0.9557E-11  0.4256E-13  0.2954E-12
                0.4676E-09  0.1368E-09  0.1011E-09  0.7456E-12  0.9851E-11
                0.1217E-13  0.5092E-12  0.1342E-10
 
   SCF   Iteration =           14
   Final Energy    =   -20.6996633728207     
 
 
  CHISQ    =   0.0010649256
 
  Poisson It,Dist =           35  9.540267581464896E-005
  HFEX  =   -1.97656465797482     
 
  Number of OEP Cycles    =  384
  Total OEP Energy (a.u.) =    -16.8814630
  Delta E          (a.u.) =      0.0000032
  Norm of delta Veff =   1.383976038669766E-005
 
 Initializing start point of RANFQ
 
  18918 points have been accepted
 out of 102400 trials.
 
  ---- Orbital EigenValues ---- 
 Alpha   A1      -1.198929   -0.752374   -0.614070   -0.540230
virtual  A1 V    -0.217907   -0.144573   -0.107989   -0.105865   -0.077201
         A2 V    -0.042870   -0.075316   -0.060444   -0.059207   -0.054376
         A3 V    -0.051010   -0.005017   -0.022797   -0.010526   -0.005019
         A4 V    -0.005408   -0.011341   -0.023499
  ---- Residuals of Orbitals --- 
 Alpha          0.8489E-12  0.2773E-13  0.4219E-11  0.2602E-11
virtual         0.1189E-11  0.1394E-11  0.1636E-09  0.9883E-13  0.6263E-11
                0.8338E-11  0.5308E-13  0.1014E-11  0.2026E-12  0.1990E-12
                0.1245E-09  0.2056E-10  0.1832E-09  0.1840E-05  0.4047E-10
                0.2022E-12  0.3566E-12  0.6922E-11
 
   SCF   Iteration =           13
   Final Energy    =   -20.6993946205205     
 
 
  CHISQ    =   0.0010888314
 
  Poisson It,Dist =           40  9.635804349369693E-005
  HFEX  =   -1.97654967227575     
 
  Number of OEP Cycles    =  385
  Total OEP Energy (a.u.) =    -16.8814670
  Delta E          (a.u.) =     -0.0000040
  Norm of delta Veff =   1.377864355398904E-005
 
 Initializing start point of RANFQ
 
  18933 points have been accepted
 out of 102400 trials.
 
  ---- Orbital EigenValues ---- 
 Alpha   A1      -1.198918   -0.752364   -0.614064   -0.540224
virtual  A1 V    -0.217905   -0.144571   -0.107989   -0.105865   -0.077201
         A2 V    -0.042870   -0.075316   -0.060443   -0.059207   -0.054376
         A3 V    -0.051010   -0.005017   -0.022797   -0.010527   -0.005019
         A4 V    -0.005408   -0.011341   -0.023499
  ---- Residuals of Orbitals --- 
 Alpha          0.1272E-11  0.3483E-12  0.1913E-12  0.3962E-12
virtual         0.2874E-10  0.7180E-09  0.4320E-09  0.6338E-12  0.4759E-10
                0.1650E-11  0.3000E-11  0.1603E-10  0.7645E-13  0.2603E-12
                0.5230E-13  0.1926E-10  0.2126E-10  0.6842E-09  0.4438E-07
                0.5390E-12  0.3653E-12  0.5299E-11
 
   SCF   Iteration =           13
   Final Energy    =   -20.6991499320425     
 
 
  CHISQ    =   0.0010793646
 
  Poisson It,Dist =           40  9.299044996318070E-005
  HFEX  =   -1.97653256608966     
 
  Number of OEP Cycles    =  386
  Total OEP Energy (a.u.) =    -16.8814664
  Delta E          (a.u.) =      0.0000006
  Norm of delta Veff =   1.370803221150336E-005
 
 Initializing start point of RANFQ
 
  19109 points have been accepted
 out of 102400 trials.
 
  ---- Orbital EigenValues ---- 
 Alpha   A1      -1.198906   -0.752355   -0.614059   -0.540219
virtual  A1 V    -0.217903   -0.144570   -0.107989   -0.105865   -0.077201
         A2 V    -0.042869   -0.075317   -0.060443   -0.059207   -0.054376
         A3 V    -0.051010   -0.005017   -0.022797   -0.010528   -0.005019
         A4 V    -0.005408   -0.011341   -0.023498
  ---- Residuals of Orbitals --- 
 Alpha          0.1133E-12  0.6215E-15  0.4725E-13  0.7107E-11
virtual         0.3059E-11  0.2564E-11  0.1423E-10  0.2188E-12  0.1125E-12
                0.9375E-11  0.8937E-13  0.1757E-12  0.1495E-12  0.3394E-13
                0.1040E-12  0.2771E-10  0.8634E-09  0.1443E-09  0.1749E-09
                0.5168E-11  0.9002E-13  0.1862E-10
 
   SCF   Iteration =           13
   Final Energy    =   -20.6988833117101     
 
 
  CHISQ    =   0.0010782351
 
  Poisson It,Dist =           41  9.899202358819814E-005
  HFEX  =   -1.97651851165631     
 
  Number of OEP Cycles    =  387
  Total OEP Energy (a.u.) =    -16.8814640
  Delta E          (a.u.) =      0.0000024
  Norm of delta Veff =   1.365076425096539E-005
 
 Initializing start point of RANFQ
 
  18876 points have been accepted
 out of 102400 trials.
 
  ---- Orbital EigenValues ---- 
 Alpha   A1      -1.198894   -0.752345   -0.614053   -0.540214
virtual  A1 V    -0.217901   -0.144568   -0.107989   -0.105864   -0.077201
         A2 V    -0.042869   -0.075317   -0.060443   -0.059207   -0.054376
         A3 V    -0.051010   -0.005017   -0.022797   -0.010528   -0.005019
         A4 V    -0.005408   -0.011341   -0.023498
  ---- Residuals of Orbitals --- 
 Alpha          0.3338E-11  0.6522E-12  0.2665E-12  0.1055E-11
virtual         0.3574E-10  0.2655E-10  0.3334E-10  0.2563E-12  0.4790E-12
                0.1402E-10  0.1528E-11  0.2725E-11  0.1745E-13  0.1055E-12
                0.7986E-11  0.4644E-10  0.3795E-10  0.3847E-08  0.1327E-10
                0.1322E-10  0.1033E-11  0.1218E-10
 
   SCF   Iteration =           12
   Final Energy    =   -20.6986548944209     
 
 
  CHISQ    =   0.0011101572
 
  Poisson It,Dist =           41  9.248898582109574E-005
  HFEX  =   -1.97649800626382     
 
  Number of OEP Cycles    =  388
  Total OEP Energy (a.u.) =    -16.8814633
  Delta E          (a.u.) =      0.0000007
  Norm of delta Veff =   1.356466237493105E-005
 
 Initializing start point of RANFQ
 
  18907 points have been accepted
 out of 102400 trials.
 
  ---- Orbital EigenValues ---- 
 Alpha   A1      -1.198883   -0.752335   -0.614048   -0.540208
virtual  A1 V    -0.217899   -0.144566   -0.107988   -0.105864   -0.077200
         A2 V    -0.042868   -0.075317   -0.060443   -0.059207   -0.054376
         A3 V    -0.051010   -0.005017   -0.022797   -0.010528   -0.005019
         A4 V    -0.005408   -0.011341   -0.023498
  ---- Residuals of Orbitals --- 
 Alpha          0.2247E-12  0.4599E-15  0.3374E-12  0.2464E-11
virtual         0.2626E-10  0.8530E-10  0.2219E-11  0.9807E-12  0.2960E-12
                0.2394E-09  0.8653E-12  0.1949E-10  0.5069E-14  0.1485E-12
                0.1597E-11  0.8297E-09  0.8943E-10  0.6555E-10  0.1449E-10
                0.5409E-13  0.3626E-12  0.7254E-11
 
   SCF   Iteration =           11
   Final Energy    =   -20.6983500675688     
 
 
  CHISQ    =   0.0010822938
 
  Poisson It,Dist =           46  9.983158665927001E-005
  HFEX  =   -1.97648630476744     
 
  Number of OEP Cycles    =  389
  Total OEP Energy (a.u.) =    -16.8814666
  Delta E          (a.u.) =     -0.0000033
  Norm of delta Veff =   1.351571577775357E-005
 
 Initializing start point of RANFQ
 
  18958 points have been accepted
 out of 102400 trials.
 
  ---- Orbital EigenValues ---- 
 Alpha   A1      -1.198871   -0.752326   -0.614042   -0.540203
virtual  A1 V    -0.217897   -0.144565   -0.107988   -0.105864   -0.077200
         A2 V    -0.042868   -0.075317   -0.060443   -0.059207   -0.054376
         A3 V    -0.051010   -0.005017   -0.022797   -0.010528   -0.005019
         A4 V    -0.005408   -0.011341   -0.023498
  ---- Residuals of Orbitals --- 
 Alpha          0.1473E-11  0.2643E-15  0.1804E-11  0.6220E-12
virtual         0.9600E-11  0.4682E-11  0.6722E-11  0.1952E-10  0.2462E-11
                0.6101E-10  0.5378E-12  0.1299E-11  0.9141E-14  0.9839E-11
                0.8482E-13  0.1716E-10  0.3922E-10  0.1255E-10  0.8496E-07
                0.8563E-13  0.2869E-10  0.2767E-11
 
   SCF   Iteration =           18
   Final Energy    =   -20.6981434826994     
 
 
  CHISQ    =   0.0010877072
 
  Poisson It,Dist =           57  9.766567318067888E-005
  HFEX  =   -1.97646480052759     
 
  Number of OEP Cycles    =  390
  Total OEP Energy (a.u.) =    -16.8814669
  Delta E          (a.u.) =     -0.0000003
  Norm of delta Veff =   1.343008757865957E-005
 
 Initializing start point of RANFQ
 
  18890 points have been accepted
 out of 102400 trials.
 
  ---- Orbital EigenValues ---- 
 Alpha   A1      -1.198860   -0.752316   -0.614037   -0.540198
virtual  A1 V    -0.217895   -0.144563   -0.107988   -0.105864   -0.077200
         A2 V    -0.042867   -0.075317   -0.060443   -0.059207   -0.054376
         A3 V    -0.051010   -0.005017   -0.022796   -0.010528   -0.005019
         A4 V    -0.005408   -0.011341   -0.023498
  ---- Residuals of Orbitals --- 
 Alpha          0.9190E-11  0.3265E-16  0.1081E-10  0.1320E-14
virtual         0.2965E-11  0.3658E-10  0.1902E-10  0.2426E-11  0.1350E-11
                0.1357E-10  0.4781E-11  0.1811E-12  0.1470E-12  0.9908E-14
                0.2420E-11  0.1730E-10  0.1501E-09  0.9308E-11  0.1771E-10
                0.2622E-12  0.6766E-11  0.3038E-11
 
   SCF   Iteration =           13
   Final Energy    =   -20.6978306438188     
 
 
  CHISQ    =   0.0010371511
 
  Poisson It,Dist =           28  9.889093072387252E-005
  HFEX  =   -1.97645172998268     
 
  Number of OEP Cycles    =  391
  Total OEP Energy (a.u.) =    -16.8814583
  Delta E          (a.u.) =      0.0000086
  Norm of delta Veff =   1.337752575317452E-005
 
 Initializing start point of RANFQ
 
  18838 points have been accepted
 out of 102400 trials.
 
  ---- Orbital EigenValues ---- 
 Alpha   A1      -1.198848   -0.752307   -0.614032   -0.540193
virtual  A1 V    -0.217893   -0.144561   -0.107988   -0.105864   -0.077199
         A2 V    -0.042867   -0.075317   -0.060443   -0.059207   -0.054376
         A3 V    -0.051010   -0.005017   -0.022796   -0.010528   -0.005019
         A4 V    -0.005408   -0.011341   -0.023498
  ---- Residuals of Orbitals --- 
 Alpha          0.1475E-11  0.1828E-16  0.1134E-11  0.7446E-15
virtual         0.5552E-12  0.2085E-12  0.2313E-11  0.1613E-12  0.5482E-13
                0.1520E-11  0.7756E-12  0.8293E-12  0.8265E-13  0.6898E-10
                0.4500E-12  0.2075E-10  0.1934E-09  0.4241E-09  0.1175E-10
                0.1342E-11  0.3535E-12  0.1083E-10
 
   SCF   Iteration =           12
   Final Energy    =   -20.6976203277539     
 
 
  CHISQ    =   0.0010709374
 
  Poisson It,Dist =           41  9.800327601311753E-005
  HFEX  =   -1.97643773148677     
 
  Number of OEP Cycles    =  392
  Total OEP Energy (a.u.) =    -16.8814625
  Delta E          (a.u.) =     -0.0000042
  Norm of delta Veff =   1.331715382054000E-005
 
 Initializing start point of RANFQ
 
  18965 points have been accepted
 out of 102400 trials.
 
  ---- Orbital EigenValues ---- 
 Alpha   A1      -1.198837   -0.752298   -0.614027   -0.540188
virtual  A1 V    -0.217891   -0.144560   -0.107987   -0.105863   -0.077199
         A2 V    -0.042866   -0.075317   -0.060443   -0.059207   -0.054376
         A3 V    -0.051010   -0.005017   -0.022796   -0.010528   -0.005019
         A4 V    -0.005408   -0.011341   -0.023498
  ---- Residuals of Orbitals --- 
 Alpha          0.6594E-12  0.1312E-16  0.1380E-11  0.9763E-15
virtual         0.4161E-09  0.2275E-12  0.9466E-12  0.2859E-12  0.5111E-12
                0.1582E-12  0.4326E-11  0.2551E-11  0.1096E-11  0.5006E-11
                0.9030E-11  0.2881E-10  0.3314E-10  0.4079E-11  0.9262E-11
                0.6749E-13  0.9380E-14  0.2660E-11
 
   SCF   Iteration =           17
   Final Energy    =   -20.6973863696140     
 
 
  CHISQ    =   0.0010947436
 
  Poisson It,Dist =           52  9.574148433872259E-005
  HFEX  =   -1.97641811357596     
 
  Number of OEP Cycles    =  393
  Total OEP Energy (a.u.) =    -16.8814665
  Delta E          (a.u.) =     -0.0000040
  Norm of delta Veff =   1.323381031197337E-005
 
 Initializing start point of RANFQ
 
  18848 points have been accepted
 out of 102400 trials.
 
  ---- Orbital EigenValues ---- 
 Alpha   A1      -1.198826   -0.752288   -0.614022   -0.540183
virtual  A1 V    -0.217890   -0.144558   -0.107987   -0.105863   -0.077199
         A2 V    -0.042866   -0.075318   -0.060443   -0.059207   -0.054376
         A3 V    -0.051010   -0.005017   -0.022796   -0.010529   -0.005019
         A4 V    -0.005408   -0.011341   -0.023498
  ---- Residuals of Orbitals --- 
 Alpha          0.8290E-12  0.9814E-16  0.4175E-12  0.9399E-14
virtual         0.1129E-11  0.9984E-12  0.2519E-10  0.1425E-12  0.8517E-13
                0.1978E-10  0.2501E-11  0.1067E-10  0.1938E-12  0.1403E-11
                0.1430E-11  0.3370E-10  0.1115E-09  0.3833E-11  0.8477E-11
                0.1148E-12  0.3639E-13  0.2734E-11
 
   SCF   Iteration =           12
   Final Energy    =   -20.6970894413670     
 
 
  CHISQ    =   0.0010563970
 
  Poisson It,Dist =           37  9.732600649422579E-005
  HFEX  =   -1.97640547597358     
 
  Number of OEP Cycles    =  394
  Total OEP Energy (a.u.) =    -16.8814619
  Delta E          (a.u.) =      0.0000046
  Norm of delta Veff =   1.318515198945125E-005
 
 Initializing start point of RANFQ
 
  18819 points have been accepted
 out of 102400 trials.
 
  ---- Orbital EigenValues ---- 
 Alpha   A1      -1.198815   -0.752279   -0.614017   -0.540178
virtual  A1 V    -0.217888   -0.144556   -0.107987   -0.105863   -0.077199
         A2 V    -0.042865   -0.075318   -0.060443   -0.059207   -0.054376
         A3 V    -0.051010   -0.005017   -0.022796   -0.010529   -0.005019
         A4 V    -0.005408   -0.011341   -0.023498
  ---- Residuals of Orbitals --- 
 Alpha          0.7038E-14  0.1638E-15  0.2396E-11  0.4088E-11
virtual         0.1728E-09  0.5233E-11  0.1070E-11  0.1173E-12  0.3339E-13
                0.3299E-12  0.1876E-10  0.4776E-12  0.1654E-12  0.1165E-12
                0.2284E-10  0.2075E-09  0.1542E-10  0.1459E-11  0.9819E-11
                0.2964E-09  0.3680E-12  0.1955E-09
 
   SCF   Iteration =           16
   Final Energy    =   -20.6968839248966     
 
 
  CHISQ    =   0.0010759035
 
  Poisson It,Dist =           40  9.878223328929565E-005
  HFEX  =   -1.97638614209046     
 
  Number of OEP Cycles    =  395
  Total OEP Energy (a.u.) =    -16.8814596
  Delta E          (a.u.) =      0.0000023
  Norm of delta Veff =   1.310248132626886E-005
 
 Initializing start point of RANFQ
 
  18891 points have been accepted
 out of 102400 trials.
 
  ---- Orbital EigenValues ---- 
 Alpha   A1      -1.198804   -0.752270   -0.614012   -0.540174
virtual  A1 V    -0.217886   -0.144555   -0.107987   -0.105863   -0.077198
         A2 V    -0.042865   -0.075318   -0.060443   -0.059207   -0.054376
         A3 V    -0.051010   -0.005017   -0.022796   -0.010529   -0.005019
         A4 V    -0.005408   -0.011341   -0.023497
  ---- Residuals of Orbitals --- 
 Alpha          0.7800E-12  0.1570E-15  0.6232E-15  0.2424E-11
virtual         0.1380E-11  0.5948E-11  0.1099E-11  0.1204E-12  0.9757E-13
                0.1534E-11  0.1308E-10  0.6319E-11  0.7876E-14  0.1934E-11
                0.5048E-13  0.1757E-10  0.2129E-09  0.1259E-11  0.9623E-11
                0.5140E-13  0.3851E-14  0.1724E-10
 
   SCF   Iteration =           13
   Final Energy    =   -20.6965962436862     
 
 
  CHISQ    =   0.0010836885
 
  Poisson It,Dist =           54  9.769941799228673E-005
  HFEX  =   -1.97637390690280     
 
  Number of OEP Cycles    =  396
  Total OEP Energy (a.u.) =    -16.8814672
  Delta E          (a.u.) =     -0.0000076
  Norm of delta Veff =   1.304985887412873E-005
 
 Initializing start point of RANFQ
 
  18907 points have been accepted
 out of 102400 trials.
 
  ---- Orbital EigenValues ---- 
 Alpha   A1      -1.198793   -0.752261   -0.614007   -0.540169
virtual  A1 V    -0.217884   -0.144553   -0.107986   -0.105863   -0.077198
         A2 V    -0.042864   -0.075318   -0.060443   -0.059207   -0.054376
         A3 V    -0.051010   -0.005017   -0.022795   -0.010529   -0.005019
         A4 V    -0.005408   -0.011341   -0.023497
  ---- Residuals of Orbitals --- 
 Alpha          0.7593E-12  0.6319E-15  0.1580E-11  0.2878E-12
virtual         0.6696E-11  0.1771E-10  0.2947E-10  0.1122E-12  0.1976E-12
                0.2484E-09  0.5193E-10  0.4125E-11  0.2503E-12  0.2358E-12
                0.1585E-12  0.2129E-10  0.8270E-10  0.8029E-11  0.2533E-10
                0.4359E-13  0.1130E-12  0.2813E-11
 
   SCF   Iteration =           13
   Final Energy    =   -20.6963830712970     
 
 
  CHISQ    =   0.0010866340
 
  Poisson It,Dist =           46  9.956946058754329E-005
  HFEX  =   -1.97635884621650     
 
  Number of OEP Cycles    =  397
  Total OEP Energy (a.u.) =    -16.8814634
  Delta E          (a.u.) =      0.0000038
  Norm of delta Veff =   1.299230588052322E-005
 
 Initializing start point of RANFQ
 
  18754 points have been accepted
 out of 102400 trials.
 
  ---- Orbital EigenValues ---- 
 Alpha   A1      -1.198782   -0.752252   -0.614002   -0.540164
virtual  A1 V    -0.217882   -0.144552   -0.107986   -0.105863   -0.077198
         A2 V    -0.042864   -0.075318   -0.060443   -0.059207   -0.054376
         A3 V    -0.051010   -0.005017   -0.022795   -0.010529   -0.005019
         A4 V    -0.005408   -0.011341   -0.023497
  ---- Residuals of Orbitals --- 
 Alpha          0.2562E-11  0.1371E-13  0.7729E-12  0.2380E-12
virtual         0.1333E-11  0.6494E-12  0.2170E-11  0.1032E-12  0.1105E-12
                0.1571E-09  0.5992E-11  0.5904E-13  0.1026E-12  0.1449E-11
                0.7616E-12  0.2271E-10  0.2967E-08  0.5042E-11  0.4605E-09
                0.2170E-12  0.1081E-10  0.5536E-11
 
   SCF   Iteration =           12
   Final Energy    =   -20.6961508882825     
 
 
  CHISQ    =   0.0010566195
 
  Poisson It,Dist =           39  9.965543045485021E-005
  HFEX  =   -1.97634682625436     
 
  Number of OEP Cycles    =  398
  Total OEP Energy (a.u.) =    -16.8814608
  Delta E          (a.u.) =      0.0000026
  Norm of delta Veff =   1.294260673822614E-005
 
 Initializing start point of RANFQ
 
  18902 points have been accepted
 out of 102400 trials.
 
  ---- Orbital EigenValues ---- 
 Alpha   A1      -1.198771   -0.752243   -0.613997   -0.540160
virtual  A1 V    -0.217880   -0.144550   -0.107986   -0.105862   -0.077197
         A2 V    -0.042863   -0.075318   -0.060443   -0.059208   -0.054376
         A3 V    -0.051010   -0.005017   -0.022795   -0.010529   -0.005019
         A4 V    -0.005408   -0.011341   -0.023497
  ---- Residuals of Orbitals --- 
 Alpha          0.4391E-12  0.2247E-12  0.4365E-11  0.1100E-11
virtual         0.6272E-10  0.3453E-10  0.5362E-11  0.1050E-12  0.1071E-12
                0.1254E-09  0.6218E-12  0.3776E-10  0.6916E-14  0.4846E-14
                0.1408E-12  0.2283E-10  0.1060E-09  0.6308E-09  0.3227E-09
                0.1161E-11  0.1877E-11  0.3395E-11
 
   SCF   Iteration =           13
   Final Energy    =   -20.6959488570396     
 
 
  CHISQ    =   0.0010890272
 
  Poisson It,Dist =           33  9.893941708034664E-005
  HFEX  =   -1.97633123795047     
 
  Number of OEP Cycles    =  399
  Total OEP Energy (a.u.) =    -16.8814552
  Delta E          (a.u.) =      0.0000056
  Norm of delta Veff =   1.288071350252662E-005
 
 Initializing start point of RANFQ
 
  18861 points have been accepted
 out of 102400 trials.
 
  ---- Orbital EigenValues ---- 
 Alpha   A1      -1.198760   -0.752234   -0.613992   -0.540155
virtual  A1 V    -0.217878   -0.144549   -0.107986   -0.105862   -0.077197
         A2 V    -0.042863   -0.075318   -0.060443   -0.059208   -0.054376
         A3 V    -0.051010   -0.005017   -0.022795   -0.010529   -0.005019
         A4 V    -0.005408   -0.011341   -0.023497
  ---- Residuals of Orbitals --- 
 Alpha          0.1251E-11  0.2280E-14  0.4439E-13  0.9301E-12
virtual         0.1215E-10  0.1791E-10  0.1317E-10  0.3282E-12  0.4515E-13
                0.4702E-11  0.5257E-10  0.3074E-09  0.7645E-13  0.6482E-14
                0.9010E-13  0.1917E-10  0.7351E-10  0.1364E-09  0.1035E-10
                0.1592E-11  0.2194E-13  0.1173E-08
 
   SCF   Iteration =           14
   Final Energy    =   -20.6957129054295     
 
 
  CHISQ    =   0.0010596531
 
  Poisson It,Dist =           40  9.783756738380517E-005
  HFEX  =   -1.97631521881766     
 
  Number of OEP Cycles    =  400
  Total OEP Energy (a.u.) =    -16.8814594
  Delta E          (a.u.) =     -0.0000042
  Norm of delta Veff =   1.281358004035910E-005
 
 Initializing start point of RANFQ
 
  18900 points have been accepted
 out of 102400 trials.
 
  ---- Orbital EigenValues ---- 
 Alpha   A1      -1.198749   -0.752225   -0.613987   -0.540150
virtual  A1 V    -0.217876   -0.144547   -0.107985   -0.105862   -0.077197
         A2 V    -0.042862   -0.075319   -0.060443   -0.059208   -0.054376
         A3 V    -0.051010   -0.005008   -0.022795   -0.010529   -0.005019
         A4 V    -0.005408   -0.011341   -0.023497
  ---- Residuals of Orbitals --- 
 Alpha          0.4809E-12  0.8350E-12  0.1440E-12  0.5871E-13
virtual         0.1385E-10  0.6841E-12  0.6535E-12  0.1300E-12  0.4856E-13
                0.1641E-12  0.1298E-10  0.5888E-10  0.1522E-12  0.4737E-13
                0.9183E-13  0.1360E-06  0.1041E-09  0.1971E-11  0.3478E-10
                0.1048E-12  0.1293E-11  0.2359E-10
 
   SCF   Iteration =           13
   Final Energy    =   -20.6954605050557     
 
 
  CHISQ    =   0.0010794846
 
  Poisson It,Dist =           58  9.783530075042207E-005
  HFEX  =   -1.97630181322303     
 
  Number of OEP Cycles    =  401
  Total OEP Energy (a.u.) =    -16.8814644
  Delta E          (a.u.) =     -0.0000050
  Norm of delta Veff =   1.275727474335957E-005
 
 Initializing start point of RANFQ
 
  18977 points have been accepted
 out of 102400 trials.
 
  ---- Orbital EigenValues ---- 
 Alpha   A1      -1.198738   -0.752216   -0.613983   -0.540146
virtual  A1 V    -0.217875   -0.144546   -0.107985   -0.105862   -0.077197
         A2 V    -0.042862   -0.075319   -0.060443   -0.059208   -0.054376
         A3 V    -0.051010   -0.005014   -0.022795   -0.010529   -0.005019
         A4 V    -0.005408   -0.011341   -0.023497
  ---- Residuals of Orbitals --- 
 Alpha          0.2926E-11  0.3174E-13  0.2225E-10  0.7826E-12
virtual         0.1530E-10  0.5586E-10  0.5550E-12  0.3186E-11  0.4619E-13
                0.9842E-11  0.1719E-12  0.6324E-11  0.7073E-13  0.4452E-13
                0.1682E-12  0.5857E-08  0.2149E-10  0.1574E-11  0.1618E-10
                0.2089E-11  0.9838E-14  0.3229E-11
 
   SCF   Iteration =           16
   Final Energy    =   -20.6952376070659     
 
 
  CHISQ    =   0.0010905536
 
  Poisson It,Dist =           33  9.912544410165900E-005
  HFEX  =   -1.97628510945506     
 
  Number of OEP Cycles    =  402
  Total OEP Energy (a.u.) =    -16.8814568
  Delta E          (a.u.) =      0.0000076
  Norm of delta Veff =   1.268860248742505E-005
 
 Initializing start point of RANFQ
 
  18841 points have been accepted
 out of 102400 trials.
 
  ---- Orbital EigenValues ---- 
 Alpha   A1      -1.198728   -0.752207   -0.613978   -0.540142
virtual  A1 V    -0.217873   -0.144544   -0.107985   -0.105862   -0.077196
         A2 V    -0.042862   -0.075319   -0.060443   -0.059208   -0.054376
         A3 V    -0.051010   -0.005015   -0.022795   -0.010530   -0.005019
         A4 V    -0.005408   -0.011341   -0.023497
  ---- Residuals of Orbitals --- 
 Alpha          0.1504E-12  0.3697E-14  0.1940E-11  0.8472E-11
virtual         0.4490E-11  0.2518E-10  0.2430E-10  0.8740E-13  0.2322E-12
                0.8491E-12  0.2773E-12  0.7391E-10  0.3955E-13  0.1210E-11
                0.7357E-13  0.1180E-08  0.8579E-11  0.3970E-10  0.1557E-08
                0.8730E-11  0.1119E-13  0.9071E-10
 
   SCF   Iteration =           16
   Final Energy    =   -20.6949909594564     
 
 
  CHISQ    =   0.0010839237
 
  Poisson It,Dist =           58  9.763970427063484E-005
  HFEX  =   -1.97627041496209     
 
  Number of OEP Cycles    =  403
  Total OEP Energy (a.u.) =    -16.8814628
  Delta E          (a.u.) =     -0.0000060
  Norm of delta Veff =   1.262668065287256E-005
 
 Initializing start point of RANFQ
 
  18871 points have been accepted
 out of 102400 trials.
 
  ---- Orbital EigenValues ---- 
 Alpha   A1      -1.198717   -0.752198   -0.613973   -0.540137
virtual  A1 V    -0.217871   -0.144543   -0.107985   -0.105862   -0.077196
         A2 V    -0.042861   -0.075319   -0.060442   -0.059208   -0.054376
         A3 V    -0.051010   -0.005015   -0.022794   -0.010530   -0.005019
         A4 V    -0.005408   -0.011341   -0.023497
  ---- Residuals of Orbitals --- 
 Alpha          0.1567E-12  0.6304E-13  0.7016E-11  0.7002E-12
virtual         0.7086E-11  0.5262E-10  0.3661E-11  0.1428E-11  0.3347E-13
                0.6703E-11  0.1849E-10  0.7141E-13  0.3329E-13  0.1137E-13
                0.1054E-12  0.9431E-09  0.2021E-10  0.8720E-11  0.8261E-09
                0.6575E-12  0.1574E-12  0.3167E-10
 
   SCF   Iteration =           12
   Final Energy    =   -20.6947540452839     
 
 
  CHISQ    =   0.0011080710
 
  Poisson It,Dist =           47  9.558755107782465E-005
  HFEX  =   -1.97625788330220     
 
  Number of OEP Cycles    =  404
  Total OEP Energy (a.u.) =    -16.8814603
  Delta E          (a.u.) =      0.0000025
  Norm of delta Veff =   1.257439822653118E-005
 
 Initializing start point of RANFQ
 
  18874 points have been accepted
 out of 102400 trials.
 
  ---- Orbital EigenValues ---- 
 Alpha   A1      -1.198707   -0.752189   -0.613969   -0.540133
virtual  A1 V    -0.217869   -0.144541   -0.107985   -0.105861   -0.077196
         A2 V    -0.042861   -0.075319   -0.060442   -0.059208   -0.054376
         A3 V    -0.051010   -0.005015   -0.022794   -0.010530   -0.005019
         A4 V    -0.005408   -0.011341   -0.023497
  ---- Residuals of Orbitals --- 
 Alpha          0.4980E-11  0.2017E-12  0.1404E-12  0.5037E-12
virtual         0.4741E-11  0.3535E-11  0.6320E-12  0.3286E-11  0.2958E-13
                0.2074E-10  0.9081E-13  0.7952E-12  0.1345E-12  0.6126E-14
                0.8178E-13  0.7769E-09  0.9290E-10  0.3683E-10  0.9166E-09
                0.8574E-11  0.1039E-11  0.3711E-10
 
   SCF   Iteration =           15
   Final Energy    =   -20.6945490762177     
 
 
  CHISQ    =   0.0010896965
 
  Poisson It,Dist =           31  9.992906701354554E-005
  HFEX  =   -1.97624246689954     
 
  Number of OEP Cycles    =  405
  Total OEP Energy (a.u.) =    -16.8814536
  Delta E          (a.u.) =      0.0000067
  Norm of delta Veff =   1.251596951634849E-005
 
 Initializing start point of RANFQ
 
  18995 points have been accepted
 out of 102400 trials.
 
  ---- Orbital EigenValues ---- 
 Alpha   A1      -1.198697   -0.752181   -0.613964   -0.540129
virtual  A1 V    -0.217867   -0.144540   -0.107984   -0.105861   -0.077196
         A2 V    -0.042860   -0.075319   -0.060442   -0.059208   -0.054376
         A3 V    -0.051010   -0.005015   -0.022794   -0.010530   -0.005019
         A4 V    -0.005408   -0.011341   -0.023496
  ---- Residuals of Orbitals --- 
 Alpha          0.5804E-16  0.7536E-14  0.1072E-10  0.4642E-12
virtual         0.4943E-11  0.3105E-10  0.3682E-12  0.3829E-12  0.6588E-13
                0.4190E-11  0.9021E-12  0.1010E-11  0.4465E-13  0.1054E-12
                0.1017E-12  0.4470E-09  0.9348E-11  0.1529E-09  0.1702E-09
                0.2359E-12  0.1330E-13  0.5024E-11
 
   SCF   Iteration =           14
   Final Energy    =   -20.6943185845555     
 
 
  CHISQ    =   0.0010695136
 
  Poisson It,Dist =           61  9.966667651111054E-005
  HFEX  =   -1.97622657288333     
 
  Number of OEP Cycles    =  406
  Total OEP Energy (a.u.) =    -16.8814647
  Delta E          (a.u.) =     -0.0000111
  Norm of delta Veff =   1.244525392680603E-005
 
 Initializing start point of RANFQ
 
  18795 points have been accepted
 out of 102400 trials.
 
  ---- Orbital EigenValues ---- 
 Alpha   A1      -1.198686   -0.752172   -0.613960   -0.540125
virtual  A1 V    -0.217866   -0.144538   -0.107984   -0.105861   -0.077195
         A2 V    -0.042860   -0.075319   -0.060442   -0.059208   -0.054376
         A3 V    -0.051010   -0.005015   -0.022794   -0.010530   -0.005019
         A4 V    -0.005408   -0.011341   -0.023496
  ---- Residuals of Orbitals --- 
 Alpha          0.1014E-10  0.6226E-13  0.5181E-11  0.1134E-13
virtual         0.3153E-11  0.2175E-11  0.1121E-11  0.1304E-12  0.1034E-12
                0.5771E-10  0.7958E-11  0.2048E-12  0.3638E-14  0.1260E-12
                0.8027E-13  0.4355E-09  0.2581E-10  0.6153E-11  0.1039E-08
                0.1492E-13  0.1478E-13  0.3873E-09
 
   SCF   Iteration =           13
   Final Energy    =   -20.6940613625018     
 
 
  CHISQ    =   0.0010635397
 
  Poisson It,Dist =           25  9.875208540058987E-005
  HFEX  =   -1.97621312538631     
 
  Number of OEP Cycles    =  407
  Total OEP Energy (a.u.) =    -16.8814533
  Delta E          (a.u.) =      0.0000113
  Norm of delta Veff =   1.239239063202835E-005
 
 Initializing start point of RANFQ
 
  19005 points have been accepted
 out of 102400 trials.
 
  ---- Orbital EigenValues ---- 
 Alpha   A1      -1.198676   -0.752163   -0.613956   -0.540120
virtual  A1 V    -0.217864   -0.144537   -0.107984   -0.105861   -0.077195
         A2 V    -0.042859   -0.075319   -0.060442   -0.059208   -0.054376
         A3 V    -0.051010   -0.005015   -0.022794   -0.010530   -0.005019
         A4 V    -0.005408   -0.011341   -0.023496
  ---- Residuals of Orbitals --- 
 Alpha          0.1811E-12  0.7460E-12  0.9887E-13  0.2134E-11
virtual         0.2535E-11  0.1803E-12  0.1638E-11  0.2015E-11  0.3227E-11
                0.1776E-10  0.4249E-12  0.8462E-13  0.1191E-12  0.1154E-13
                0.9882E-13  0.4131E-09  0.3858E-09  0.1094E-10  0.4336E-09
                0.6136E-12  0.2261E-11  0.4912E-11
 
   SCF   Iteration =           12
   Final Energy    =   -20.6938579430377     
 
 
  CHISQ    =   0.0010738845
 
  Poisson It,Dist =           64  9.993697226500257E-005
  HFEX  =   -1.97620051571729     
 
  Number of OEP Cycles    =  408
  Total OEP Energy (a.u.) =    -16.8814628
  Delta E          (a.u.) =     -0.0000094
  Norm of delta Veff =   1.233661366213627E-005
 
 Initializing start point of RANFQ
 
  18820 points have been accepted
 out of 102400 trials.
 
  ---- Orbital EigenValues ---- 
 Alpha   A1      -1.198666   -0.752155   -0.613951   -0.540116
virtual  A1 V    -0.217862   -0.144535   -0.107984   -0.105861   -0.077195
         A2 V    -0.042859   -0.075320   -0.060442   -0.059208   -0.054376
         A3 V    -0.051010   -0.005015   -0.022794   -0.010530   -0.005019
         A4 V    -0.005408   -0.011341   -0.023496
  ---- Residuals of Orbitals --- 
 Alpha          0.9033E-11  0.1736E-11  0.3942E-10  0.1824E-12
virtual         0.1176E-09  0.1475E-12  0.1785E-11  0.1396E-12  0.9200E-11
                0.3609E-12  0.4333E-11  0.4644E-11  0.1088E-13  0.6121E-10
                0.4638E-11  0.5114E-09  0.2940E-10  0.2620E-10  0.2678E-10
                0.4157E-13  0.2114E-13  0.6771E-10
 
   SCF   Iteration =           12
   Final Energy    =   -20.6936429555978     
 
 
  CHISQ    =   0.0010752733
 
  Poisson It,Dist =           43  9.813425743176709E-005
  HFEX  =   -1.97618867832914     
 
  Number of OEP Cycles    =  409
  Total OEP Energy (a.u.) =    -16.8814601
  Delta E          (a.u.) =      0.0000027
  Norm of delta Veff =   1.228946552475933E-005
 
 Initializing start point of RANFQ
 
  18891 points have been accepted
 out of 102400 trials.
 
  ---- Orbital EigenValues ---- 
 Alpha   A1      -1.198656   -0.752146   -0.613947   -0.540112
virtual  A1 V    -0.217860   -0.144534   -0.107984   -0.105861   -0.077195
         A2 V    -0.042858   -0.075320   -0.060442   -0.059208   -0.054376
         A3 V    -0.051010   -0.005015   -0.022794   -0.010530   -0.005019
         A4 V    -0.005408   -0.011341   -0.023496
  ---- Residuals of Orbitals --- 
 Alpha          0.5865E-12  0.6189E-11  0.2094E-10  0.1021E-11
virtual         0.1779E-08  0.3006E-09  0.5331E-11  0.2866E-11  0.9741E-10
                0.3120E-11  0.3202E-10  0.1369E-11  0.4131E-14  0.5706E-12
                0.2605E-12  0.1232E-08  0.1580E-10  0.2505E-10  0.1313E-10
                0.3433E-13  0.5179E-13  0.5803E-10
 
   SCF   Iteration =           13
   Final Energy    =   -20.6934506339250     
 
 
  CHISQ    =   0.0010676824
 
  Poisson It,Dist =           32  9.586325767751772E-005
  HFEX  =   -1.97617752525769     
 
  Number of OEP Cycles    =  410
  Total OEP Energy (a.u.) =    -16.8814544
  Delta E          (a.u.) =      0.0000057
  Norm of delta Veff =   1.224700266073194E-005
 
 Initializing start point of RANFQ
 
  18969 points have been accepted
 out of 102400 trials.
 
  ---- Orbital EigenValues ---- 
 Alpha   A1      -1.198646   -0.752138   -0.613943   -0.540108
virtual  A1 V    -0.217859   -0.144532   -0.107983   -0.105861   -0.077194
         A2 V    -0.042858   -0.075320   -0.060442   -0.059208   -0.054376
         A3 V    -0.051010   -0.005015   -0.022794   -0.010530   -0.005019
         A4 V    -0.005408   -0.011341   -0.023496
  ---- Residuals of Orbitals --- 
 Alpha          0.1249E-11  0.1241E-11  0.6787E-13  0.8465E-12
virtual         0.1625E-09  0.4932E-13  0.7940E-11  0.2310E-11  0.3827E-09
                0.3415E-11  0.1563E-10  0.9880E-11  0.2064E-12  0.4335E-13
                0.8419E-13  0.3481E-09  0.8284E-11  0.4933E-11  0.2258E-10
                0.6150E-12  0.1018E-11  0.3937E-10
 
   SCF   Iteration =           13
   Final Energy    =   -20.6932697982950     
 
 
  CHISQ    =   0.0010653034
 
  Poisson It,Dist =           33  9.655018276137399E-005
  HFEX  =   -1.97616300047560     
 
  Number of OEP Cycles    =  411
  Total OEP Energy (a.u.) =    -16.8814514
  Delta E          (a.u.) =      0.0000030
  Norm of delta Veff =   1.218858841542285E-005
 
 Initializing start point of RANFQ
 
  18922 points have been accepted
 out of 102400 trials.
 
  ---- Orbital EigenValues ---- 
 Alpha   A1      -1.198636   -0.752129   -0.613938   -0.540104
virtual  A1 V    -0.217857   -0.144531   -0.107983   -0.105860   -0.077194
         A2 V    -0.042858   -0.075320   -0.060442   -0.059208   -0.054376
         A3 V    -0.051010   -0.005016   -0.022793   -0.010531   -0.005019
         A4 V    -0.005408   -0.011341   -0.023496
  ---- Residuals of Orbitals --- 
 Alpha          0.1265E-11  0.1188E-15  0.1984E-12  0.2440E-11
virtual         0.1750E-10  0.2591E-12  0.1778E-11  0.1534E-11  0.1381E-10
                0.1640E-10  0.1810E-11  0.4685E-10  0.1026E-13  0.4716E-13
                0.1236E-11  0.3235E-09  0.8209E-11  0.5647E-11  0.2768E-10
                0.2511E-12  0.1534E-11  0.1306E-09
 
   SCF   Iteration =           12
   Final Energy    =   -20.6930471981444     
 
 
  CHISQ    =   0.0010856424
 
  Poisson It,Dist =           39  9.829014926918307E-005
  HFEX  =   -1.97614857009300     
 
  Number of OEP Cycles    =  412
  Total OEP Energy (a.u.) =    -16.8814541
  Delta E          (a.u.) =     -0.0000028
  Norm of delta Veff =   1.212582605475413E-005
 
 Initializing start point of RANFQ
 
  18935 points have been accepted
 out of 102400 trials.
 
  ---- Orbital EigenValues ---- 
 Alpha   A1      -1.198626   -0.752121   -0.613934   -0.540100
virtual  A1 V    -0.217855   -0.144530   -0.107983   -0.105860   -0.077194
         A2 V    -0.042857   -0.075320   -0.060442   -0.059208   -0.054376
         A3 V    -0.051010   -0.005009   -0.022793   -0.010531   -0.005025
         A4 V    -0.005408   -0.011341   -0.023496
  ---- Residuals of Orbitals --- 
 Alpha          0.5084E-11  0.1167E-12  0.2929E-13  0.3023E-12
virtual         0.4106E-10  0.2486E-13  0.4779E-12  0.4686E-12  0.1303E-11
                0.7941E-11  0.1491E-10  0.8767E-10  0.8502E-14  0.8312E-13
                0.8541E-13  0.7253E-08  0.8242E-11  0.3738E-11  0.2746E-05
                0.2890E-13  0.2500E-12  0.3303E-11
 
   SCF   Iteration =           12
   Final Energy    =   -20.6928169561856     
 
 
  CHISQ    =   0.0011012462
 
  Poisson It,Dist =           40  9.855305783160440E-005
  HFEX  =   -1.97613503216229     
 
  Number of OEP Cycles    =  413
  Total OEP Energy (a.u.) =    -16.8814533
  Delta E          (a.u.) =      0.0000008
  Norm of delta Veff =   1.207150830005695E-005
 
 Initializing start point of RANFQ
 
  18906 points have been accepted
 out of 102400 trials.
 
  ---- Orbital EigenValues ---- 
 Alpha   A1      -1.198616   -0.752113   -0.613930   -0.540097
virtual  A1 V    -0.217854   -0.144528   -0.107983   -0.105860   -0.077194
         A2 V    -0.042857   -0.075320   -0.060442   -0.059208   -0.054376
         A3 V    -0.051010   -0.005014   -0.022793   -0.010531   -0.005021
         A4 V    -0.005408   -0.011341   -0.023496
  ---- Residuals of Orbitals --- 
 Alpha          0.9903E-11  0.1582E-12  0.6992E-11  0.1632E-12
virtual         0.1108E-12  0.4411E-11  0.3601E-11  0.1873E-12  0.2116E-11
                0.7118E-12  0.1732E-11  0.3207E-12  0.1306E-13  0.4623E-11
                0.3037E-10  0.3317E-09  0.1175E-10  0.2739E-11  0.3985E-07
                0.4302E-13  0.1599E-12  0.1212E-10
 
   SCF   Iteration =           11
   Final Energy    =   -20.6926049244324     
 
 
  CHISQ    =   0.0010742282
 
  Poisson It,Dist =           25  9.973383939789595E-005
  HFEX  =   -1.97612477143412     
 
  Number of OEP Cycles    =  414
  Total OEP Energy (a.u.) =    -16.8814464
  Delta E          (a.u.) =      0.0000069
  Norm of delta Veff =   1.203124884715437E-005
 
 Initializing start point of RANFQ
 
  18960 points have been accepted
 out of 102400 trials.
 
  ---- Orbital EigenValues ---- 
 Alpha   A1      -1.198606   -0.752104   -0.613926   -0.540093
virtual  A1 V    -0.217852   -0.144527   -0.107983   -0.105860   -0.077193
         A2 V    -0.042856   -0.075320   -0.060442   -0.059208   -0.054376
         A3 V    -0.051010   -0.005014   -0.022793   -0.010531   -0.005021
         A4 V    -0.005408   -0.011341   -0.023496
  ---- Residuals of Orbitals --- 
 Alpha          0.1118E-12  0.3948E-11  0.2847E-11  0.7668E-11
virtual         0.3133E-09  0.3641E-10  0.1158E-11  0.2256E-12  0.4024E-13
                0.1048E-12  0.1049E-11  0.7693E-13  0.1808E-12  0.7374E-14
                0.3869E-11  0.2585E-08  0.8226E-11  0.4091E-11  0.3524E-08
                0.2956E-11  0.2295E-10  0.1320E-10
 
   SCF   Iteration =           12
   Final Energy    =   -20.6924367081151     
 
 
  CHISQ    =   0.0010749164
 
  Poisson It,Dist =           45  9.846533902149837E-005
  HFEX  =   -1.97611115760704     
 
  Number of OEP Cycles    =  415
  Total OEP Energy (a.u.) =    -16.8814548
  Delta E          (a.u.) =     -0.0000084
  Norm of delta Veff =   1.197347216203478E-005
 
 Initializing start point of RANFQ
 
  18761 points have been accepted
 out of 102400 trials.
 
  ---- Orbital EigenValues ---- 
 Alpha   A1      -1.198596   -0.752096   -0.613922   -0.540089
virtual  A1 V    -0.217850   -0.144525   -0.107982   -0.105860   -0.077193
         A2 V    -0.042856   -0.075321   -0.060442   -0.059208   -0.054376
         A3 V    -0.051010   -0.005014   -0.022793   -0.010531   -0.005021
         A4 V    -0.005408   -0.011341   -0.023496
  ---- Residuals of Orbitals --- 
 Alpha          0.1639E-12  0.1281E-13  0.5040E-12  0.1432E-12
virtual         0.3077E-12  0.1937E-11  0.2897E-12  0.1683E-12  0.7680E-11
                0.4933E-10  0.3981E-12  0.1732E-12  0.5866E-14  0.2085E-12
                0.7221E-11  0.1013E-07  0.8105E-11  0.1619E-11  0.1258E-10
                0.1348E-12  0.1747E-11  0.2014E-10
 
   SCF   Iteration =           15
   Final Energy    =   -20.6922151217143     
 
 
  CHISQ    =   0.0010839159
 
  Poisson It,Dist =           72  9.985922010966635E-005
  HFEX  =   -1.97609072018010     
 
  Number of OEP Cycles    =  416
  Total OEP Energy (a.u.) =    -16.8814597
  Delta E          (a.u.) =     -0.0000049
  Norm of delta Veff =   1.188456063601393E-005
 
 Initializing start point of RANFQ
 
  18846 points have been accepted
 out of 102400 trials.
 
  ---- Orbital EigenValues ---- 
 Alpha   A1      -1.198586   -0.752088   -0.613918   -0.540085
virtual  A1 V    -0.217849   -0.144524   -0.107982   -0.105860   -0.077193
         A2 V    -0.042855   -0.075321   -0.060442   -0.059208   -0.054376
         A3 V    -0.051010   -0.005014   -0.022793   -0.010531   -0.005021
         A4 V    -0.005408   -0.011341   -0.023496
  ---- Residuals of Orbitals --- 
 Alpha          0.4318E-12  0.2084E-13  0.7080E-13  0.3987E-11
virtual         0.4126E-08  0.7561E-11  0.7192E-11  0.6610E-11  0.5221E-11
                0.1336E-12  0.8670E-11  0.1323E-10  0.5212E-14  0.2678E-12
                0.4303E-11  0.1962E-08  0.8489E-11  0.5210E-11  0.1581E-09
                0.2818E-12  0.2303E-11  0.2484E-09
 
   SCF   Iteration =            9
   Final Energy    =   -20.6919139833750     
 
 
  CHISQ    =   0.0010674365
 
  Poisson It,Dist =           40  9.453494342900105E-005
  HFEX  =   -1.97608390570809     
 
  Number of OEP Cycles    =  417
  Total OEP Energy (a.u.) =    -16.8814582
  Delta E          (a.u.) =      0.0000015
  Norm of delta Veff =   1.185837374414037E-005
 
 Initializing start point of RANFQ
 
  18854 points have been accepted
 out of 102400 trials.
 
  ---- Orbital EigenValues ---- 
 Alpha   A1      -1.198577   -0.752080   -0.613914   -0.540082
virtual  A1 V    -0.217847   -0.144523   -0.107982   -0.105860   -0.077193
         A2 V    -0.042855   -0.075321   -0.060442   -0.059208   -0.054376
         A3 V    -0.051010   -0.005014   -0.022793   -0.010531   -0.005021
         A4 V    -0.005408   -0.011341   -0.023495
  ---- Residuals of Orbitals --- 
 Alpha          0.3476E-12  0.6935E-12  0.2833E-11  0.5332E-12
virtual         0.2301E-12  0.2843E-10  0.7168E-12  0.1255E-11  0.5915E-12
                0.4100E-11  0.9511E-12  0.5754E-11  0.2778E-12  0.6940E-13
                0.1768E-12  0.1228E-07  0.7962E-11  0.2182E-11  0.1303E-10
                0.5327E-13  0.9202E-13  0.2873E-11
 
   SCF   Iteration =           11
   Final Energy    =   -20.6917827063239     
 
 
  CHISQ    =   0.0010547610
 
  Poisson It,Dist =           31  9.614891785158655E-005
  HFEX  =   -1.97607361455555     
 
  Number of OEP Cycles    =  418
  Total OEP Energy (a.u.) =    -16.8814516
  Delta E          (a.u.) =      0.0000066
  Norm of delta Veff =   1.181705121305691E-005
 
 Initializing start point of RANFQ
 
  18861 points have been accepted
 out of 102400 trials.
 
  ---- Orbital EigenValues ---- 
 Alpha   A1      -1.198567   -0.752072   -0.613910   -0.540078
virtual  A1 V    -0.217845   -0.144521   -0.107982   -0.105859   -0.077192
         A2 V    -0.042855   -0.075321   -0.060442   -0.059208   -0.054376
         A3 V    -0.051010   -0.005014   -0.022793   -0.010531   -0.005021
         A4 V    -0.005408   -0.011341   -0.023495
  ---- Residuals of Orbitals --- 
 Alpha          0.2599E-11  0.5055E-14  0.7176E-11  0.1730E-14
virtual         0.5118E-13  0.1161E-10  0.2441E-12  0.1416E-11  0.1552E-11
                0.4880E-11  0.5494E-13  0.1473E-11  0.1052E-12  0.7984E-12
                0.7509E-12  0.6468E-09  0.7872E-11  0.4825E-12  0.2686E-10
                0.8383E-11  0.2676E-12  0.7438E-11
 
   SCF   Iteration =           14
   Final Energy    =   -20.6916140382227     
 
 
  CHISQ    =   0.0010645977
 
  Poisson It,Dist =           44  9.920354069130663E-005
  HFEX  =   -1.97605746610084     
 
  Number of OEP Cycles    =  419
  Total OEP Energy (a.u.) =    -16.8814530
  Delta E          (a.u.) =     -0.0000013
  Norm of delta Veff =   1.175041321931094E-005
 
 Initializing start point of RANFQ
 
  18951 points have been accepted
 out of 102400 trials.
 
  ---- Orbital EigenValues ---- 
 Alpha   A1      -1.198558   -0.752063   -0.613906   -0.540075
virtual  A1 V    -0.217844   -0.144520   -0.107982   -0.105859   -0.077192
         A2 V    -0.042854   -0.075321   -0.060442   -0.059208   -0.054376
         A3 V    -0.051010   -0.005015   -0.022793   -0.010531   -0.005021
         A4 V    -0.005408   -0.011341   -0.023495
  ---- Residuals of Orbitals --- 
 Alpha          0.5461E-12  0.5892E-11  0.6491E-12  0.1672E-11
virtual         0.2351E-13  0.9947E-11  0.3736E-12  0.1066E-12  0.3872E-13
                0.6883E-10  0.2103E-12  0.2011E-11  0.7696E-14  0.3899E-14
                0.3162E-12  0.3104E-08  0.7513E-11  0.4229E-12  0.1406E-10
                0.1771E-13  0.1672E-10  0.1227E-10
 
   SCF   Iteration =           13
   Final Energy    =   -20.6913716864224     
 
 
  CHISQ    =   0.0010962817
 
  Poisson It,Dist =           29  9.899075391101303E-005
  HFEX  =   -1.97604514409991     
 
  Number of OEP Cycles    =  420
  Total OEP Energy (a.u.) =    -16.8814458
  Delta E          (a.u.) =      0.0000072
  Norm of delta Veff =   1.170211468137407E-005
 
 Initializing start point of RANFQ
 
  18802 points have been accepted
 out of 102400 trials.
 
  ---- Orbital EigenValues ---- 
 Alpha   A1      -1.198548   -0.752055   -0.613903   -0.540071
virtual  A1 V    -0.217842   -0.144519   -0.107982   -0.105859   -0.077192
         A2 V    -0.042854   -0.075321   -0.060442   -0.059208   -0.054376
         A3 V    -0.051010   -0.005015   -0.022792   -0.010532   -0.005021
         A4 V    -0.005408   -0.011341   -0.023495
  ---- Residuals of Orbitals --- 
 Alpha          0.7634E-13  0.5845E-11  0.1761E-10  0.2093E-11
virtual         0.1034E-13  0.1024E-10  0.7803E-11  0.6265E-12  0.4940E-12
                0.1995E-10  0.3466E-11  0.8023E-12  0.9785E-12  0.9655E-12
                0.1774E-10  0.1763E-09  0.8424E-11  0.3337E-12  0.2122E-09
                0.2401E-13  0.6443E-13  0.7850E-11
 
   SCF   Iteration =           12
   Final Energy    =   -20.6911826320098     
 
 
  CHISQ    =   0.0011034869
 
  Poisson It,Dist =           34  9.921046936130619E-005
  HFEX  =   -1.97603253645131     
 
  Number of OEP Cycles    =  421
  Total OEP Energy (a.u.) =    -16.8814479
  Delta E          (a.u.) =     -0.0000021
  Norm of delta Veff =   1.164874107194628E-005
 
 Initializing start point of RANFQ
 
  18840 points have been accepted
 out of 102400 trials.
 
  ---- Orbital EigenValues ---- 
 Alpha   A1      -1.198539   -0.752047   -0.613899   -0.540068
virtual  A1 V    -0.217840   -0.144517   -0.107981   -0.105859   -0.077192
         A2 V    -0.042853   -0.075321   -0.060442   -0.059208   -0.054376
         A3 V    -0.051010   -0.005015   -0.022792   -0.010532   -0.005021
         A4 V    -0.005408   -0.011341   -0.023495
  ---- Residuals of Orbitals --- 
 Alpha          0.1121E-11  0.8900E-12  0.7294E-11  0.3394E-11
virtual         0.4936E-11  0.1593E-10  0.2621E-10  0.4576E-11  0.2400E-12
                0.7559E-10  0.6679E-12  0.1206E-10  0.4411E-12  0.1331E-10
                0.1377E-11  0.5632E-09  0.8107E-11  0.6426E-12  0.9385E-11
                0.8787E-13  0.9941E-13  0.5749E-10
 
   SCF   Iteration =           11
   Final Energy    =   -20.6909791761129     
 
 
  CHISQ    =   0.0010814335
 
  Poisson It,Dist =           44  9.937004061069281E-005
  HFEX  =   -1.97602406796620     
 
  Number of OEP Cycles    =  422
  Total OEP Energy (a.u.) =    -16.8814525
  Delta E          (a.u.) =     -0.0000046
  Norm of delta Veff =   1.161332287145592E-005
 
 Initializing start point of RANFQ
 
  18807 points have been accepted
 out of 102400 trials.
 
  ---- Orbital EigenValues ---- 
 Alpha   A1      -1.198529   -0.752039   -0.613895   -0.540064
virtual  A1 V    -0.217839   -0.144516   -0.107981   -0.105859   -0.077191
         A2 V    -0.042853   -0.075321   -0.060441   -0.059208   -0.054376
         A3 V    -0.051010   -0.005015   -0.022792   -0.010532   -0.005021
         A4 V    -0.005408   -0.011341   -0.023495
  ---- Residuals of Orbitals --- 
 Alpha          0.3141E-11  0.2617E-12  0.2396E-11  0.3258E-12
virtual         0.3366E-10  0.2955E-13  0.2355E-12  0.3450E-11  0.2767E-12
                0.1386E-08  0.3607E-12  0.6080E-10  0.3479E-12  0.5230E-10
                0.5304E-11  0.3579E-07  0.3121E-10  0.2824E-11  0.3112E-09
                0.5374E-12  0.1079E-11  0.2830E-10
 
   SCF   Iteration =           17
   Final Energy    =   -20.6908222122971     
 
 
  CHISQ    =   0.0010555282
 
  Poisson It,Dist =           64  9.934897213189123E-005
  HFEX  =   -1.97600513189424     
 
  Number of OEP Cycles    =  423
  Total OEP Energy (a.u.) =    -16.8814576
  Delta E          (a.u.) =     -0.0000052
  Norm of delta Veff =   1.153640022260329E-005
 
 Initializing start point of RANFQ
 
  18971 points have been accepted
 out of 102400 trials.
 
  ---- Orbital EigenValues ---- 
 Alpha   A1      -1.198520   -0.752032   -0.613892   -0.540061
virtual  A1 V    -0.217837   -0.144515   -0.107981   -0.105859   -0.077191
         A2 V    -0.042853   -0.075322   -0.060441   -0.059208   -0.054376
         A3 V    -0.051010   -0.005015   -0.022792   -0.010532   -0.005021
         A4 V    -0.005408   -0.011341   -0.023495
  ---- Residuals of Orbitals --- 
 Alpha          0.1018E-10  0.2813E-15  0.7509E-11  0.8576E-12
virtual         0.3097E-12  0.7874E-11  0.2370E-11  0.3057E-11  0.1144E-11
                0.8739E-11  0.4769E-12  0.5390E-11  0.8186E-14  0.8471E-12
                0.7020E-11  0.5136E-08  0.8125E-11  0.1119E-11  0.9030E-10
                0.6140E-13  0.2746E-11  0.5001E-11
 
   SCF   Iteration =           12
   Final Energy    =   -20.6905460514883     
 
 
  CHISQ    =   0.0010948730
 
  Poisson It,Dist =           25  9.405456320609543E-005
  HFEX  =   -1.97599436835419     
 
  Number of OEP Cycles    =  424
  Total OEP Energy (a.u.) =    -16.8814485
  Delta E          (a.u.) =      0.0000092
  Norm of delta Veff =   1.149245981900597E-005
 
 Initializing start point of RANFQ
 
  18785 points have been accepted
 out of 102400 trials.
 
  ---- Orbital EigenValues ---- 
 Alpha   A1      -1.198511   -0.752024   -0.613888   -0.540057
virtual  A1 V    -0.217836   -0.144514   -0.107981   -0.105859   -0.077191
         A2 V    -0.042852   -0.075322   -0.060441   -0.059209   -0.054376
         A3 V    -0.051010   -0.005015   -0.022792   -0.010532   -0.005021
         A4 V    -0.005408   -0.011341   -0.023495
  ---- Residuals of Orbitals --- 
 Alpha          0.5640E-13  0.1251E-12  0.3148E-12  0.3370E-13
virtual         0.3358E-12  0.3381E-08  0.2305E-12  0.2968E-11  0.5760E-12
                0.1221E-10  0.3467E-11  0.6868E-11  0.7545E-14  0.1273E-10
                0.3886E-11  0.1531E-09  0.4877E-10  0.8118E-13  0.1161E-09
                0.4910E-12  0.4845E-13  0.3159E-10
 
   SCF   Iteration =            9
   Final Energy    =   -20.6903769723679     
 
 
  CHISQ    =   0.0010566938
 
  Poisson It,Dist =           30  9.900699580404525E-005
  HFEX  =   -1.97598522315498     
 
  Number of OEP Cycles    =  425
  Total OEP Energy (a.u.) =    -16.8814486
  Delta E          (a.u.) =     -0.0000002
  Norm of delta Veff =   1.145397635907605E-005
 
 Initializing start point of RANFQ
 
  18883 points have been accepted
 out of 102400 trials.
 
  ---- Orbital EigenValues ---- 
 Alpha   A1      -1.198502   -0.752016   -0.613884   -0.540054
virtual  A1 V    -0.217834   -0.144512   -0.107981   -0.105859   -0.077191
         A2 V    -0.042852   -0.075322   -0.060441   -0.059209   -0.054377
         A3 V    -0.051010   -0.005015   -0.022792   -0.010532   -0.005021
         A4 V    -0.005408   -0.011341   -0.023495
  ---- Residuals of Orbitals --- 
 Alpha          0.8823E-11  0.3855E-15  0.5175E-13  0.1699E-14
virtual         0.2351E-12  0.6387E-10  0.3460E-12  0.1288E-11  0.2815E-11
                0.1436E-11  0.1804E-11  0.3180E-12  0.1046E-11  0.6396E-10
                0.9027E-11  0.1475E-09  0.6826E-11  0.7430E-13  0.1073E-10
                0.1135E-12  0.5113E-10  0.2231E-10
 
   SCF   Iteration =           13
   Final Energy    =   -20.6902172372971     
 
 
  CHISQ    =   0.0010600874
 
  Poisson It,Dist =           28  9.986174032913571E-005
  HFEX  =   -1.97597258521172     
 
  Number of OEP Cycles    =  426
  Total OEP Energy (a.u.) =    -16.8814438
  Delta E          (a.u.) =      0.0000049
  Norm of delta Veff =   1.140723941900273E-005
 
 Initializing start point of RANFQ
 
  18851 points have been accepted
 out of 102400 trials.
 
  ---- Orbital EigenValues ---- 
 Alpha   A1      -1.198493   -0.752008   -0.613881   -0.540051
virtual  A1 V    -0.217832   -0.144511   -0.107981   -0.105859   -0.077191
         A2 V    -0.042851   -0.075322   -0.060441   -0.059209   -0.054377
         A3 V    -0.051010   -0.005015   -0.022792   -0.010532   -0.005021
         A4 V    -0.005408   -0.011341   -0.023495
  ---- Residuals of Orbitals --- 
 Alpha          0.3509E-11  0.4460E-15  0.3187E-14  0.3700E-12
virtual         0.1398E-11  0.1972E-09  0.3431E-11  0.2257E-11  0.2038E-08
                0.2426E-12  0.1381E-10  0.6647E-11  0.1101E-12  0.1460E-10
                0.4603E-12  0.1987E-08  0.7409E-11  0.6624E-13  0.1312E-08
                0.5745E-13  0.1467E-13  0.6450E-11
 
   SCF   Iteration =           13
   Final Energy    =   -20.6900261474754     
 
 
  CHISQ    =   0.0010512345
 
  Poisson It,Dist =           41  9.783707915662542E-005
  HFEX  =   -1.97596036868444     
 
  Number of OEP Cycles    =  427
  Total OEP Energy (a.u.) =    -16.8814509
  Delta E          (a.u.) =     -0.0000071
  Norm of delta Veff =   1.135322929241321E-005
 
 Initializing start point of RANFQ
 
  18836 points have been accepted
 out of 102400 trials.
 
  ---- Orbital EigenValues ---- 
 Alpha   A1      -1.198484   -0.752000   -0.613877   -0.540048
virtual  A1 V    -0.217831   -0.144510   -0.107981   -0.105858   -0.077190
         A2 V    -0.042851   -0.075322   -0.060441   -0.059209   -0.054377
         A3 V    -0.051010   -0.005015   -0.022792   -0.010532   -0.005021
         A4 V    -0.005408   -0.011341   -0.023495
  ---- Residuals of Orbitals --- 
 Alpha          0.8773E-13  0.1003E-11  0.1792E-11  0.5742E-11
virtual         0.2086E-12  0.5155E-12  0.1609E-11  0.7395E-12  0.9565E-10
                0.9658E-12  0.3113E-11  0.8569E-11  0.9196E-14  0.4044E-11
                0.1198E-11  0.2426E-09  0.6536E-11  0.6597E-13  0.1471E-10
                0.2878E-12  0.2996E-12  0.4912E-11
 
   SCF   Iteration =           10
   Final Energy    =   -20.6898228779208     
 
 
  CHISQ    =   0.0010639018
 
  Poisson It,Dist =           19  9.854939367028521E-005
  HFEX  =   -1.97595052288646     
 
  Number of OEP Cycles    =  428
  Total OEP Energy (a.u.) =    -16.8814372
  Delta E          (a.u.) =      0.0000137
  Norm of delta Veff =   1.131590325467775E-005
 
 Initializing start point of RANFQ
 
  18835 points have been accepted
 out of 102400 trials.
 
  ---- Orbital EigenValues ---- 
 Alpha   A1      -1.198475   -0.751993   -0.613874   -0.540045
virtual  A1 V    -0.217829   -0.144508   -0.107980   -0.105858   -0.077190
         A2 V    -0.042851   -0.075322   -0.060441   -0.059209   -0.054377
         A3 V    -0.051010   -0.005015   -0.022792   -0.010532   -0.005021
         A4 V    -0.005408   -0.011341   -0.023495
  ---- Residuals of Orbitals --- 
 Alpha          0.3969E-11  0.1054E-10  0.1795E-13  0.1293E-12
virtual         0.1454E-09  0.5208E-12  0.1629E-11  0.7368E-12  0.8367E-11
                0.3399E-10  0.2499E-13  0.4425E-12  0.4371E-13  0.9026E-11
                0.4341E-12  0.2716E-08  0.8762E-11  0.7551E-13  0.7148E-10
                0.1012E-12  0.1386E-12  0.6092E-11
 
   SCF   Iteration =           10
   Final Energy    =   -20.6896715335031     
 
 
  CHISQ    =   0.0010839257
 
  Poisson It,Dist =           48  9.703231871675671E-005
  HFEX  =   -1.97594040656403     
 
  Number of OEP Cycles    =  429
  Total OEP Energy (a.u.) =    -16.8814494
  Delta E          (a.u.) =     -0.0000122
  Norm of delta Veff =   1.127229537691700E-005
 
 Initializing start point of RANFQ
 
  18900 points have been accepted
 out of 102400 trials.
 
  ---- Orbital EigenValues ---- 
 Alpha   A1      -1.198466   -0.751985   -0.613871   -0.540042
virtual  A1 V    -0.217828   -0.144507   -0.107980   -0.105858   -0.077190
         A2 V    -0.042850   -0.075322   -0.060441   -0.059209   -0.054377
         A3 V    -0.051010   -0.005015   -0.022792   -0.010532   -0.005021
         A4 V    -0.005408   -0.011341   -0.023495
  ---- Residuals of Orbitals --- 
 Alpha          0.6995E-12  0.7208E-11  0.3531E-11  0.4444E-12
virtual         0.5352E-11  0.2029E-13  0.1618E-11  0.2365E-11  0.9813E-10
                0.2025E-13  0.4180E-13  0.7006E-12  0.1506E-13  0.9294E-12
                0.9589E-11  0.9555E-09  0.6645E-11  0.6968E-13  0.6324E-10
                0.2162E-13  0.1041E-12  0.1506E-10
 
   SCF   Iteration =           13
   Final Energy    =   -20.6894917422008     
 
 
  CHISQ    =   0.0010730037
 
  Poisson It,Dist =           42  9.754745855292991E-005
  HFEX  =   -1.97592680056567     
 
  Number of OEP Cycles    =  430
  Total OEP Energy (a.u.) =    -16.8814468
  Delta E          (a.u.) =      0.0000026
  Norm of delta Veff =   1.121911184210766E-005
 
 Initializing start point of RANFQ
 
  18947 points have been accepted
 out of 102400 trials.
 
  ---- Orbital EigenValues ---- 
 Alpha   A1      -1.198457   -0.751977   -0.613867   -0.540039
virtual  A1 V    -0.217826   -0.144506   -0.107980   -0.105858   -0.077190
         A2 V    -0.042850   -0.075323   -0.060441   -0.059209   -0.054377
         A3 V    -0.051010   -0.005015   -0.022791   -0.010533   -0.005021
         A4 V    -0.005408   -0.011341   -0.023495
  ---- Residuals of Orbitals --- 
 Alpha          0.3237E-11  0.1895E-11  0.1139E-10  0.1871E-11
virtual         0.3470E-12  0.2376E-13  0.1085E-10  0.3129E-11  0.6945E-13
                0.3250E-12  0.2168E-13  0.1244E-11  0.1801E-12  0.1075E-09
                0.7664E-13  0.1477E-09  0.5085E-11  0.6983E-13  0.8745E-11
                0.2500E-12  0.1547E-09  0.3094E-11
 
   SCF   Iteration =           13
   Final Energy    =   -20.6892867183732     
 
 
  CHISQ    =   0.0011028600
 
  Poisson It,Dist =           32  9.835312930307420E-005
  HFEX  =   -1.97591349813898     
 
  Number of OEP Cycles    =  431
  Total OEP Energy (a.u.) =    -16.8814427
  Delta E          (a.u.) =      0.0000040
  Norm of delta Veff =   1.116359484253592E-005
 
 Initializing start point of RANFQ
 
  18989 points have been accepted
 out of 102400 trials.
 
  ---- Orbital EigenValues ---- 
 Alpha   A1      -1.198448   -0.751970   -0.613864   -0.540036
virtual  A1 V    -0.217825   -0.144505   -0.107980   -0.105858   -0.077189
         A2 V    -0.042850   -0.075323   -0.060441   -0.059209   -0.054377
         A3 V    -0.051010   -0.005015   -0.022791   -0.010533   -0.005021
         A4 V    -0.005408   -0.011341   -0.023495
  ---- Residuals of Orbitals --- 
 Alpha          0.1420E-10  0.4480E-13  0.3344E-11  0.1185E-13
virtual         0.1207E-10  0.3264E-13  0.5060E-12  0.1945E-11  0.1580E-12
                0.2715E-11  0.6341E-09  0.3494E-13  0.3278E-13  0.2206E-11
                0.3984E-11  0.6104E-09  0.6804E-11  0.2276E-12  0.1324E-09
                0.1216E-13  0.7758E-13  0.6457E-11
 
   SCF   Iteration =           11
   Final Energy    =   -20.6890843641602     
 
 
  CHISQ    =   0.0010902251
 
  Poisson It,Dist =           28  9.520476452903394E-005
  HFEX  =   -1.97590588353336     
 
  Number of OEP Cycles    =  432
  Total OEP Energy (a.u.) =    -16.8814430
  Delta E          (a.u.) =     -0.0000003
  Norm of delta Veff =   1.113119171014337E-005
 
 Initializing start point of RANFQ
 
  19020 points have been accepted
 out of 102400 trials.
 
  ---- Orbital EigenValues ---- 
 Alpha   A1      -1.198439   -0.751962   -0.613861   -0.540033
virtual  A1 V    -0.217823   -0.144503   -0.107980   -0.105858   -0.077189
         A2 V    -0.042849   -0.075323   -0.060441   -0.059209   -0.054377
         A3 V    -0.051010   -0.005015   -0.022791   -0.010533   -0.005021
         A4 V    -0.005408   -0.011341   -0.023495
  ---- Residuals of Orbitals --- 
 Alpha          0.1152E-10  0.1595E-13  0.8259E-11  0.8217E-12
virtual         0.3759E-11  0.3992E-13  0.3725E-11  0.1673E-11  0.1042E-10
                0.3304E-10  0.7640E-13  0.5655E-11  0.5214E-14  0.1303E-11
                0.3644E-11  0.1346E-09  0.5339E-11  0.7272E-13  0.3832E-10
                0.3133E-13  0.2189E-12  0.3724E-10
 
   SCF   Iteration =           10
   Final Energy    =   -20.6889445575844     
 
 
  CHISQ    =   0.0010999407
 
  Poisson It,Dist =           32  9.735344358804522E-005
  HFEX  =   -1.97589487943694     
 
  Number of OEP Cycles    =  433
  Total OEP Energy (a.u.) =    -16.8814446
  Delta E          (a.u.) =     -0.0000016
  Norm of delta Veff =   1.108507814438790E-005
 
 Initializing start point of RANFQ
 
  18861 points have been accepted
 out of 102400 trials.
 
  ---- Orbital EigenValues ---- 
 Alpha   A1      -1.198430   -0.751955   -0.613857   -0.540030
virtual  A1 V    -0.217822   -0.144502   -0.107980   -0.105858   -0.077189
         A2 V    -0.042849   -0.075323   -0.060441   -0.059209   -0.054377
         A3 V    -0.051010   -0.005015   -0.022791   -0.010533   -0.005021
         A4 V    -0.005408   -0.011341   -0.023495
  ---- Residuals of Orbitals --- 
 Alpha          0.1332E-12  0.5212E-12  0.4943E-14  0.4546E-11
virtual         0.7457E-12  0.2042E-12  0.5804E-10  0.1801E-12  0.2263E-09
                0.1255E-12  0.8051E-11  0.2436E-10  0.3459E-14  0.2642E-11
                0.5602E-12  0.1154E-09  0.5828E-11  0.2087E-11  0.5308E-09
                0.4843E-12  0.4834E-13  0.6546E-11
 
   SCF   Iteration =           10
   Final Energy    =   -20.6887654194106     
 
 
  CHISQ    =   0.0010488720
 
  Poisson It,Dist =           73  9.724015875637134E-005
  HFEX  =   -1.97588279336453     
 
  Number of OEP Cycles    =  434
  Total OEP Energy (a.u.) =    -16.8814543
  Delta E          (a.u.) =     -0.0000097
  Norm of delta Veff =   1.103240149062634E-005
 
 Initializing start point of RANFQ
 
  18885 points have been accepted
 out of 102400 trials.
 
  ---- Orbital EigenValues ---- 
 Alpha   A1      -1.198422   -0.751947   -0.613854   -0.540027
virtual  A1 V    -0.217820   -0.144501   -0.107979   -0.105858   -0.077189
         A2 V    -0.042848   -0.075323   -0.060441   -0.059209   -0.054377
         A3 V    -0.051010   -0.005015   -0.022791   -0.010533   -0.005021
         A4 V    -0.005408   -0.011341   -0.023494
  ---- Residuals of Orbitals --- 
 Alpha          0.2877E-11  0.6794E-13  0.1156E-10  0.1609E-13
virtual         0.2059E-11  0.8888E-13  0.1625E-12  0.1499E-12  0.4407E-10
                0.3218E-11  0.3680E-12  0.1081E-11  0.1186E-13  0.4018E-12
                0.1317E-11  0.1142E-08  0.5685E-11  0.2259E-12  0.1275E-09
                0.2792E-11  0.2423E-11  0.2871E-11
 
   SCF   Iteration =           13
   Final Energy    =   -20.6885653152262     
 
 
  CHISQ    =   0.0010747536
 
  Poisson It,Dist =           30  9.573437011523910E-005
  HFEX  =   -1.97587026089821     
 
  Number of OEP Cycles    =  435
  Total OEP Energy (a.u.) =    -16.8814477
  Delta E          (a.u.) =      0.0000066
  Norm of delta Veff =   1.098422045535958E-005
 
 Initializing start point of RANFQ
 
  18726 points have been accepted
 out of 102400 trials.
 
  ---- Orbital EigenValues ---- 
 Alpha   A1      -1.198413   -0.751940   -0.613851   -0.540024
virtual  A1 V    -0.217819   -0.144500   -0.107979   -0.105858   -0.077189
         A2 V    -0.042848   -0.075323   -0.060441   -0.059209   -0.054377
         A3 V    -0.051010   -0.005015   -0.022791   -0.010533   -0.005021
         A4 V    -0.005408   -0.011341   -0.023494
  ---- Residuals of Orbitals --- 
 Alpha          0.2068E-12  0.1228E-12  0.6973E-12  0.2451E-11
virtual         0.2222E-11  0.4004E-12  0.1191E-11  0.5523E-12  0.6829E-10
                0.6662E-11  0.4979E-12  0.5781E-11  0.2078E-13  0.6069E-11
                0.6094E-11  0.3603E-08  0.5585E-11  0.3456E-12  0.9717E-11
                0.2898E-13  0.1822E-11  0.4256E-10
 
   SCF   Iteration =           10
   Final Energy    =   -20.6883779828251     
 
 
  CHISQ    =   0.0010866538
 
  Poisson It,Dist =           33  9.950923116694924E-005
  HFEX  =   -1.97585978351426     
 
  Number of OEP Cycles    =  436
  Total OEP Energy (a.u.) =    -16.8814445
  Delta E          (a.u.) =      0.0000032
  Norm of delta Veff =   1.094115346171849E-005
 
 Initializing start point of RANFQ
 
  18838 points have been accepted
 out of 102400 trials.
 
  ---- Orbital EigenValues ---- 
 Alpha   A1      -1.198405   -0.751932   -0.613848   -0.540021
virtual  A1 V    -0.217817   -0.144499   -0.107979   -0.105858   -0.077188
         A2 V    -0.042848   -0.075323   -0.060441   -0.059209   -0.054377
         A3 V    -0.051010   -0.005015   -0.022791   -0.010533   -0.005021
         A4 V    -0.005408   -0.011341   -0.023494
  ---- Residuals of Orbitals --- 
 Alpha          0.3143E-11  0.7906E-12  0.2867E-11  0.2678E-11
virtual         0.9379E-11  0.7284E-12  0.3837E-12  0.2719E-12  0.1988E-10
                0.3425E-11  0.5254E-11  0.1869E-11  0.2153E-12  0.3069E-11
                0.3110E-12  0.5751E-09  0.5662E-11  0.1165E-11  0.8614E-10
                0.4296E-13  0.2192E-11  0.2236E-10
 
   SCF   Iteration =           12
   Final Energy    =   -20.6882111741475     
 
 
  CHISQ    =   0.0010302382
 
  Poisson It,Dist =           33  9.658487683747368E-005
  HFEX  =   -1.97584785130784     
 
  Number of OEP Cycles    =  437
  Total OEP Energy (a.u.) =    -16.8814460
  Delta E          (a.u.) =     -0.0000015
  Norm of delta Veff =   1.089033696805522E-005
 
 Initializing start point of RANFQ
 
  18911 points have been accepted
 out of 102400 trials.
 
  ---- Orbital EigenValues ---- 
 Alpha   A1      -1.198396   -0.751925   -0.613845   -0.540018
virtual  A1 V    -0.217816   -0.144497   -0.107979   -0.105858   -0.077188
         A2 V    -0.042847   -0.075323   -0.060441   -0.059209   -0.054377
         A3 V    -0.051010   -0.005015   -0.022791   -0.010533   -0.005021
         A4 V    -0.005408   -0.011341   -0.023494
  ---- Residuals of Orbitals --- 
 Alpha          0.7912E-12  0.2516E-14  0.2676E-12  0.1608E-12
virtual         0.5420E-10  0.6473E-12  0.1475E-12  0.7480E-13  0.4290E-10
                0.9077E-10  0.1609E-11  0.1192E-09  0.3382E-12  0.1089E-10
                0.5537E-12  0.2148E-06  0.5458E-11  0.1164E-12  0.3485E-09
                0.9935E-12  0.8574E-13  0.4051E-11
 
   SCF   Iteration =           13
   Final Energy    =   -20.6880216738537     
 
 
  CHISQ    =   0.0010872799
 
  Poisson It,Dist =           36  9.916083060833830E-005
  HFEX  =   -1.97583668802069     
 
  Number of OEP Cycles    =  438
  Total OEP Energy (a.u.) =    -16.8814440
  Delta E          (a.u.) =      0.0000019
  Norm of delta Veff =   1.084671902158063E-005
 
 Initializing start point of RANFQ
 
  18847 points have been accepted
 out of 102400 trials.
 
  ---- Orbital EigenValues ---- 
 Alpha   A1      -1.198388   -0.751918   -0.613842   -0.540016
virtual  A1 V    -0.217814   -0.144496   -0.107979   -0.105858   -0.077188
         A2 V    -0.042847   -0.075324   -0.060441   -0.059209   -0.054377
         A3 V    -0.051010   -0.005015   -0.022791   -0.010533   -0.005021
         A4 V    -0.005408   -0.011341   -0.023494
  ---- Residuals of Orbitals --- 
 Alpha          0.7235E-11  0.3782E-11  0.3298E-11  0.1524E-11
virtual         0.5880E-11  0.7747E-13  0.1425E-12  0.5317E-13  0.3092E-10
                0.4968E-11  0.5427E-12  0.3532E-10  0.3187E-13  0.4342E-11
                0.2602E-11  0.7601E-10  0.5430E-11  0.8474E-12  0.5976E-10
                0.1268E-10  0.2748E-12  0.3306E-11
 
   SCF   Iteration =           11
   Final Energy    =   -20.6878464931612     
 
 
  CHISQ    =   0.0010586069
 
  Poisson It,Dist =           32  9.696965577529637E-005
  HFEX  =   -1.97582645041827     
 
  Number of OEP Cycles    =  439
  Total OEP Energy (a.u.) =    -16.8814417
  Delta E          (a.u.) =      0.0000023
  Norm of delta Veff =   1.080487264018449E-005
 
 Initializing start point of RANFQ
 
  18758 points have been accepted
 out of 102400 trials.
 
  ---- Orbital EigenValues ---- 
 Alpha   A1      -1.198379   -0.751910   -0.613839   -0.540013
virtual  A1 V    -0.217813   -0.144495   -0.107979   -0.105857   -0.077188
         A2 V    -0.042847   -0.075324   -0.060441   -0.059209   -0.054377
         A3 V    -0.051010   -0.005015   -0.022791   -0.010533   -0.005021
         A4 V    -0.005408   -0.011341   -0.023494
  ---- Residuals of Orbitals --- 
 Alpha          0.5051E-11  0.2948E-11  0.7849E-11  0.3268E-11
virtual         0.9931E-12  0.1354E-12  0.1449E-12  0.5901E-13  0.1913E-09
                0.2346E-11  0.1174E-12  0.5583E-11  0.9697E-13  0.6869E-12
                0.2736E-12  0.2843E-08  0.6044E-11  0.6150E-10  0.2172E-10
                0.1741E-11  0.3199E-12  0.2506E-11
 
   SCF   Iteration =           12
   Final Energy    =   -20.6876829304553     
 
 
  CHISQ    =   0.0010523010
 
  Poisson It,Dist =           33  9.760167811719392E-005
  HFEX  =   -1.97581794454625     
 
  Number of OEP Cycles    =  440
  Total OEP Energy (a.u.) =    -16.8814446
  Delta E          (a.u.) =     -0.0000029
  Norm of delta Veff =   1.076858007156449E-005
 
 Initializing start point of RANFQ
 
  18796 points have been accepted
 out of 102400 trials.
 
  ---- Orbital EigenValues ---- 
 Alpha   A1      -1.198371   -0.751903   -0.613836   -0.540010
virtual  A1 V    -0.217812   -0.144494   -0.107979   -0.105857   -0.077188
         A2 V    -0.042846   -0.075324   -0.060441   -0.059209   -0.054377
         A3 V    -0.051010   -0.005015   -0.022791   -0.010533   -0.005021
         A4 V    -0.005408   -0.011341   -0.023494
  ---- Residuals of Orbitals --- 
 Alpha          0.5053E-12  0.1491E-11  0.1320E-11  0.4288E-12
virtual         0.2550E-11  0.3761E-08  0.1414E-12  0.3545E-13  0.3359E-11
                0.6368E-11  0.1709E-11  0.8630E-11  0.5633E-13  0.1687E-11
                0.5233E-12  0.7437E-09  0.5202E-11  0.1063E-10  0.1689E-09
                0.7318E-14  0.7525E-13  0.5995E-11
 
   SCF   Iteration =           10
   Final Energy    =   -20.6875335777199     
 
 
  CHISQ    =   0.0010692186
 
  Poisson It,Dist =           31  9.878028281159478E-005
  HFEX  =   -1.97580830183080     
 
  Number of OEP Cycles    =  441
  Total OEP Energy (a.u.) =    -16.8814403
  Delta E          (a.u.) =      0.0000043
  Norm of delta Veff =   1.073116537599590E-005
 
 Initializing start point of RANFQ
 
  18829 points have been accepted
 out of 102400 trials.
 
  ---- Orbital EigenValues ---- 
 Alpha   A1      -1.198363   -0.751896   -0.613833   -0.540008
virtual  A1 V    -0.217810   -0.144493   -0.107979   -0.105857   -0.077187
         A2 V    -0.042846   -0.075324   -0.060441   -0.059209   -0.054377
         A3 V    -0.051010   -0.005015   -0.022791   -0.010534   -0.005021
         A4 V    -0.005408   -0.011341   -0.023494
  ---- Residuals of Orbitals --- 
 Alpha          0.4451E-11  0.3513E-10  0.2238E-10  0.1976E-11
virtual         0.4523E-10  0.1270E-09  0.1524E-12  0.2665E-13  0.2150E-09
                0.2432E-06  0.2514E-12  0.1497E-08  0.1000E-13  0.2541E-12
                0.1225E-13  0.2096E-09  0.3469E-11  0.6477E-11  0.8586E-10
                0.8334E-14  0.6522E-13  0.6217E-10
 
   SCF   Iteration =           13
   Final Energy    =   -20.6873812231651     
 
 
  CHISQ    =   0.0010508396
 
  Poisson It,Dist =           51  9.569288350350537E-005
  HFEX  =   -1.97579645510002     
 
  Number of OEP Cycles    =  442
  Total OEP Energy (a.u.) =    -16.8814461
  Delta E          (a.u.) =     -0.0000058
  Norm of delta Veff =   1.068038819972477E-005
 
 Initializing start point of RANFQ
 
  18909 points have been accepted
 out of 102400 trials.
 
  ---- Orbital EigenValues ---- 
 Alpha   A1      -1.198354   -0.751889   -0.613830   -0.540005
virtual  A1 V    -0.217809   -0.144492   -0.107978   -0.105857   -0.077187
         A2 V    -0.042846   -0.075324   -0.060441   -0.059209   -0.054377
         A3 V    -0.051010   -0.005015   -0.022790   -0.010534   -0.005021
         A4 V    -0.005408   -0.011341   -0.023494
  ---- Residuals of Orbitals --- 
 Alpha          0.5205E-11  0.3908E-12  0.1180E-10  0.2837E-11
virtual         0.5427E-11  0.4943E-09  0.1546E-12  0.2228E-13  0.4897E-12
                0.9222E-10  0.2773E-12  0.2061E-10  0.2269E-13  0.6479E-12
                0.1060E-12  0.1576E-09  0.3567E-11  0.2126E-11  0.2562E-10
                0.7795E-14  0.4891E-12  0.4807E-10
 
   SCF   Iteration =           12
   Final Energy    =   -20.6871896339667     
 
 
  CHISQ    =   0.0010674005
 
  Poisson It,Dist =           49  9.845131787933571E-005
  HFEX  =   -1.97578433138434     
 
  Number of OEP Cycles    =  443
  Total OEP Energy (a.u.) =    -16.8814441
  Delta E          (a.u.) =      0.0000020
  Norm of delta Veff =   1.062971089340372E-005
 
 Initializing start point of RANFQ
 
  18871 points have been accepted
 out of 102400 trials.
 
  ---- Orbital EigenValues ---- 
 Alpha   A1      -1.198346   -0.751882   -0.613827   -0.540003
virtual  A1 V    -0.217807   -0.144490   -0.107978   -0.105857   -0.077187
         A2 V    -0.042845   -0.075324   -0.060440   -0.059209   -0.054377
         A3 V    -0.051010   -0.005015   -0.022790   -0.010534   -0.005021
         A4 V    -0.005408   -0.011341   -0.023494
  ---- Residuals of Orbitals --- 
 Alpha          0.3771E-11  0.2107E-12  0.3348E-13  0.1595E-11
virtual         0.2641E-10  0.5150E-09  0.1500E-12  0.1671E-13  0.4674E-11
                0.1721E-11  0.2719E-13  0.1818E-12  0.1858E-12  0.7047E-13
                0.2411E-13  0.1383E-08  0.3557E-11  0.2496E-12  0.1272E-10
                0.7578E-14  0.1790E-11  0.6502E-11
 
   SCF   Iteration =           11
   Final Energy    =   -20.6870026683751     
 
 
  CHISQ    =   0.0010641681
 
  Poisson It,Dist =           27  9.673906041474421E-005
  HFEX  =   -1.97577398635744     
 
  Number of OEP Cycles    =  444
  Total OEP Energy (a.u.) =    -16.8814385
  Delta E          (a.u.) =      0.0000057
  Norm of delta Veff =   1.058815476795672E-005
 
 Initializing start point of RANFQ
 
  18896 points have been accepted
 out of 102400 trials.
 
  ---- Orbital EigenValues ---- 
 Alpha   A1      -1.198338   -0.751875   -0.613824   -0.540000
virtual  A1 V    -0.217806   -0.144489   -0.107978   -0.105857   -0.077187
         A2 V    -0.042845   -0.075324   -0.060440   -0.059209   -0.054377
         A3 V    -0.051010   -0.005015   -0.022790   -0.010534   -0.005021
         A4 V    -0.005408   -0.011341   -0.023494
  ---- Residuals of Orbitals --- 
 Alpha          0.1138E-10  0.3255E-11  0.1506E-13  0.8631E-14
virtual         0.1151E-11  0.1189E-12  0.6106E-11  0.1252E-13  0.1836E-12
                0.2084E-11  0.3169E-13  0.9320E-12  0.7342E-13  0.1861E-12
                0.5350E-12  0.8505E-10  0.3783E-11  0.5064E-11  0.1051E-10
                0.1350E-11  0.2387E-11  0.4082E-09
 
   SCF   Iteration =            9
   Final Energy    =   -20.6868416426754     
 
 
  CHISQ    =   0.0010696877
 
  Poisson It,Dist =           42  9.730163465985010E-005
  HFEX  =   -1.97576691803089     
 
  Number of OEP Cycles    =  445
  Total OEP Energy (a.u.) =    -16.8814460
  Delta E          (a.u.) =     -0.0000075
  Norm of delta Veff =   1.055746392252428E-005
 
 Initializing start point of RANFQ
 
  18808 points have been accepted
 out of 102400 trials.
 
  ---- Orbital EigenValues ---- 
 Alpha   A1      -1.198330   -0.751867   -0.613822   -0.539998
virtual  A1 V    -0.217805   -0.144488   -0.107978   -0.105857   -0.077187
         A2 V    -0.042845   -0.075324   -0.060440   -0.059209   -0.054377
         A3 V    -0.051010   -0.005015   -0.022790   -0.010534   -0.005021
         A4 V    -0.005408   -0.011341   -0.023494
  ---- Residuals of Orbitals --- 
 Alpha          0.6269E-11  0.7723E-11  0.1077E-10  0.6658E-13
virtual         0.4206E-11  0.5967E-11  0.3726E-11  0.1014E-13  0.8879E-11
                0.5009E-11  0.2959E-13  0.1403E-10  0.3751E-12  0.1899E-12
                0.2679E-10  0.1617E-09  0.4478E-11  0.4141E-11  0.1174E-09
                0.1937E-11  0.2647E-12  0.2679E-10
 
   SCF   Iteration =           12
   Final Energy    =   -20.6867076963152     
 
 
  CHISQ    =   0.0010713573
 
  Poisson It,Dist =           63  9.679338415607030E-005
  HFEX  =   -1.97575675311596     
 
  Number of OEP Cycles    =  446
  Total OEP Energy (a.u.) =    -16.8814470
  Delta E          (a.u.) =     -0.0000010
  Norm of delta Veff =   1.051604817479991E-005
 
 Initializing start point of RANFQ
 
  18827 points have been accepted
 out of 102400 trials.
 
  ---- Orbital EigenValues ---- 
 Alpha   A1      -1.198322   -0.751860   -0.613819   -0.539995
virtual  A1 V    -0.217803   -0.144487   -0.107978   -0.105857   -0.077186
         A2 V    -0.042844   -0.075325   -0.060440   -0.059209   -0.054377
         A3 V    -0.051010   -0.005015   -0.022790   -0.010534   -0.005021
         A4 V    -0.005408   -0.011341   -0.023494
  ---- Residuals of Orbitals --- 
 Alpha          0.8048E-13  0.9371E-12  0.4628E-11  0.2525E-12
virtual         0.4176E-11  0.8896E-12  0.1180E-10  0.7256E-14  0.1013E-11
                0.7912E-10  0.1467E-12  0.1199E-10  0.2104E-13  0.5031E-13
                0.7963E-12  0.5938E-10  0.3686E-11  0.5204E-12  0.2293E-10
                0.7150E-14  0.3910E-12  0.3588E-11
 
   SCF   Iteration =           15
   Final Energy    =   -20.6865420770969     
 
 
  CHISQ    =   0.0010789136
 
  Poisson It,Dist =           44  9.728999603035636E-005
  HFEX  =   -1.97574051945797     
 
  Number of OEP Cycles    =  447
  Total OEP Energy (a.u.) =    -16.8814445
  Delta E          (a.u.) =      0.0000026
  Norm of delta Veff =   1.045102400512064E-005
 
 Initializing start point of RANFQ
 
  18951 points have been accepted
 out of 102400 trials.
 
  ---- Orbital EigenValues ---- 
 Alpha   A1      -1.198314   -0.751853   -0.613816   -0.539993
virtual  A1 V    -0.217802   -0.144486   -0.107978   -0.105857   -0.077186
         A2 V    -0.042844   -0.075325   -0.060440   -0.059209   -0.054377
         A3 V    -0.051010   -0.005015   -0.022790   -0.010534   -0.005021
         A4 V    -0.005408   -0.011341   -0.023494
  ---- Residuals of Orbitals --- 
 Alpha          0.6823E-11  0.2683E-11  0.9592E-13  0.1300E-12
virtual         0.8861E-10  0.5534E-12  0.1340E-11  0.6265E-14  0.1355E-12
                0.4961E-12  0.1067E-12  0.1085E-10  0.7403E-14  0.3195E-12
                0.3799E-12  0.6108E-10  0.4288E-11  0.3562E-11  0.2457E-08
                0.4996E-12  0.2988E-12  0.1427E-10
 
   SCF   Iteration =            7
   Final Energy    =   -20.6863123477659     
 
 
  CHISQ    =   0.0010552467
 
  Poisson It,Dist =           38  9.822394661524149E-005
  HFEX  =   -1.97573553825793     
 
  Number of OEP Cycles    =  448
  Total OEP Energy (a.u.) =    -16.8814426
  Delta E          (a.u.) =      0.0000019
  Norm of delta Veff =   1.043000631361149E-005
 
 Initializing start point of RANFQ
 
  18920 points have been accepted
 out of 102400 trials.
 
  ---- Orbital EigenValues ---- 
 Alpha   A1      -1.198306   -0.751846   -0.613814   -0.539991
virtual  A1 V    -0.217800   -0.144485   -0.107978   -0.105857   -0.077186
         A2 V    -0.042843   -0.075325   -0.060440   -0.059209   -0.054377
         A3 V    -0.051010   -0.005015   -0.022790   -0.010534   -0.005021
         A4 V    -0.005408   -0.011341   -0.023494
  ---- Residuals of Orbitals --- 
 Alpha          0.9194E-11  0.1465E-12  0.1495E-12  0.6142E-12
virtual         0.6963E-11  0.1559E-10  0.7611E-10  0.5150E-14  0.6888E-13
                0.6924E-10  0.2361E-13  0.3553E-11  0.6530E-14  0.4932E-12
                0.1097E-11  0.1650E-09  0.3834E-11  0.4268E-12  0.9102E-10
                0.2619E-13  0.1679E-12  0.1739E-10
 
   SCF   Iteration =           11
   Final Energy    =   -20.6862107632721     
 
 
  CHISQ    =   0.0010608170
 
  Poisson It,Dist =           50  9.889866595790616E-005
  HFEX  =   -1.97572720823689     
 
  Number of OEP Cycles    =  449
  Total OEP Energy (a.u.) =    -16.8814480
  Delta E          (a.u.) =     -0.0000054
  Norm of delta Veff =   1.039506850946679E-005
 
 Initializing start point of RANFQ
 
  18886 points have been accepted
 out of 102400 trials.
 
  ---- Orbital EigenValues ---- 
 Alpha   A1      -1.198298   -0.751840   -0.613811   -0.539989
virtual  A1 V    -0.217799   -0.144484   -0.107978   -0.105857   -0.077186
         A2 V    -0.042843   -0.075325   -0.060440   -0.059209   -0.054377
         A3 V    -0.051010   -0.005015   -0.022790   -0.010534   -0.005021
         A4 V    -0.005408   -0.011341   -0.023494
  ---- Residuals of Orbitals --- 
 Alpha          0.4223E-11  0.9419E-11  0.1203E-10  0.8826E-14
virtual         0.7538E-11  0.8265E-09  0.1875E-11  0.3965E-14  0.4661E-11
                0.3537E-10  0.2397E-13  0.1557E-11  0.1156E-13  0.4099E-13
                0.2984E-13  0.1122E-08  0.1099E-09  0.6088E-12  0.7872E-11
                0.7224E-14  0.2754E-11  0.3019E-11
 
   SCF   Iteration =           11
   Final Energy    =   -20.6860641725633     
 
 
  CHISQ    =   0.0010631740
 
  Poisson It,Dist =           34  9.923159404088354E-005
  HFEX  =   -1.97571635650727     
 
  Number of OEP Cycles    =  450
  Total OEP Energy (a.u.) =    -16.8814428
  Delta E          (a.u.) =      0.0000052
  Norm of delta Veff =   1.034992329582131E-005
 
 Initializing start point of RANFQ
 
  18755 points have been accepted
 out of 102400 trials.
 
  ---- Orbital EigenValues ---- 
 Alpha   A1      -1.198290   -0.751833   -0.613808   -0.539986
virtual  A1 V    -0.217798   -0.144483   -0.107978   -0.105857   -0.077186
         A2 V    -0.042843   -0.075325   -0.060440   -0.059209   -0.054377
         A3 V    -0.051010   -0.005015   -0.022790   -0.010534   -0.005021
         A4 V    -0.005408   -0.011341   -0.023494
  ---- Residuals of Orbitals --- 
 Alpha          0.1028E-11  0.1505E-11  0.5640E-12  0.4811E-12
virtual         0.6391E-08  0.1556E-07  0.2196E-11  0.2816E-14  0.1551E-11
                0.8724E-13  0.2302E-13  0.7340E-11  0.7420E-12  0.1255E-12
                0.2216E-12  0.1601E-09  0.1071E-10  0.1583E-11  0.4478E-10
                0.9244E-12  0.9417E-13  0.1380E-09
 
   SCF   Iteration =           11
   Final Energy    =   -20.6858978327094     
 
 
  CHISQ    =   0.0010865512
 
  Poisson It,Dist =           39  9.940854973862728E-005
  HFEX  =   -1.97570605941543     
 
  Number of OEP Cycles    =  451
  Total OEP Energy (a.u.) =    -16.8814441
  Delta E          (a.u.) =     -0.0000013
  Norm of delta Veff =   1.030635990331523E-005
 
 Initializing start point of RANFQ
 
  18841 points have been accepted
 out of 102400 trials.
 
  ---- Orbital EigenValues ---- 
 Alpha   A1      -1.198282   -0.751826   -0.613806   -0.539984
virtual  A1 V    -0.217796   -0.144482   -0.107977   -0.105857   -0.077185
         A2 V    -0.042842   -0.075325   -0.060440   -0.059209   -0.054377
         A3 V    -0.051010   -0.005015   -0.022790   -0.010534   -0.005021
         A4 V    -0.005408   -0.011341   -0.023494
  ---- Residuals of Orbitals --- 
 Alpha          0.5938E-12  0.1212E-10  0.3595E-12  0.1424E-11
virtual         0.2817E-08  0.1986E-09  0.7743E-11  0.7515E-14  0.5641E-10
                0.3414E-11  0.1521E-12  0.2863E-10  0.5178E-12  0.1390E-12
                0.4049E-13  0.1572E-09  0.4814E-11  0.1454E-11  0.3834E-10
                0.7804E-12  0.1070E-09  0.3417E-11
 
   SCF   Iteration =            9
   Final Energy    =   -20.6857330283511     
 
 
  CHISQ    =   0.0010519874
 
  Poisson It,Dist =           28  9.658346135156260E-005
  HFEX  =   -1.97569927243515     
 
  Number of OEP Cycles    =  452
  Total OEP Energy (a.u.) =    -16.8814387
  Delta E          (a.u.) =      0.0000053
  Norm of delta Veff =   1.028107854565168E-005
 
 Initializing start point of RANFQ
 
  18892 points have been accepted
 out of 102400 trials.
 
  ---- Orbital EigenValues ---- 
 Alpha   A1      -1.198275   -0.751819   -0.613803   -0.539982
virtual  A1 V    -0.217795   -0.144481   -0.107977   -0.105857   -0.077185
         A2 V    -0.042842   -0.075325   -0.060440   -0.059209   -0.054377
         A3 V    -0.051010   -0.005015   -0.022790   -0.010535   -0.005021
         A4 V    -0.005408   -0.011341   -0.023494
  ---- Residuals of Orbitals --- 
 Alpha          0.1461E-11  0.3821E-12  0.2566E-13  0.1030E-11
virtual         0.1242E-10  0.7214E-10  0.1071E-10  0.1552E-13  0.3750E-10
                0.2101E-09  0.1748E-12  0.3536E-10  0.6421E-14  0.2812E-11
                0.1315E-09  0.6524E-09  0.1447E-10  0.2525E-11  0.1417E-08
                0.2631E-12  0.4897E-11  0.1413E-10
 
   SCF   Iteration =           11
   Final Energy    =   -20.6856168960904     
 
 
  CHISQ    =   0.0010597533
 
  Poisson It,Dist =           56  9.828390800447134E-005
  HFEX  =   -1.97568705036691     
 
  Number of OEP Cycles    =  453
  Total OEP Energy (a.u.) =    -16.8814448
  Delta E          (a.u.) =     -0.0000061
  Norm of delta Veff =   1.022971108794299E-005
 
 Initializing start point of RANFQ
 
  18915 points have been accepted
 out of 102400 trials.
 
  ---- Orbital EigenValues ---- 
 Alpha   A1      -1.198267   -0.751812   -0.613801   -0.539980
virtual  A1 V    -0.217794   -0.144480   -0.107977   -0.105857   -0.077185
         A2 V    -0.042842   -0.075325   -0.060440   -0.059209   -0.054377
         A3 V    -0.051010   -0.005015   -0.022790   -0.010535   -0.005021
         A4 V    -0.005408   -0.011341   -0.023494
  ---- Residuals of Orbitals --- 
 Alpha          0.6058E-12  0.9430E-11  0.5433E-12  0.1279E-12
virtual         0.1734E-10  0.1947E-10  0.1638E-11  0.3536E-14  0.1412E-12
                0.3324E-08  0.1081E-11  0.2920E-11  0.2556E-13  0.3883E-13
                0.1192E-12  0.1931E-09  0.4359E-10  0.8802E-11  0.3500E-10
                0.1037E-12  0.7754E-12  0.4460E-11
 
   SCF   Iteration =            9
   Final Energy    =   -20.6854230914537     
 
 
  CHISQ    =   0.0010703798
 
  Poisson It,Dist =           26  9.796994945384333E-005
  HFEX  =   -1.97567890270409     
 
  Number of OEP Cycles    =  454
  Total OEP Energy (a.u.) =    -16.8814394
  Delta E          (a.u.) =      0.0000054
  Norm of delta Veff =   1.019706354268589E-005
 
 Initializing start point of RANFQ
 
  18881 points have been accepted
 out of 102400 trials.
 
  ---- Orbital EigenValues ---- 
 Alpha   A1      -1.198259   -0.751805   -0.613798   -0.539978
virtual  A1 V    -0.217792   -0.144478   -0.107977   -0.105857   -0.077185
         A2 V    -0.042841   -0.075326   -0.060440   -0.059209   -0.054377
         A3 V    -0.051010   -0.005015   -0.022790   -0.010535   -0.005021
         A4 V    -0.005408   -0.011341   -0.023494
  ---- Residuals of Orbitals --- 
 Alpha          0.3785E-12  0.4558E-12  0.1507E-11  0.1114E-11
virtual         0.2264E-10  0.5160E-12  0.3155E-09  0.2611E-14  0.9929E-13
                0.4516E-09  0.3994E-11  0.1938E-09  0.1498E-11  0.7609E-13
                0.5987E-13  0.7769E-10  0.1078E-10  0.1026E-10  0.3046E-10
                0.4575E-12  0.2400E-13  0.2309E-10
 
   SCF   Iteration =           14
   Final Energy    =   -20.6852913258297     
 
 
  CHISQ    =   0.0011054057
 
  Poisson It,Dist =           40  9.984936683699352E-005
  HFEX  =   -1.97566714677316     
 
  Number of OEP Cycles    =  455
  Total OEP Energy (a.u.) =    -16.8814418
  Delta E          (a.u.) =     -0.0000024
  Norm of delta Veff =   1.015062419894233E-005
 
 Initializing start point of RANFQ
 
  18943 points have been accepted
 out of 102400 trials.
 
  ---- Orbital EigenValues ---- 
 Alpha   A1      -1.198252   -0.751799   -0.613796   -0.539976
virtual  A1 V    -0.217791   -0.144477   -0.107977   -0.105857   -0.077185
         A2 V    -0.042841   -0.075326   -0.060440   -0.059210   -0.054377
         A3 V    -0.051010   -0.005015   -0.022790   -0.010535   -0.005021
         A4 V    -0.005408   -0.011341   -0.023494
  ---- Residuals of Orbitals --- 
 Alpha          0.2981E-12  0.4390E-12  0.1725E-11  0.5900E-12
virtual         0.1043E-09  0.3290E-11  0.7396E-11  0.4331E-14  0.1741E-10
                0.4746E-09  0.3730E-11  0.2204E-10  0.3107E-14  0.2029E-12
                0.2754E-11  0.1334E-08  0.5328E-11  0.2615E-10  0.1303E-09
                0.4631E-13  0.7750E-11  0.2908E-10
 
   SCF   Iteration =            9
   Final Energy    =   -20.6851101185498     
 
 
  CHISQ    =   0.0010817007
 
  Poisson It,Dist =           31  9.911147259292410E-005
  HFEX  =   -1.97565966623407     
 
  Number of OEP Cycles    =  456
  Total OEP Energy (a.u.) =    -16.8814380
  Delta E          (a.u.) =      0.0000038
  Norm of delta Veff =   1.011979621646092E-005
 
 Initializing start point of RANFQ
 
  18889 points have been accepted
 out of 102400 trials.
 
  ---- Orbital EigenValues ---- 
 Alpha   A1      -1.198244   -0.751792   -0.613793   -0.539974
virtual  A1 V    -0.217790   -0.144476   -0.107977   -0.105857   -0.077185
         A2 V    -0.042841   -0.075326   -0.060440   -0.059210   -0.054377
         A3 V    -0.051010   -0.005015   -0.022790   -0.010535   -0.005021
         A4 V    -0.005408   -0.011341   -0.023494
  ---- Residuals of Orbitals --- 
 Alpha          0.9499E-13  0.3296E-16  0.1740E-14  0.8080E-15
virtual         0.5896E-11  0.1091E-09  0.4326E-09  0.1334E-13  0.1069E-10
                0.4584E-09  0.7673E-12  0.7875E-13  0.5769E-13  0.4304E-11
                0.1365E-11  0.1865E-09  0.7523E-11  0.7983E-10  0.1011E-09
                0.3317E-12  0.3795E-12  0.6537E-11
 
   SCF   Iteration =           11
   Final Energy    =   -20.6849846514654     
 
 
  CHISQ    =   0.0010577097
 
  Poisson It,Dist =           34  9.971522034180005E-005
  HFEX  =   -1.97565024711733     
 
  Number of OEP Cycles    =  457
  Total OEP Energy (a.u.) =    -16.8814418
  Delta E          (a.u.) =     -0.0000038
  Norm of delta Veff =   1.007892841772393E-005
 
 Initializing start point of RANFQ
 
  18869 points have been accepted
 out of 102400 trials.
 
  ---- Orbital EigenValues ---- 
 Alpha   A1      -1.198237   -0.751785   -0.613791   -0.539972
virtual  A1 V    -0.217788   -0.144475   -0.107977   -0.105857   -0.077184
         A2 V    -0.042841   -0.075326   -0.060440   -0.059210   -0.054377
         A3 V    -0.051010   -0.005015   -0.022790   -0.010535   -0.005021
         A4 V    -0.005408   -0.011341   -0.023494
  ---- Residuals of Orbitals --- 
 Alpha          0.3321E-11  0.2375E-15  0.3951E-12  0.3397E-15
virtual         0.3710E-10  0.4791E-11  0.7665E-11  0.5197E-12  0.9884E-12
                0.4124E-09  0.1554E-11  0.1190E-10  0.5974E-14  0.3719E-12
                0.7795E-11  0.5473E-10  0.1608E-09  0.4351E-11  0.1053E-10
                0.2903E-12  0.7045E-11  0.1482E-09
 
   SCF   Iteration =            9
   Final Energy    =   -20.6848285431583     
 
 
  CHISQ    =   0.0010823059
 
  Poisson It,Dist =           44  9.967155486251028E-005
  HFEX  =   -1.97564171961519     
 
  Number of OEP Cycles    =  458
  Total OEP Energy (a.u.) =    -16.8814436
  Delta E          (a.u.) =     -0.0000017
  Norm of delta Veff =   1.004388796149007E-005
 
 Initializing start point of RANFQ
 
  18821 points have been accepted
 out of 102400 trials.
 
  ---- Orbital EigenValues ---- 
 Alpha   A1      -1.198229   -0.751779   -0.613789   -0.539970
virtual  A1 V    -0.217787   -0.144474   -0.107977   -0.105856   -0.077184
         A2 V    -0.042840   -0.075326   -0.060440   -0.059210   -0.054377
         A3 V    -0.051010   -0.005015   -0.022789   -0.010535   -0.005021
         A4 V    -0.005408   -0.011341   -0.023494
  ---- Residuals of Orbitals --- 
 Alpha          0.6050E-11  0.1949E-12  0.2617E-12  0.3443E-15
virtual         0.8336E-10  0.5264E-10  0.1588E-11  0.1544E-12  0.3941E-12
                0.7802E-09  0.1030E-12  0.9223E-11  0.5357E-12  0.3549E-13
                0.2173E-11  0.8747E-10  0.1299E-10  0.9763E-12  0.2402E-10
                0.3182E-12  0.6917E-12  0.1108E-10
 
   SCF   Iteration =            9
   Final Energy    =   -20.6846865191942     
 
 
  CHISQ    =   0.0010715048
 
  Poisson It,Dist =           23  9.954087433853743E-005
  HFEX  =   -1.97563230624311     
 
  Number of OEP Cycles    =  459
  Total OEP Energy (a.u.) =    -16.8814332
  Delta E          (a.u.) =      0.0000104
  Norm of delta Veff =   1.000813732719196E-005
 
 Initializing start point of RANFQ
 
  18762 points have been accepted
 out of 102400 trials.
 
  ---- Orbital EigenValues ---- 
 Alpha   A1      -1.198222   -0.751772   -0.613786   -0.539968
virtual  A1 V    -0.217786   -0.144473   -0.107977   -0.105856   -0.077184
         A2 V    -0.042840   -0.075326   -0.060440   -0.059210   -0.054377
         A3 V    -0.051010   -0.005015   -0.022789   -0.010535   -0.005021
         A4 V    -0.005408   -0.011341   -0.023494
  ---- Residuals of Orbitals --- 
 Alpha          0.2982E-12  0.5772E-11  0.5217E-11  0.3112E-15
virtual         0.2591E-10  0.2932E-11  0.2166E-10  0.2589E-13  0.1929E-10
                0.2025E-11  0.1424E-12  0.3407E-11  0.3921E-14  0.2985E-11
                0.2664E-11  0.4772E-10  0.3605E-10  0.9303E-12  0.5841E-10
                0.1749E-11  0.5150E-13  0.2059E-09
 
   SCF   Iteration =           10
   Final Energy    =   -20.6845457568491     
 
 
  CHISQ    =   0.0011040837
 
  Poisson It,Dist =           52  9.972012703385964E-005
  HFEX  =   -1.97562355725304     
 
  Number of OEP Cycles    =  460
  Total OEP Energy (a.u.) =    -16.8814430
  Delta E          (a.u.) =     -0.0000098
  Norm of delta Veff =   9.969684498001229E-006
  ---- SCF for OEP Converged! ----
 
  -------- Dipole Moment [Debye] ---------
 
  Dipole (X)   =   6.643864956134696E-004
  Dipole (Y)   =   2.384332245911514E-004
  Dipole (Z)   =   -2.07088756061240     
  Total Dipole =    2.07088768091343     
 
 
 Optimization of Fractional Charges
 ----- Fractional Charges -----
 
   ATOM   1 :  -0.7401687213
   ATOM   2 :   0.3704921052
   ATOM   3 :   0.3696766161
 
   CHISQ    =   0.0011040176
 
 ------------------------------
 REDDNS: SUM =    8.00000000000002     
 
